example_id,category,n_choices,question_char_len,source_index,dataset_revision,correct_label
mmlu_pro:test:70,business,9,175,0,b189ec765aa7ed75c8acfea42df31fdae71f97be,I
mmlu_pro:test:71,business,10,191,1,b189ec765aa7ed75c8acfea42df31fdae71f97be,F
mmlu_pro:test:72,business,10,316,2,b189ec765aa7ed75c8acfea42df31fdae71f97be,J
mmlu_pro:test:73,business,10,104,3,b189ec765aa7ed75c8acfea42df31fdae71f97be,C
mmlu_pro:test:74,business,10,277,4,b189ec765aa7ed75c8acfea42df31fdae71f97be,G
mmlu_pro:test:75,business,10,106,5,b189ec765aa7ed75c8acfea42df31fdae71f97be,A
mmlu_pro:test:76,business,10,118,6,b189ec765aa7ed75c8acfea42df31fdae71f97be,D
mmlu_pro:test:77,business,10,127,7,b189ec765aa7ed75c8acfea42df31fdae71f97be,J
mmlu_pro:test:78,business,10,103,8,b189ec765aa7ed75c8acfea42df31fdae71f97be,E
mmlu_pro:test:80,business,10,168,10,b189ec765aa7ed75c8acfea42df31fdae71f97be,E
mmlu_pro:test:82,business,10,73,12,b189ec765aa7ed75c8acfea42df31fdae71f97be,J
mmlu_pro:test:83,business,10,99,13,b189ec765aa7ed75c8acfea42df31fdae71f97be,D
mmlu_pro:test:84,business,10,121,14,b189ec765aa7ed75c8acfea42df31fdae71f97be,F
mmlu_pro:test:85,business,10,56,15,b189ec765aa7ed75c8acfea42df31fdae71f97be,J
mmlu_pro:test:86,business,10,436,16,b189ec765aa7ed75c8acfea42df31fdae71f97be,F
mmlu_pro:test:87,business,10,255,17,b189ec765aa7ed75c8acfea42df31fdae71f97be,A
mmlu_pro:test:88,business,10,446,18,b189ec765aa7ed75c8acfea42df31fdae71f97be,B
mmlu_pro:test:89,business,10,283,19,b189ec765aa7ed75c8acfea42df31fdae71f97be,D
mmlu_pro:test:90,business,10,164,20,b189ec765aa7ed75c8acfea42df31fdae71f97be,J
mmlu_pro:test:91,business,10,305,21,b189ec765aa7ed75c8acfea42df31fdae71f97be,I
mmlu_pro:test:92,business,10,206,22,b189ec765aa7ed75c8acfea42df31fdae71f97be,E
mmlu_pro:test:93,business,10,245,23,b189ec765aa7ed75c8acfea42df31fdae71f97be,H
mmlu_pro:test:94,business,10,276,24,b189ec765aa7ed75c8acfea42df31fdae71f97be,J
mmlu_pro:test:95,business,10,167,25,b189ec765aa7ed75c8acfea42df31fdae71f97be,J
mmlu_pro:test:96,business,10,377,26,b189ec765aa7ed75c8acfea42df31fdae71f97be,H
mmlu_pro:test:97,business,10,102,27,b189ec765aa7ed75c8acfea42df31fdae71f97be,F
mmlu_pro:test:98,business,10,211,28,b189ec765aa7ed75c8acfea42df31fdae71f97be,H
mmlu_pro:test:99,business,10,129,29,b189ec765aa7ed75c8acfea42df31fdae71f97be,C
mmlu_pro:test:100,business,10,151,30,b189ec765aa7ed75c8acfea42df31fdae71f97be,E
mmlu_pro:test:101,business,10,180,31,b189ec765aa7ed75c8acfea42df31fdae71f97be,H
mmlu_pro:test:102,business,10,576,32,b189ec765aa7ed75c8acfea42df31fdae71f97be,J
mmlu_pro:test:103,business,10,228,33,b189ec765aa7ed75c8acfea42df31fdae71f97be,I
mmlu_pro:test:104,business,10,203,34,b189ec765aa7ed75c8acfea42df31fdae71f97be,I
mmlu_pro:test:105,business,10,382,35,b189ec765aa7ed75c8acfea42df31fdae71f97be,I
mmlu_pro:test:106,business,10,214,36,b189ec765aa7ed75c8acfea42df31fdae71f97be,H
mmlu_pro:test:107,business,10,146,37,b189ec765aa7ed75c8acfea42df31fdae71f97be,A
mmlu_pro:test:108,business,10,243,38,b189ec765aa7ed75c8acfea42df31fdae71f97be,H
mmlu_pro:test:109,business,10,420,39,b189ec765aa7ed75c8acfea42df31fdae71f97be,J
mmlu_pro:test:110,business,10,103,40,b189ec765aa7ed75c8acfea42df31fdae71f97be,G
mmlu_pro:test:111,business,10,309,41,b189ec765aa7ed75c8acfea42df31fdae71f97be,A
mmlu_pro:test:112,business,10,117,42,b189ec765aa7ed75c8acfea42df31fdae71f97be,G
mmlu_pro:test:113,business,10,832,43,b189ec765aa7ed75c8acfea42df31fdae71f97be,A
mmlu_pro:test:114,business,10,203,44,b189ec765aa7ed75c8acfea42df31fdae71f97be,B
mmlu_pro:test:116,business,10,208,46,b189ec765aa7ed75c8acfea42df31fdae71f97be,J
mmlu_pro:test:117,business,10,121,47,b189ec765aa7ed75c8acfea42df31fdae71f97be,I
mmlu_pro:test:118,business,10,422,48,b189ec765aa7ed75c8acfea42df31fdae71f97be,G
mmlu_pro:test:119,business,10,145,49,b189ec765aa7ed75c8acfea42df31fdae71f97be,F
mmlu_pro:test:120,business,10,195,50,b189ec765aa7ed75c8acfea42df31fdae71f97be,H
mmlu_pro:test:121,business,10,390,51,b189ec765aa7ed75c8acfea42df31fdae71f97be,F
mmlu_pro:test:122,business,10,239,52,b189ec765aa7ed75c8acfea42df31fdae71f97be,F
mmlu_pro:test:123,business,10,219,53,b189ec765aa7ed75c8acfea42df31fdae71f97be,A
mmlu_pro:test:124,business,10,298,54,b189ec765aa7ed75c8acfea42df31fdae71f97be,A
mmlu_pro:test:125,business,10,421,55,b189ec765aa7ed75c8acfea42df31fdae71f97be,B
mmlu_pro:test:126,business,10,366,56,b189ec765aa7ed75c8acfea42df31fdae71f97be,D
mmlu_pro:test:127,business,10,89,57,b189ec765aa7ed75c8acfea42df31fdae71f97be,D
mmlu_pro:test:128,business,10,139,58,b189ec765aa7ed75c8acfea42df31fdae71f97be,J
mmlu_pro:test:131,business,10,79,60,b189ec765aa7ed75c8acfea42df31fdae71f97be,D
mmlu_pro:test:132,business,10,71,61,b189ec765aa7ed75c8acfea42df31fdae71f97be,H
mmlu_pro:test:133,business,10,50,62,b189ec765aa7ed75c8acfea42df31fdae71f97be,J
mmlu_pro:test:134,business,7,72,63,b189ec765aa7ed75c8acfea42df31fdae71f97be,E
mmlu_pro:test:135,business,10,542,64,b189ec765aa7ed75c8acfea42df31fdae71f97be,I
mmlu_pro:test:137,business,10,242,66,b189ec765aa7ed75c8acfea42df31fdae71f97be,F
mmlu_pro:test:138,business,10,154,67,b189ec765aa7ed75c8acfea42df31fdae71f97be,E
mmlu_pro:test:139,business,10,121,68,b189ec765aa7ed75c8acfea42df31fdae71f97be,I
mmlu_pro:test:140,business,10,422,69,b189ec765aa7ed75c8acfea42df31fdae71f97be,D
mmlu_pro:test:141,business,10,266,70,b189ec765aa7ed75c8acfea42df31fdae71f97be,B
mmlu_pro:test:142,business,10,112,71,b189ec765aa7ed75c8acfea42df31fdae71f97be,I
mmlu_pro:test:143,business,10,29,72,b189ec765aa7ed75c8acfea42df31fdae71f97be,I
mmlu_pro:test:144,business,10,160,73,b189ec765aa7ed75c8acfea42df31fdae71f97be,C
mmlu_pro:test:145,business,10,224,74,b189ec765aa7ed75c8acfea42df31fdae71f97be,E
mmlu_pro:test:146,business,10,172,75,b189ec765aa7ed75c8acfea42df31fdae71f97be,H
mmlu_pro:test:147,business,10,142,76,b189ec765aa7ed75c8acfea42df31fdae71f97be,E
mmlu_pro:test:148,business,10,177,77,b189ec765aa7ed75c8acfea42df31fdae71f97be,D
mmlu_pro:test:149,business,10,151,78,b189ec765aa7ed75c8acfea42df31fdae71f97be,I
mmlu_pro:test:150,business,10,26,79,b189ec765aa7ed75c8acfea42df31fdae71f97be,J
mmlu_pro:test:151,business,10,248,80,b189ec765aa7ed75c8acfea42df31fdae71f97be,E
mmlu_pro:test:152,business,10,160,81,b189ec765aa7ed75c8acfea42df31fdae71f97be,E
mmlu_pro:test:153,business,10,241,82,b189ec765aa7ed75c8acfea42df31fdae71f97be,I
mmlu_pro:test:154,business,10,135,83,b189ec765aa7ed75c8acfea42df31fdae71f97be,B
mmlu_pro:test:155,business,10,342,84,b189ec765aa7ed75c8acfea42df31fdae71f97be,D
mmlu_pro:test:156,business,10,183,85,b189ec765aa7ed75c8acfea42df31fdae71f97be,G
mmlu_pro:test:157,business,10,291,86,b189ec765aa7ed75c8acfea42df31fdae71f97be,A
mmlu_pro:test:158,business,10,111,87,b189ec765aa7ed75c8acfea42df31fdae71f97be,E
mmlu_pro:test:159,business,10,233,88,b189ec765aa7ed75c8acfea42df31fdae71f97be,I
mmlu_pro:test:160,business,10,168,89,b189ec765aa7ed75c8acfea42df31fdae71f97be,J
mmlu_pro:test:161,business,10,104,90,b189ec765aa7ed75c8acfea42df31fdae71f97be,C
mmlu_pro:test:163,business,10,227,92,b189ec765aa7ed75c8acfea42df31fdae71f97be,C
mmlu_pro:test:164,business,10,414,93,b189ec765aa7ed75c8acfea42df31fdae71f97be,B
mmlu_pro:test:165,business,10,183,94,b189ec765aa7ed75c8acfea42df31fdae71f97be,D
mmlu_pro:test:166,business,10,411,95,b189ec765aa7ed75c8acfea42df31fdae71f97be,B
mmlu_pro:test:167,business,10,161,96,b189ec765aa7ed75c8acfea42df31fdae71f97be,C
mmlu_pro:test:168,business,10,116,97,b189ec765aa7ed75c8acfea42df31fdae71f97be,D
mmlu_pro:test:169,business,10,727,98,b189ec765aa7ed75c8acfea42df31fdae71f97be,G
mmlu_pro:test:170,business,10,333,99,b189ec765aa7ed75c8acfea42df31fdae71f97be,E
mmlu_pro:test:171,business,10,94,100,b189ec765aa7ed75c8acfea42df31fdae71f97be,E
mmlu_pro:test:172,business,10,164,101,b189ec765aa7ed75c8acfea42df31fdae71f97be,I
mmlu_pro:test:173,business,10,209,102,b189ec765aa7ed75c8acfea42df31fdae71f97be,G
mmlu_pro:test:174,business,10,240,103,b189ec765aa7ed75c8acfea42df31fdae71f97be,F
mmlu_pro:test:175,business,10,326,104,b189ec765aa7ed75c8acfea42df31fdae71f97be,J
mmlu_pro:test:176,business,10,125,105,b189ec765aa7ed75c8acfea42df31fdae71f97be,B
mmlu_pro:test:177,business,10,150,106,b189ec765aa7ed75c8acfea42df31fdae71f97be,D
mmlu_pro:test:179,business,10,258,108,b189ec765aa7ed75c8acfea42df31fdae71f97be,H
mmlu_pro:test:180,business,10,258,109,b189ec765aa7ed75c8acfea42df31fdae71f97be,E
mmlu_pro:test:181,business,10,199,110,b189ec765aa7ed75c8acfea42df31fdae71f97be,G
mmlu_pro:test:182,business,10,293,111,b189ec765aa7ed75c8acfea42df31fdae71f97be,A
mmlu_pro:test:183,business,10,206,112,b189ec765aa7ed75c8acfea42df31fdae71f97be,A
mmlu_pro:test:184,business,10,241,113,b189ec765aa7ed75c8acfea42df31fdae71f97be,H
mmlu_pro:test:185,business,10,209,114,b189ec765aa7ed75c8acfea42df31fdae71f97be,B
mmlu_pro:test:187,business,10,580,116,b189ec765aa7ed75c8acfea42df31fdae71f97be,I
mmlu_pro:test:188,business,10,400,117,b189ec765aa7ed75c8acfea42df31fdae71f97be,I
mmlu_pro:test:189,business,10,91,118,b189ec765aa7ed75c8acfea42df31fdae71f97be,C
mmlu_pro:test:190,business,10,99,119,b189ec765aa7ed75c8acfea42df31fdae71f97be,H
mmlu_pro:test:191,business,10,205,120,b189ec765aa7ed75c8acfea42df31fdae71f97be,D
mmlu_pro:test:192,business,10,292,121,b189ec765aa7ed75c8acfea42df31fdae71f97be,F
mmlu_pro:test:193,business,6,114,122,b189ec765aa7ed75c8acfea42df31fdae71f97be,F
mmlu_pro:test:194,business,10,133,123,b189ec765aa7ed75c8acfea42df31fdae71f97be,J
mmlu_pro:test:195,business,8,156,124,b189ec765aa7ed75c8acfea42df31fdae71f97be,G
mmlu_pro:test:196,business,8,156,125,b189ec765aa7ed75c8acfea42df31fdae71f97be,E
mmlu_pro:test:197,business,10,49,126,b189ec765aa7ed75c8acfea42df31fdae71f97be,H
mmlu_pro:test:198,business,8,111,127,b189ec765aa7ed75c8acfea42df31fdae71f97be,H
mmlu_pro:test:199,business,10,148,128,b189ec765aa7ed75c8acfea42df31fdae71f97be,J
mmlu_pro:test:200,business,10,93,129,b189ec765aa7ed75c8acfea42df31fdae71f97be,I
mmlu_pro:test:201,business,10,19,130,b189ec765aa7ed75c8acfea42df31fdae71f97be,J
mmlu_pro:test:202,business,7,86,131,b189ec765aa7ed75c8acfea42df31fdae71f97be,B
mmlu_pro:test:203,business,7,101,132,b189ec765aa7ed75c8acfea42df31fdae71f97be,A
mmlu_pro:test:204,business,10,464,133,b189ec765aa7ed75c8acfea42df31fdae71f97be,G
mmlu_pro:test:205,business,10,131,134,b189ec765aa7ed75c8acfea42df31fdae71f97be,F
mmlu_pro:test:206,business,10,551,135,b189ec765aa7ed75c8acfea42df31fdae71f97be,J
mmlu_pro:test:207,business,10,303,136,b189ec765aa7ed75c8acfea42df31fdae71f97be,A
mmlu_pro:test:208,business,10,373,137,b189ec765aa7ed75c8acfea42df31fdae71f97be,C
mmlu_pro:test:209,business,10,192,138,b189ec765aa7ed75c8acfea42df31fdae71f97be,F
mmlu_pro:test:210,business,10,670,139,b189ec765aa7ed75c8acfea42df31fdae71f97be,J
mmlu_pro:test:211,business,10,297,140,b189ec765aa7ed75c8acfea42df31fdae71f97be,B
mmlu_pro:test:212,business,10,503,141,b189ec765aa7ed75c8acfea42df31fdae71f97be,J
mmlu_pro:test:213,business,10,167,142,b189ec765aa7ed75c8acfea42df31fdae71f97be,H
mmlu_pro:test:214,business,10,231,143,b189ec765aa7ed75c8acfea42df31fdae71f97be,C
mmlu_pro:test:215,business,10,278,144,b189ec765aa7ed75c8acfea42df31fdae71f97be,A
mmlu_pro:test:216,business,10,124,145,b189ec765aa7ed75c8acfea42df31fdae71f97be,J
mmlu_pro:test:217,business,10,208,146,b189ec765aa7ed75c8acfea42df31fdae71f97be,E
mmlu_pro:test:218,business,10,443,147,b189ec765aa7ed75c8acfea42df31fdae71f97be,J
mmlu_pro:test:219,business,10,101,148,b189ec765aa7ed75c8acfea42df31fdae71f97be,I
mmlu_pro:test:220,business,10,306,149,b189ec765aa7ed75c8acfea42df31fdae71f97be,A
mmlu_pro:test:221,business,10,162,150,b189ec765aa7ed75c8acfea42df31fdae71f97be,H
mmlu_pro:test:222,business,10,275,151,b189ec765aa7ed75c8acfea42df31fdae71f97be,H
mmlu_pro:test:223,business,10,203,152,b189ec765aa7ed75c8acfea42df31fdae71f97be,H
mmlu_pro:test:224,business,10,154,153,b189ec765aa7ed75c8acfea42df31fdae71f97be,J
mmlu_pro:test:225,business,10,237,154,b189ec765aa7ed75c8acfea42df31fdae71f97be,H
mmlu_pro:test:226,business,10,244,155,b189ec765aa7ed75c8acfea42df31fdae71f97be,H
mmlu_pro:test:227,business,10,149,156,b189ec765aa7ed75c8acfea42df31fdae71f97be,A
mmlu_pro:test:228,business,10,253,157,b189ec765aa7ed75c8acfea42df31fdae71f97be,B
mmlu_pro:test:229,business,10,221,158,b189ec765aa7ed75c8acfea42df31fdae71f97be,F
mmlu_pro:test:230,business,10,182,159,b189ec765aa7ed75c8acfea42df31fdae71f97be,F
mmlu_pro:test:231,business,10,164,160,b189ec765aa7ed75c8acfea42df31fdae71f97be,J
mmlu_pro:test:232,business,10,593,161,b189ec765aa7ed75c8acfea42df31fdae71f97be,E
mmlu_pro:test:233,business,10,259,162,b189ec765aa7ed75c8acfea42df31fdae71f97be,A
mmlu_pro:test:234,business,10,115,163,b189ec765aa7ed75c8acfea42df31fdae71f97be,J
mmlu_pro:test:235,business,10,149,164,b189ec765aa7ed75c8acfea42df31fdae71f97be,A
mmlu_pro:test:237,business,10,629,165,b189ec765aa7ed75c8acfea42df31fdae71f97be,F
mmlu_pro:test:238,business,10,213,166,b189ec765aa7ed75c8acfea42df31fdae71f97be,E
mmlu_pro:test:239,business,10,174,167,b189ec765aa7ed75c8acfea42df31fdae71f97be,J
mmlu_pro:test:240,business,10,106,168,b189ec765aa7ed75c8acfea42df31fdae71f97be,E
mmlu_pro:test:241,business,10,171,169,b189ec765aa7ed75c8acfea42df31fdae71f97be,F
mmlu_pro:test:242,business,10,564,170,b189ec765aa7ed75c8acfea42df31fdae71f97be,H
mmlu_pro:test:243,business,10,168,171,b189ec765aa7ed75c8acfea42df31fdae71f97be,A
mmlu_pro:test:244,business,10,423,172,b189ec765aa7ed75c8acfea42df31fdae71f97be,D
mmlu_pro:test:245,business,10,648,173,b189ec765aa7ed75c8acfea42df31fdae71f97be,E
mmlu_pro:test:246,business,10,335,174,b189ec765aa7ed75c8acfea42df31fdae71f97be,C
mmlu_pro:test:247,business,10,335,175,b189ec765aa7ed75c8acfea42df31fdae71f97be,F
mmlu_pro:test:248,business,10,141,176,b189ec765aa7ed75c8acfea42df31fdae71f97be,I
mmlu_pro:test:249,business,10,146,177,b189ec765aa7ed75c8acfea42df31fdae71f97be,H
mmlu_pro:test:250,business,10,85,178,b189ec765aa7ed75c8acfea42df31fdae71f97be,B
mmlu_pro:test:251,business,10,212,179,b189ec765aa7ed75c8acfea42df31fdae71f97be,E
mmlu_pro:test:252,business,10,209,180,b189ec765aa7ed75c8acfea42df31fdae71f97be,G
mmlu_pro:test:254,business,10,92,182,b189ec765aa7ed75c8acfea42df31fdae71f97be,E
mmlu_pro:test:255,business,10,275,183,b189ec765aa7ed75c8acfea42df31fdae71f97be,A
mmlu_pro:test:256,business,10,359,184,b189ec765aa7ed75c8acfea42df31fdae71f97be,A
mmlu_pro:test:257,business,10,116,185,b189ec765aa7ed75c8acfea42df31fdae71f97be,B
mmlu_pro:test:258,business,9,118,186,b189ec765aa7ed75c8acfea42df31fdae71f97be,G
mmlu_pro:test:259,business,10,323,187,b189ec765aa7ed75c8acfea42df31fdae71f97be,C
mmlu_pro:test:260,business,10,135,188,b189ec765aa7ed75c8acfea42df31fdae71f97be,E
mmlu_pro:test:262,business,10,74,190,b189ec765aa7ed75c8acfea42df31fdae71f97be,G
mmlu_pro:test:263,business,10,88,191,b189ec765aa7ed75c8acfea42df31fdae71f97be,D
mmlu_pro:test:264,business,10,128,192,b189ec765aa7ed75c8acfea42df31fdae71f97be,G
mmlu_pro:test:265,business,10,175,193,b189ec765aa7ed75c8acfea42df31fdae71f97be,G
mmlu_pro:test:266,business,10,63,194,b189ec765aa7ed75c8acfea42df31fdae71f97be,D
mmlu_pro:test:267,business,10,77,195,b189ec765aa7ed75c8acfea42df31fdae71f97be,I
mmlu_pro:test:268,business,10,53,196,b189ec765aa7ed75c8acfea42df31fdae71f97be,C
mmlu_pro:test:269,business,10,69,197,b189ec765aa7ed75c8acfea42df31fdae71f97be,F
mmlu_pro:test:270,business,10,524,198,b189ec765aa7ed75c8acfea42df31fdae71f97be,E
mmlu_pro:test:271,business,10,351,199,b189ec765aa7ed75c8acfea42df31fdae71f97be,C
mmlu_pro:test:272,business,10,429,200,b189ec765aa7ed75c8acfea42df31fdae71f97be,E
mmlu_pro:test:273,business,10,219,201,b189ec765aa7ed75c8acfea42df31fdae71f97be,A
mmlu_pro:test:274,business,10,119,202,b189ec765aa7ed75c8acfea42df31fdae71f97be,E
mmlu_pro:test:275,business,10,100,203,b189ec765aa7ed75c8acfea42df31fdae71f97be,C
mmlu_pro:test:276,business,10,125,204,b189ec765aa7ed75c8acfea42df31fdae71f97be,C
mmlu_pro:test:277,business,10,251,205,b189ec765aa7ed75c8acfea42df31fdae71f97be,D
mmlu_pro:test:278,business,10,115,206,b189ec765aa7ed75c8acfea42df31fdae71f97be,I
mmlu_pro:test:279,business,10,251,207,b189ec765aa7ed75c8acfea42df31fdae71f97be,G
mmlu_pro:test:280,business,10,234,208,b189ec765aa7ed75c8acfea42df31fdae71f97be,F
mmlu_pro:test:281,business,10,290,209,b189ec765aa7ed75c8acfea42df31fdae71f97be,J
mmlu_pro:test:282,business,10,258,210,b189ec765aa7ed75c8acfea42df31fdae71f97be,E
mmlu_pro:test:283,business,10,131,211,b189ec765aa7ed75c8acfea42df31fdae71f97be,F
mmlu_pro:test:284,business,10,120,212,b189ec765aa7ed75c8acfea42df31fdae71f97be,B
mmlu_pro:test:285,business,10,104,213,b189ec765aa7ed75c8acfea42df31fdae71f97be,I
mmlu_pro:test:286,business,10,370,214,b189ec765aa7ed75c8acfea42df31fdae71f97be,B
mmlu_pro:test:287,business,10,107,215,b189ec765aa7ed75c8acfea42df31fdae71f97be,G
mmlu_pro:test:288,business,10,628,216,b189ec765aa7ed75c8acfea42df31fdae71f97be,A
mmlu_pro:test:289,business,10,156,217,b189ec765aa7ed75c8acfea42df31fdae71f97be,J
mmlu_pro:test:290,business,10,207,218,b189ec765aa7ed75c8acfea42df31fdae71f97be,D
mmlu_pro:test:291,business,10,146,219,b189ec765aa7ed75c8acfea42df31fdae71f97be,C
mmlu_pro:test:292,business,10,207,220,b189ec765aa7ed75c8acfea42df31fdae71f97be,A
mmlu_pro:test:293,business,10,693,221,b189ec765aa7ed75c8acfea42df31fdae71f97be,D
mmlu_pro:test:294,business,10,341,222,b189ec765aa7ed75c8acfea42df31fdae71f97be,B
mmlu_pro:test:295,business,10,134,223,b189ec765aa7ed75c8acfea42df31fdae71f97be,A
mmlu_pro:test:296,business,10,137,224,b189ec765aa7ed75c8acfea42df31fdae71f97be,G
mmlu_pro:test:297,business,10,138,225,b189ec765aa7ed75c8acfea42df31fdae71f97be,E
mmlu_pro:test:298,business,10,325,226,b189ec765aa7ed75c8acfea42df31fdae71f97be,A
mmlu_pro:test:299,business,10,182,227,b189ec765aa7ed75c8acfea42df31fdae71f97be,J
mmlu_pro:test:300,business,10,75,228,b189ec765aa7ed75c8acfea42df31fdae71f97be,H
mmlu_pro:test:301,business,10,324,229,b189ec765aa7ed75c8acfea42df31fdae71f97be,C
mmlu_pro:test:302,business,10,136,230,b189ec765aa7ed75c8acfea42df31fdae71f97be,H
mmlu_pro:test:303,business,10,188,231,b189ec765aa7ed75c8acfea42df31fdae71f97be,J
mmlu_pro:test:304,business,10,207,232,b189ec765aa7ed75c8acfea42df31fdae71f97be,G
mmlu_pro:test:305,business,10,192,233,b189ec765aa7ed75c8acfea42df31fdae71f97be,E
mmlu_pro:test:306,business,10,124,234,b189ec765aa7ed75c8acfea42df31fdae71f97be,B
mmlu_pro:test:307,business,10,266,235,b189ec765aa7ed75c8acfea42df31fdae71f97be,I
mmlu_pro:test:308,business,10,329,236,b189ec765aa7ed75c8acfea42df31fdae71f97be,C
mmlu_pro:test:309,business,10,130,237,b189ec765aa7ed75c8acfea42df31fdae71f97be,G
mmlu_pro:test:310,business,10,196,238,b189ec765aa7ed75c8acfea42df31fdae71f97be,C
mmlu_pro:test:311,business,10,128,239,b189ec765aa7ed75c8acfea42df31fdae71f97be,C
mmlu_pro:test:312,business,10,99,240,b189ec765aa7ed75c8acfea42df31fdae71f97be,D
mmlu_pro:test:313,business,10,145,241,b189ec765aa7ed75c8acfea42df31fdae71f97be,D
mmlu_pro:test:314,business,10,294,242,b189ec765aa7ed75c8acfea42df31fdae71f97be,J
mmlu_pro:test:315,business,9,104,243,b189ec765aa7ed75c8acfea42df31fdae71f97be,F
mmlu_pro:test:317,business,10,172,245,b189ec765aa7ed75c8acfea42df31fdae71f97be,G
mmlu_pro:test:318,business,9,317,246,b189ec765aa7ed75c8acfea42df31fdae71f97be,G
mmlu_pro:test:319,business,10,242,247,b189ec765aa7ed75c8acfea42df31fdae71f97be,C
mmlu_pro:test:320,business,10,157,248,b189ec765aa7ed75c8acfea42df31fdae71f97be,E
mmlu_pro:test:321,business,10,275,249,b189ec765aa7ed75c8acfea42df31fdae71f97be,A
mmlu_pro:test:322,business,10,389,250,b189ec765aa7ed75c8acfea42df31fdae71f97be,F
mmlu_pro:test:323,business,10,108,251,b189ec765aa7ed75c8acfea42df31fdae71f97be,B
mmlu_pro:test:324,business,10,209,252,b189ec765aa7ed75c8acfea42df31fdae71f97be,F
mmlu_pro:test:325,business,10,212,253,b189ec765aa7ed75c8acfea42df31fdae71f97be,I
mmlu_pro:test:326,business,10,568,254,b189ec765aa7ed75c8acfea42df31fdae71f97be,G
mmlu_pro:test:327,business,10,162,255,b189ec765aa7ed75c8acfea42df31fdae71f97be,I
mmlu_pro:test:328,business,10,165,256,b189ec765aa7ed75c8acfea42df31fdae71f97be,E
mmlu_pro:test:329,business,10,296,257,b189ec765aa7ed75c8acfea42df31fdae71f97be,D
mmlu_pro:test:330,business,10,222,258,b189ec765aa7ed75c8acfea42df31fdae71f97be,H
mmlu_pro:test:331,business,10,224,259,b189ec765aa7ed75c8acfea42df31fdae71f97be,G
mmlu_pro:test:332,business,10,226,260,b189ec765aa7ed75c8acfea42df31fdae71f97be,H
mmlu_pro:test:333,business,10,199,261,b189ec765aa7ed75c8acfea42df31fdae71f97be,B
mmlu_pro:test:334,business,10,156,262,b189ec765aa7ed75c8acfea42df31fdae71f97be,F
mmlu_pro:test:335,business,10,209,263,b189ec765aa7ed75c8acfea42df31fdae71f97be,I
mmlu_pro:test:336,business,10,105,264,b189ec765aa7ed75c8acfea42df31fdae71f97be,D
mmlu_pro:test:337,business,10,134,265,b189ec765aa7ed75c8acfea42df31fdae71f97be,G
mmlu_pro:test:338,business,10,176,266,b189ec765aa7ed75c8acfea42df31fdae71f97be,E
mmlu_pro:test:339,business,10,314,267,b189ec765aa7ed75c8acfea42df31fdae71f97be,E
mmlu_pro:test:340,business,10,263,268,b189ec765aa7ed75c8acfea42df31fdae71f97be,F
mmlu_pro:test:341,business,10,171,269,b189ec765aa7ed75c8acfea42df31fdae71f97be,D
mmlu_pro:test:342,business,10,132,270,b189ec765aa7ed75c8acfea42df31fdae71f97be,H
mmlu_pro:test:343,business,10,141,271,b189ec765aa7ed75c8acfea42df31fdae71f97be,J
mmlu_pro:test:344,business,10,322,272,b189ec765aa7ed75c8acfea42df31fdae71f97be,I
mmlu_pro:test:345,business,10,303,273,b189ec765aa7ed75c8acfea42df31fdae71f97be,H
mmlu_pro:test:346,business,10,326,274,b189ec765aa7ed75c8acfea42df31fdae71f97be,A
mmlu_pro:test:347,business,10,177,275,b189ec765aa7ed75c8acfea42df31fdae71f97be,F
mmlu_pro:test:348,business,10,266,276,b189ec765aa7ed75c8acfea42df31fdae71f97be,F
mmlu_pro:test:349,business,10,86,277,b189ec765aa7ed75c8acfea42df31fdae71f97be,A
mmlu_pro:test:350,business,10,129,278,b189ec765aa7ed75c8acfea42df31fdae71f97be,B
mmlu_pro:test:351,business,10,200,279,b189ec765aa7ed75c8acfea42df31fdae71f97be,H
mmlu_pro:test:352,business,10,486,280,b189ec765aa7ed75c8acfea42df31fdae71f97be,E
mmlu_pro:test:353,business,10,482,281,b189ec765aa7ed75c8acfea42df31fdae71f97be,B
mmlu_pro:test:354,business,10,61,282,b189ec765aa7ed75c8acfea42df31fdae71f97be,F
mmlu_pro:test:355,business,10,191,283,b189ec765aa7ed75c8acfea42df31fdae71f97be,B
mmlu_pro:test:356,business,10,437,284,b189ec765aa7ed75c8acfea42df31fdae71f97be,J
mmlu_pro:test:357,business,10,529,285,b189ec765aa7ed75c8acfea42df31fdae71f97be,H
mmlu_pro:test:358,business,10,191,286,b189ec765aa7ed75c8acfea42df31fdae71f97be,F
mmlu_pro:test:359,business,10,195,287,b189ec765aa7ed75c8acfea42df31fdae71f97be,I
mmlu_pro:test:360,business,10,191,288,b189ec765aa7ed75c8acfea42df31fdae71f97be,J
mmlu_pro:test:361,business,10,143,289,b189ec765aa7ed75c8acfea42df31fdae71f97be,I
mmlu_pro:test:362,business,10,97,290,b189ec765aa7ed75c8acfea42df31fdae71f97be,G
mmlu_pro:test:363,business,10,71,291,b189ec765aa7ed75c8acfea42df31fdae71f97be,C
mmlu_pro:test:364,business,10,32,292,b189ec765aa7ed75c8acfea42df31fdae71f97be,G
mmlu_pro:test:366,business,6,87,294,b189ec765aa7ed75c8acfea42df31fdae71f97be,D
mmlu_pro:test:368,business,10,325,295,b189ec765aa7ed75c8acfea42df31fdae71f97be,I
mmlu_pro:test:369,business,10,267,296,b189ec765aa7ed75c8acfea42df31fdae71f97be,C
mmlu_pro:test:370,business,10,406,297,b189ec765aa7ed75c8acfea42df31fdae71f97be,H
mmlu_pro:test:371,business,10,354,298,b189ec765aa7ed75c8acfea42df31fdae71f97be,I
mmlu_pro:test:372,business,10,163,299,b189ec765aa7ed75c8acfea42df31fdae71f97be,B
mmlu_pro:test:373,business,10,250,300,b189ec765aa7ed75c8acfea42df31fdae71f97be,D
mmlu_pro:test:374,business,10,95,301,b189ec765aa7ed75c8acfea42df31fdae71f97be,G
mmlu_pro:test:375,business,10,104,302,b189ec765aa7ed75c8acfea42df31fdae71f97be,B
mmlu_pro:test:376,business,10,323,303,b189ec765aa7ed75c8acfea42df31fdae71f97be,G
mmlu_pro:test:377,business,10,147,304,b189ec765aa7ed75c8acfea42df31fdae71f97be,E
mmlu_pro:test:378,business,10,125,305,b189ec765aa7ed75c8acfea42df31fdae71f97be,I
mmlu_pro:test:379,business,10,317,306,b189ec765aa7ed75c8acfea42df31fdae71f97be,H
mmlu_pro:test:380,business,10,233,307,b189ec765aa7ed75c8acfea42df31fdae71f97be,E
mmlu_pro:test:381,business,10,232,308,b189ec765aa7ed75c8acfea42df31fdae71f97be,I
mmlu_pro:test:382,business,10,419,309,b189ec765aa7ed75c8acfea42df31fdae71f97be,A
mmlu_pro:test:383,business,10,151,310,b189ec765aa7ed75c8acfea42df31fdae71f97be,A
mmlu_pro:test:384,business,10,497,311,b189ec765aa7ed75c8acfea42df31fdae71f97be,A
mmlu_pro:test:385,business,10,352,312,b189ec765aa7ed75c8acfea42df31fdae71f97be,F
mmlu_pro:test:386,business,10,278,313,b189ec765aa7ed75c8acfea42df31fdae71f97be,B
mmlu_pro:test:387,business,10,172,314,b189ec765aa7ed75c8acfea42df31fdae71f97be,I
mmlu_pro:test:388,business,10,139,315,b189ec765aa7ed75c8acfea42df31fdae71f97be,D
mmlu_pro:test:389,business,10,184,316,b189ec765aa7ed75c8acfea42df31fdae71f97be,G
mmlu_pro:test:390,business,10,183,317,b189ec765aa7ed75c8acfea42df31fdae71f97be,J
mmlu_pro:test:392,business,10,236,319,b189ec765aa7ed75c8acfea42df31fdae71f97be,A
mmlu_pro:test:394,business,10,219,321,b189ec765aa7ed75c8acfea42df31fdae71f97be,D
mmlu_pro:test:395,business,10,125,322,b189ec765aa7ed75c8acfea42df31fdae71f97be,J
mmlu_pro:test:396,business,10,192,323,b189ec765aa7ed75c8acfea42df31fdae71f97be,J
mmlu_pro:test:397,business,10,149,324,b189ec765aa7ed75c8acfea42df31fdae71f97be,J
mmlu_pro:test:398,business,10,272,325,b189ec765aa7ed75c8acfea42df31fdae71f97be,H
mmlu_pro:test:399,business,10,267,326,b189ec765aa7ed75c8acfea42df31fdae71f97be,A
mmlu_pro:test:400,business,10,100,327,b189ec765aa7ed75c8acfea42df31fdae71f97be,B
mmlu_pro:test:401,business,10,76,328,b189ec765aa7ed75c8acfea42df31fdae71f97be,I
mmlu_pro:test:402,business,10,465,329,b189ec765aa7ed75c8acfea42df31fdae71f97be,A
mmlu_pro:test:403,business,10,278,330,b189ec765aa7ed75c8acfea42df31fdae71f97be,J
mmlu_pro:test:404,business,10,219,331,b189ec765aa7ed75c8acfea42df31fdae71f97be,E
mmlu_pro:test:405,business,10,238,332,b189ec765aa7ed75c8acfea42df31fdae71f97be,J
mmlu_pro:test:406,business,10,328,333,b189ec765aa7ed75c8acfea42df31fdae71f97be,A
mmlu_pro:test:407,business,10,347,334,b189ec765aa7ed75c8acfea42df31fdae71f97be,E
mmlu_pro:test:408,business,10,207,335,b189ec765aa7ed75c8acfea42df31fdae71f97be,E
mmlu_pro:test:409,business,10,564,336,b189ec765aa7ed75c8acfea42df31fdae71f97be,E
mmlu_pro:test:410,business,10,255,337,b189ec765aa7ed75c8acfea42df31fdae71f97be,D
mmlu_pro:test:411,business,10,903,338,b189ec765aa7ed75c8acfea42df31fdae71f97be,B
mmlu_pro:test:412,business,10,124,339,b189ec765aa7ed75c8acfea42df31fdae71f97be,A
mmlu_pro:test:414,business,10,174,341,b189ec765aa7ed75c8acfea42df31fdae71f97be,F
mmlu_pro:test:415,business,10,271,342,b189ec765aa7ed75c8acfea42df31fdae71f97be,A
mmlu_pro:test:416,business,10,122,343,b189ec765aa7ed75c8acfea42df31fdae71f97be,F
mmlu_pro:test:417,business,10,318,344,b189ec765aa7ed75c8acfea42df31fdae71f97be,F
mmlu_pro:test:418,business,10,406,345,b189ec765aa7ed75c8acfea42df31fdae71f97be,E
mmlu_pro:test:419,business,10,153,346,b189ec765aa7ed75c8acfea42df31fdae71f97be,G
mmlu_pro:test:420,business,10,402,347,b189ec765aa7ed75c8acfea42df31fdae71f97be,E
mmlu_pro:test:421,business,10,272,348,b189ec765aa7ed75c8acfea42df31fdae71f97be,I
mmlu_pro:test:422,business,10,195,349,b189ec765aa7ed75c8acfea42df31fdae71f97be,G
mmlu_pro:test:423,business,10,343,350,b189ec765aa7ed75c8acfea42df31fdae71f97be,E
mmlu_pro:test:424,business,10,217,351,b189ec765aa7ed75c8acfea42df31fdae71f97be,C
mmlu_pro:test:425,business,10,61,352,b189ec765aa7ed75c8acfea42df31fdae71f97be,I
mmlu_pro:test:426,business,10,97,353,b189ec765aa7ed75c8acfea42df31fdae71f97be,I
mmlu_pro:test:428,business,10,235,354,b189ec765aa7ed75c8acfea42df31fdae71f97be,B
mmlu_pro:test:430,business,10,304,356,b189ec765aa7ed75c8acfea42df31fdae71f97be,H
mmlu_pro:test:431,business,4,197,357,b189ec765aa7ed75c8acfea42df31fdae71f97be,C
mmlu_pro:test:432,business,4,359,358,b189ec765aa7ed75c8acfea42df31fdae71f97be,C
mmlu_pro:test:433,business,10,148,359,b189ec765aa7ed75c8acfea42df31fdae71f97be,J
mmlu_pro:test:434,business,10,70,360,b189ec765aa7ed75c8acfea42df31fdae71f97be,G
mmlu_pro:test:435,business,10,145,361,b189ec765aa7ed75c8acfea42df31fdae71f97be,I
mmlu_pro:test:436,business,10,167,362,b189ec765aa7ed75c8acfea42df31fdae71f97be,B
mmlu_pro:test:437,business,7,19,363,b189ec765aa7ed75c8acfea42df31fdae71f97be,C
mmlu_pro:test:438,business,4,137,364,b189ec765aa7ed75c8acfea42df31fdae71f97be,D
mmlu_pro:test:439,business,10,157,365,b189ec765aa7ed75c8acfea42df31fdae71f97be,C
mmlu_pro:test:440,business,10,215,366,b189ec765aa7ed75c8acfea42df31fdae71f97be,D
mmlu_pro:test:441,business,10,112,367,b189ec765aa7ed75c8acfea42df31fdae71f97be,A
mmlu_pro:test:442,business,10,62,368,b189ec765aa7ed75c8acfea42df31fdae71f97be,C
mmlu_pro:test:443,business,10,95,369,b189ec765aa7ed75c8acfea42df31fdae71f97be,F
mmlu_pro:test:444,business,10,234,370,b189ec765aa7ed75c8acfea42df31fdae71f97be,I
mmlu_pro:test:445,business,10,404,371,b189ec765aa7ed75c8acfea42df31fdae71f97be,A
mmlu_pro:test:446,business,10,150,372,b189ec765aa7ed75c8acfea42df31fdae71f97be,G
mmlu_pro:test:447,business,10,101,373,b189ec765aa7ed75c8acfea42df31fdae71f97be,H
mmlu_pro:test:449,business,10,248,375,b189ec765aa7ed75c8acfea42df31fdae71f97be,D
mmlu_pro:test:450,business,10,247,376,b189ec765aa7ed75c8acfea42df31fdae71f97be,H
mmlu_pro:test:451,business,10,135,377,b189ec765aa7ed75c8acfea42df31fdae71f97be,C
mmlu_pro:test:452,business,10,93,378,b189ec765aa7ed75c8acfea42df31fdae71f97be,B
mmlu_pro:test:453,business,10,217,379,b189ec765aa7ed75c8acfea42df31fdae71f97be,B
mmlu_pro:test:454,business,10,257,380,b189ec765aa7ed75c8acfea42df31fdae71f97be,A
mmlu_pro:test:455,business,10,104,381,b189ec765aa7ed75c8acfea42df31fdae71f97be,G
mmlu_pro:test:456,business,10,308,382,b189ec765aa7ed75c8acfea42df31fdae71f97be,E
mmlu_pro:test:457,business,10,150,383,b189ec765aa7ed75c8acfea42df31fdae71f97be,E
mmlu_pro:test:458,business,10,854,384,b189ec765aa7ed75c8acfea42df31fdae71f97be,I
mmlu_pro:test:459,business,10,27,385,b189ec765aa7ed75c8acfea42df31fdae71f97be,F
mmlu_pro:test:460,business,10,154,386,b189ec765aa7ed75c8acfea42df31fdae71f97be,I
mmlu_pro:test:461,business,10,141,387,b189ec765aa7ed75c8acfea42df31fdae71f97be,F
mmlu_pro:test:463,business,10,349,389,b189ec765aa7ed75c8acfea42df31fdae71f97be,I
mmlu_pro:test:464,business,10,181,390,b189ec765aa7ed75c8acfea42df31fdae71f97be,E
mmlu_pro:test:466,business,10,121,392,b189ec765aa7ed75c8acfea42df31fdae71f97be,C
mmlu_pro:test:467,business,10,418,393,b189ec765aa7ed75c8acfea42df31fdae71f97be,D
mmlu_pro:test:468,business,10,224,394,b189ec765aa7ed75c8acfea42df31fdae71f97be,C
mmlu_pro:test:469,business,10,223,395,b189ec765aa7ed75c8acfea42df31fdae71f97be,H
mmlu_pro:test:470,business,10,206,396,b189ec765aa7ed75c8acfea42df31fdae71f97be,B
mmlu_pro:test:472,business,10,175,398,b189ec765aa7ed75c8acfea42df31fdae71f97be,I
mmlu_pro:test:473,business,10,210,399,b189ec765aa7ed75c8acfea42df31fdae71f97be,D
mmlu_pro:test:474,business,10,126,400,b189ec765aa7ed75c8acfea42df31fdae71f97be,A
mmlu_pro:test:475,business,10,131,401,b189ec765aa7ed75c8acfea42df31fdae71f97be,G
mmlu_pro:test:476,business,10,534,402,b189ec765aa7ed75c8acfea42df31fdae71f97be,H
mmlu_pro:test:477,business,10,137,403,b189ec765aa7ed75c8acfea42df31fdae71f97be,H
mmlu_pro:test:478,business,10,651,404,b189ec765aa7ed75c8acfea42df31fdae71f97be,A
mmlu_pro:test:479,business,10,250,405,b189ec765aa7ed75c8acfea42df31fdae71f97be,B
mmlu_pro:test:480,business,10,176,406,b189ec765aa7ed75c8acfea42df31fdae71f97be,E
mmlu_pro:test:481,business,10,102,407,b189ec765aa7ed75c8acfea42df31fdae71f97be,F
mmlu_pro:test:482,business,10,319,408,b189ec765aa7ed75c8acfea42df31fdae71f97be,C
mmlu_pro:test:483,business,10,135,409,b189ec765aa7ed75c8acfea42df31fdae71f97be,D
mmlu_pro:test:484,business,10,189,410,b189ec765aa7ed75c8acfea42df31fdae71f97be,C
mmlu_pro:test:485,business,10,369,411,b189ec765aa7ed75c8acfea42df31fdae71f97be,E
mmlu_pro:test:486,business,10,174,412,b189ec765aa7ed75c8acfea42df31fdae71f97be,E
mmlu_pro:test:487,business,10,399,413,b189ec765aa7ed75c8acfea42df31fdae71f97be,H
mmlu_pro:test:488,business,10,508,414,b189ec765aa7ed75c8acfea42df31fdae71f97be,D
mmlu_pro:test:489,business,10,186,415,b189ec765aa7ed75c8acfea42df31fdae71f97be,C
mmlu_pro:test:490,business,10,233,416,b189ec765aa7ed75c8acfea42df31fdae71f97be,H
mmlu_pro:test:491,business,10,259,417,b189ec765aa7ed75c8acfea42df31fdae71f97be,B
mmlu_pro:test:493,business,10,168,419,b189ec765aa7ed75c8acfea42df31fdae71f97be,C
mmlu_pro:test:495,business,10,139,421,b189ec765aa7ed75c8acfea42df31fdae71f97be,B
mmlu_pro:test:496,business,10,238,422,b189ec765aa7ed75c8acfea42df31fdae71f97be,A
mmlu_pro:test:497,business,10,171,423,b189ec765aa7ed75c8acfea42df31fdae71f97be,C
mmlu_pro:test:498,business,10,58,424,b189ec765aa7ed75c8acfea42df31fdae71f97be,J
mmlu_pro:test:499,business,10,179,425,b189ec765aa7ed75c8acfea42df31fdae71f97be,F
mmlu_pro:test:500,business,10,148,426,b189ec765aa7ed75c8acfea42df31fdae71f97be,C
mmlu_pro:test:501,business,10,157,427,b189ec765aa7ed75c8acfea42df31fdae71f97be,E
mmlu_pro:test:502,business,10,149,428,b189ec765aa7ed75c8acfea42df31fdae71f97be,C
mmlu_pro:test:503,business,10,242,429,b189ec765aa7ed75c8acfea42df31fdae71f97be,C
mmlu_pro:test:504,business,9,250,430,b189ec765aa7ed75c8acfea42df31fdae71f97be,G
mmlu_pro:test:505,business,10,196,431,b189ec765aa7ed75c8acfea42df31fdae71f97be,D
mmlu_pro:test:506,business,10,25,432,b189ec765aa7ed75c8acfea42df31fdae71f97be,I
mmlu_pro:test:507,business,10,439,433,b189ec765aa7ed75c8acfea42df31fdae71f97be,F
mmlu_pro:test:508,business,10,118,434,b189ec765aa7ed75c8acfea42df31fdae71f97be,A
mmlu_pro:test:509,business,10,389,435,b189ec765aa7ed75c8acfea42df31fdae71f97be,E
mmlu_pro:test:510,business,10,183,436,b189ec765aa7ed75c8acfea42df31fdae71f97be,J
mmlu_pro:test:511,business,10,127,437,b189ec765aa7ed75c8acfea42df31fdae71f97be,E
mmlu_pro:test:512,business,10,277,438,b189ec765aa7ed75c8acfea42df31fdae71f97be,B
mmlu_pro:test:513,business,10,265,439,b189ec765aa7ed75c8acfea42df31fdae71f97be,H
mmlu_pro:test:514,business,10,250,440,b189ec765aa7ed75c8acfea42df31fdae71f97be,B
mmlu_pro:test:515,business,10,312,441,b189ec765aa7ed75c8acfea42df31fdae71f97be,E
mmlu_pro:test:516,business,10,106,442,b189ec765aa7ed75c8acfea42df31fdae71f97be,B
mmlu_pro:test:517,business,10,159,443,b189ec765aa7ed75c8acfea42df31fdae71f97be,J
mmlu_pro:test:518,business,10,269,444,b189ec765aa7ed75c8acfea42df31fdae71f97be,C
mmlu_pro:test:519,business,10,262,445,b189ec765aa7ed75c8acfea42df31fdae71f97be,G
mmlu_pro:test:520,business,10,187,446,b189ec765aa7ed75c8acfea42df31fdae71f97be,J
mmlu_pro:test:522,business,10,334,448,b189ec765aa7ed75c8acfea42df31fdae71f97be,I
mmlu_pro:test:523,business,10,123,449,b189ec765aa7ed75c8acfea42df31fdae71f97be,G
mmlu_pro:test:524,business,10,210,450,b189ec765aa7ed75c8acfea42df31fdae71f97be,D
mmlu_pro:test:525,business,10,340,451,b189ec765aa7ed75c8acfea42df31fdae71f97be,H
mmlu_pro:test:526,business,10,354,452,b189ec765aa7ed75c8acfea42df31fdae71f97be,D
mmlu_pro:test:527,business,10,48,453,b189ec765aa7ed75c8acfea42df31fdae71f97be,A
mmlu_pro:test:528,business,10,72,454,b189ec765aa7ed75c8acfea42df31fdae71f97be,J
mmlu_pro:test:530,business,10,196,456,b189ec765aa7ed75c8acfea42df31fdae71f97be,G
mmlu_pro:test:531,business,10,79,457,b189ec765aa7ed75c8acfea42df31fdae71f97be,B
mmlu_pro:test:532,business,10,61,458,b189ec765aa7ed75c8acfea42df31fdae71f97be,J
mmlu_pro:test:533,business,10,308,459,b189ec765aa7ed75c8acfea42df31fdae71f97be,I
mmlu_pro:test:534,business,10,161,460,b189ec765aa7ed75c8acfea42df31fdae71f97be,I
mmlu_pro:test:535,business,10,162,461,b189ec765aa7ed75c8acfea42df31fdae71f97be,H
mmlu_pro:test:536,business,10,202,462,b189ec765aa7ed75c8acfea42df31fdae71f97be,A
mmlu_pro:test:538,business,10,173,463,b189ec765aa7ed75c8acfea42df31fdae71f97be,I
mmlu_pro:test:539,business,10,344,464,b189ec765aa7ed75c8acfea42df31fdae71f97be,B
mmlu_pro:test:540,business,10,489,465,b189ec765aa7ed75c8acfea42df31fdae71f97be,F
mmlu_pro:test:541,business,10,257,466,b189ec765aa7ed75c8acfea42df31fdae71f97be,A
mmlu_pro:test:542,business,10,338,467,b189ec765aa7ed75c8acfea42df31fdae71f97be,J
mmlu_pro:test:543,business,10,196,468,b189ec765aa7ed75c8acfea42df31fdae71f97be,E
mmlu_pro:test:544,business,10,171,469,b189ec765aa7ed75c8acfea42df31fdae71f97be,G
mmlu_pro:test:545,business,10,254,470,b189ec765aa7ed75c8acfea42df31fdae71f97be,I
mmlu_pro:test:546,business,10,322,471,b189ec765aa7ed75c8acfea42df31fdae71f97be,A
mmlu_pro:test:547,business,10,377,472,b189ec765aa7ed75c8acfea42df31fdae71f97be,G
mmlu_pro:test:548,business,10,189,473,b189ec765aa7ed75c8acfea42df31fdae71f97be,G
mmlu_pro:test:549,business,10,366,474,b189ec765aa7ed75c8acfea42df31fdae71f97be,G
mmlu_pro:test:550,business,10,275,475,b189ec765aa7ed75c8acfea42df31fdae71f97be,H
mmlu_pro:test:551,business,10,241,476,b189ec765aa7ed75c8acfea42df31fdae71f97be,G
mmlu_pro:test:552,business,10,276,477,b189ec765aa7ed75c8acfea42df31fdae71f97be,J
mmlu_pro:test:553,business,10,265,478,b189ec765aa7ed75c8acfea42df31fdae71f97be,H
mmlu_pro:test:554,business,10,297,479,b189ec765aa7ed75c8acfea42df31fdae71f97be,A
mmlu_pro:test:555,business,10,139,480,b189ec765aa7ed75c8acfea42df31fdae71f97be,J
mmlu_pro:test:556,business,10,486,481,b189ec765aa7ed75c8acfea42df31fdae71f97be,G
mmlu_pro:test:557,business,10,517,482,b189ec765aa7ed75c8acfea42df31fdae71f97be,B
mmlu_pro:test:558,business,10,253,483,b189ec765aa7ed75c8acfea42df31fdae71f97be,B
mmlu_pro:test:559,business,10,109,484,b189ec765aa7ed75c8acfea42df31fdae71f97be,C
mmlu_pro:test:560,business,10,883,485,b189ec765aa7ed75c8acfea42df31fdae71f97be,E
mmlu_pro:test:561,business,10,262,486,b189ec765aa7ed75c8acfea42df31fdae71f97be,H
mmlu_pro:test:562,business,10,115,487,b189ec765aa7ed75c8acfea42df31fdae71f97be,G
mmlu_pro:test:563,business,10,172,488,b189ec765aa7ed75c8acfea42df31fdae71f97be,D
mmlu_pro:test:564,business,4,228,489,b189ec765aa7ed75c8acfea42df31fdae71f97be,A
mmlu_pro:test:565,business,10,259,490,b189ec765aa7ed75c8acfea42df31fdae71f97be,J
mmlu_pro:test:566,business,10,207,491,b189ec765aa7ed75c8acfea42df31fdae71f97be,I
mmlu_pro:test:567,business,10,149,492,b189ec765aa7ed75c8acfea42df31fdae71f97be,J
mmlu_pro:test:568,business,10,166,493,b189ec765aa7ed75c8acfea42df31fdae71f97be,C
mmlu_pro:test:569,business,10,166,494,b189ec765aa7ed75c8acfea42df31fdae71f97be,A
mmlu_pro:test:570,business,10,64,495,b189ec765aa7ed75c8acfea42df31fdae71f97be,G
mmlu_pro:test:571,business,10,181,496,b189ec765aa7ed75c8acfea42df31fdae71f97be,D
mmlu_pro:test:572,business,10,166,497,b189ec765aa7ed75c8acfea42df31fdae71f97be,G
mmlu_pro:test:573,business,10,100,498,b189ec765aa7ed75c8acfea42df31fdae71f97be,I
mmlu_pro:test:574,business,10,150,499,b189ec765aa7ed75c8acfea42df31fdae71f97be,G
mmlu_pro:test:575,business,10,87,500,b189ec765aa7ed75c8acfea42df31fdae71f97be,A
mmlu_pro:test:576,business,10,320,501,b189ec765aa7ed75c8acfea42df31fdae71f97be,H
mmlu_pro:test:577,business,10,312,502,b189ec765aa7ed75c8acfea42df31fdae71f97be,G
mmlu_pro:test:578,business,10,363,503,b189ec765aa7ed75c8acfea42df31fdae71f97be,D
mmlu_pro:test:579,business,10,586,504,b189ec765aa7ed75c8acfea42df31fdae71f97be,C
mmlu_pro:test:580,business,10,249,505,b189ec765aa7ed75c8acfea42df31fdae71f97be,H
mmlu_pro:test:581,business,10,307,506,b189ec765aa7ed75c8acfea42df31fdae71f97be,A
mmlu_pro:test:582,business,10,282,507,b189ec765aa7ed75c8acfea42df31fdae71f97be,G
mmlu_pro:test:583,business,10,325,508,b189ec765aa7ed75c8acfea42df31fdae71f97be,I
mmlu_pro:test:584,business,10,154,509,b189ec765aa7ed75c8acfea42df31fdae71f97be,D
mmlu_pro:test:585,business,10,311,510,b189ec765aa7ed75c8acfea42df31fdae71f97be,F
mmlu_pro:test:586,business,10,334,511,b189ec765aa7ed75c8acfea42df31fdae71f97be,F
mmlu_pro:test:587,business,10,108,512,b189ec765aa7ed75c8acfea42df31fdae71f97be,H
mmlu_pro:test:588,business,10,27,513,b189ec765aa7ed75c8acfea42df31fdae71f97be,D
mmlu_pro:test:589,business,10,134,514,b189ec765aa7ed75c8acfea42df31fdae71f97be,F
mmlu_pro:test:590,business,10,177,515,b189ec765aa7ed75c8acfea42df31fdae71f97be,I
mmlu_pro:test:591,business,10,254,516,b189ec765aa7ed75c8acfea42df31fdae71f97be,G
mmlu_pro:test:592,business,10,152,517,b189ec765aa7ed75c8acfea42df31fdae71f97be,G
mmlu_pro:test:593,business,10,75,518,b189ec765aa7ed75c8acfea42df31fdae71f97be,C
mmlu_pro:test:594,business,10,117,519,b189ec765aa7ed75c8acfea42df31fdae71f97be,E
mmlu_pro:test:596,business,10,328,521,b189ec765aa7ed75c8acfea42df31fdae71f97be,F
mmlu_pro:test:597,business,10,221,522,b189ec765aa7ed75c8acfea42df31fdae71f97be,J
mmlu_pro:test:598,business,10,497,523,b189ec765aa7ed75c8acfea42df31fdae71f97be,D
mmlu_pro:test:599,business,10,167,524,b189ec765aa7ed75c8acfea42df31fdae71f97be,F
mmlu_pro:test:600,business,10,271,525,b189ec765aa7ed75c8acfea42df31fdae71f97be,F
mmlu_pro:test:601,business,10,254,526,b189ec765aa7ed75c8acfea42df31fdae71f97be,E
mmlu_pro:test:602,business,10,113,527,b189ec765aa7ed75c8acfea42df31fdae71f97be,A
mmlu_pro:test:603,business,10,141,528,b189ec765aa7ed75c8acfea42df31fdae71f97be,D
mmlu_pro:test:604,business,10,159,529,b189ec765aa7ed75c8acfea42df31fdae71f97be,D
mmlu_pro:test:605,business,10,244,530,b189ec765aa7ed75c8acfea42df31fdae71f97be,B
mmlu_pro:test:606,business,10,338,531,b189ec765aa7ed75c8acfea42df31fdae71f97be,H
mmlu_pro:test:607,business,10,175,532,b189ec765aa7ed75c8acfea42df31fdae71f97be,H
mmlu_pro:test:608,business,10,85,533,b189ec765aa7ed75c8acfea42df31fdae71f97be,E
mmlu_pro:test:609,business,10,195,534,b189ec765aa7ed75c8acfea42df31fdae71f97be,D
mmlu_pro:test:610,business,10,75,535,b189ec765aa7ed75c8acfea42df31fdae71f97be,G
mmlu_pro:test:611,business,10,277,536,b189ec765aa7ed75c8acfea42df31fdae71f97be,G
mmlu_pro:test:612,business,10,121,537,b189ec765aa7ed75c8acfea42df31fdae71f97be,G
mmlu_pro:test:613,business,10,184,538,b189ec765aa7ed75c8acfea42df31fdae71f97be,H
mmlu_pro:test:614,business,4,99,539,b189ec765aa7ed75c8acfea42df31fdae71f97be,B
mmlu_pro:test:615,business,10,506,540,b189ec765aa7ed75c8acfea42df31fdae71f97be,B
mmlu_pro:test:616,business,10,244,541,b189ec765aa7ed75c8acfea42df31fdae71f97be,C
mmlu_pro:test:617,business,10,201,542,b189ec765aa7ed75c8acfea42df31fdae71f97be,C
mmlu_pro:test:618,business,10,208,543,b189ec765aa7ed75c8acfea42df31fdae71f97be,F
mmlu_pro:test:619,business,10,110,544,b189ec765aa7ed75c8acfea42df31fdae71f97be,I
mmlu_pro:test:620,business,10,224,545,b189ec765aa7ed75c8acfea42df31fdae71f97be,H
mmlu_pro:test:621,business,10,173,546,b189ec765aa7ed75c8acfea42df31fdae71f97be,G
mmlu_pro:test:622,business,10,159,547,b189ec765aa7ed75c8acfea42df31fdae71f97be,D
mmlu_pro:test:624,business,10,141,549,b189ec765aa7ed75c8acfea42df31fdae71f97be,I
mmlu_pro:test:625,business,9,173,550,b189ec765aa7ed75c8acfea42df31fdae71f97be,C
mmlu_pro:test:626,business,10,229,551,b189ec765aa7ed75c8acfea42df31fdae71f97be,G
mmlu_pro:test:627,business,9,36,552,b189ec765aa7ed75c8acfea42df31fdae71f97be,H
mmlu_pro:test:628,business,10,149,553,b189ec765aa7ed75c8acfea42df31fdae71f97be,B
mmlu_pro:test:629,business,10,205,554,b189ec765aa7ed75c8acfea42df31fdae71f97be,I
mmlu_pro:test:630,business,10,90,555,b189ec765aa7ed75c8acfea42df31fdae71f97be,F
mmlu_pro:test:631,business,10,103,556,b189ec765aa7ed75c8acfea42df31fdae71f97be,E
mmlu_pro:test:632,business,8,53,557,b189ec765aa7ed75c8acfea42df31fdae71f97be,H
mmlu_pro:test:633,business,10,49,558,b189ec765aa7ed75c8acfea42df31fdae71f97be,I
mmlu_pro:test:635,business,10,100,559,b189ec765aa7ed75c8acfea42df31fdae71f97be,F
mmlu_pro:test:636,business,10,263,560,b189ec765aa7ed75c8acfea42df31fdae71f97be,E
mmlu_pro:test:637,business,10,101,561,b189ec765aa7ed75c8acfea42df31fdae71f97be,G
mmlu_pro:test:638,business,10,226,562,b189ec765aa7ed75c8acfea42df31fdae71f97be,G
mmlu_pro:test:639,business,10,54,563,b189ec765aa7ed75c8acfea42df31fdae71f97be,B
mmlu_pro:test:640,business,10,213,564,b189ec765aa7ed75c8acfea42df31fdae71f97be,G
mmlu_pro:test:641,business,10,206,565,b189ec765aa7ed75c8acfea42df31fdae71f97be,B
mmlu_pro:test:642,business,10,234,566,b189ec765aa7ed75c8acfea42df31fdae71f97be,C
mmlu_pro:test:643,business,10,311,567,b189ec765aa7ed75c8acfea42df31fdae71f97be,F
mmlu_pro:test:644,business,10,80,568,b189ec765aa7ed75c8acfea42df31fdae71f97be,F
mmlu_pro:test:645,business,10,306,569,b189ec765aa7ed75c8acfea42df31fdae71f97be,D
mmlu_pro:test:646,business,10,239,570,b189ec765aa7ed75c8acfea42df31fdae71f97be,B
mmlu_pro:test:647,business,10,241,571,b189ec765aa7ed75c8acfea42df31fdae71f97be,B
mmlu_pro:test:648,business,10,178,572,b189ec765aa7ed75c8acfea42df31fdae71f97be,I
mmlu_pro:test:649,business,10,249,573,b189ec765aa7ed75c8acfea42df31fdae71f97be,D
mmlu_pro:test:650,business,10,413,574,b189ec765aa7ed75c8acfea42df31fdae71f97be,B
mmlu_pro:test:651,business,10,187,575,b189ec765aa7ed75c8acfea42df31fdae71f97be,I
mmlu_pro:test:653,business,10,323,577,b189ec765aa7ed75c8acfea42df31fdae71f97be,E
mmlu_pro:test:654,business,10,137,578,b189ec765aa7ed75c8acfea42df31fdae71f97be,A
mmlu_pro:test:656,business,10,188,580,b189ec765aa7ed75c8acfea42df31fdae71f97be,H
mmlu_pro:test:657,business,10,121,581,b189ec765aa7ed75c8acfea42df31fdae71f97be,E
mmlu_pro:test:658,business,10,91,582,b189ec765aa7ed75c8acfea42df31fdae71f97be,J
mmlu_pro:test:660,business,10,264,584,b189ec765aa7ed75c8acfea42df31fdae71f97be,D
mmlu_pro:test:661,business,10,302,585,b189ec765aa7ed75c8acfea42df31fdae71f97be,F
mmlu_pro:test:662,business,10,110,586,b189ec765aa7ed75c8acfea42df31fdae71f97be,B
mmlu_pro:test:663,business,10,214,587,b189ec765aa7ed75c8acfea42df31fdae71f97be,A
mmlu_pro:test:664,business,10,138,588,b189ec765aa7ed75c8acfea42df31fdae71f97be,D
mmlu_pro:test:665,business,10,739,589,b189ec765aa7ed75c8acfea42df31fdae71f97be,C
mmlu_pro:test:666,business,10,867,590,b189ec765aa7ed75c8acfea42df31fdae71f97be,B
mmlu_pro:test:667,business,10,79,591,b189ec765aa7ed75c8acfea42df31fdae71f97be,J
mmlu_pro:test:668,business,10,325,592,b189ec765aa7ed75c8acfea42df31fdae71f97be,A
mmlu_pro:test:669,business,10,292,593,b189ec765aa7ed75c8acfea42df31fdae71f97be,I
mmlu_pro:test:670,business,10,208,594,b189ec765aa7ed75c8acfea42df31fdae71f97be,F
mmlu_pro:test:671,business,10,452,595,b189ec765aa7ed75c8acfea42df31fdae71f97be,D
mmlu_pro:test:672,business,10,159,596,b189ec765aa7ed75c8acfea42df31fdae71f97be,D
mmlu_pro:test:673,business,10,153,597,b189ec765aa7ed75c8acfea42df31fdae71f97be,H
mmlu_pro:test:674,business,10,94,598,b189ec765aa7ed75c8acfea42df31fdae71f97be,D
mmlu_pro:test:675,business,10,61,599,b189ec765aa7ed75c8acfea42df31fdae71f97be,G
mmlu_pro:test:676,business,10,290,600,b189ec765aa7ed75c8acfea42df31fdae71f97be,A
mmlu_pro:test:677,business,10,165,601,b189ec765aa7ed75c8acfea42df31fdae71f97be,H
mmlu_pro:test:678,business,10,308,602,b189ec765aa7ed75c8acfea42df31fdae71f97be,D
mmlu_pro:test:679,business,10,217,603,b189ec765aa7ed75c8acfea42df31fdae71f97be,A
mmlu_pro:test:680,business,10,516,604,b189ec765aa7ed75c8acfea42df31fdae71f97be,I
mmlu_pro:test:681,business,10,62,605,b189ec765aa7ed75c8acfea42df31fdae71f97be,J
mmlu_pro:test:682,business,7,62,606,b189ec765aa7ed75c8acfea42df31fdae71f97be,A
mmlu_pro:test:683,business,7,133,607,b189ec765aa7ed75c8acfea42df31fdae71f97be,F
mmlu_pro:test:684,business,10,281,608,b189ec765aa7ed75c8acfea42df31fdae71f97be,D
mmlu_pro:test:685,business,10,385,609,b189ec765aa7ed75c8acfea42df31fdae71f97be,B
mmlu_pro:test:686,business,10,91,610,b189ec765aa7ed75c8acfea42df31fdae71f97be,C
mmlu_pro:test:687,business,10,113,611,b189ec765aa7ed75c8acfea42df31fdae71f97be,C
mmlu_pro:test:688,business,10,183,612,b189ec765aa7ed75c8acfea42df31fdae71f97be,C
mmlu_pro:test:689,business,10,109,613,b189ec765aa7ed75c8acfea42df31fdae71f97be,B
mmlu_pro:test:691,business,9,38,614,b189ec765aa7ed75c8acfea42df31fdae71f97be,F
mmlu_pro:test:692,business,9,83,615,b189ec765aa7ed75c8acfea42df31fdae71f97be,E
mmlu_pro:test:693,business,10,121,616,b189ec765aa7ed75c8acfea42df31fdae71f97be,H
mmlu_pro:test:694,business,10,321,617,b189ec765aa7ed75c8acfea42df31fdae71f97be,A
mmlu_pro:test:695,business,10,123,618,b189ec765aa7ed75c8acfea42df31fdae71f97be,A
mmlu_pro:test:696,business,10,314,619,b189ec765aa7ed75c8acfea42df31fdae71f97be,E
mmlu_pro:test:697,business,10,464,620,b189ec765aa7ed75c8acfea42df31fdae71f97be,I
mmlu_pro:test:698,business,10,553,621,b189ec765aa7ed75c8acfea42df31fdae71f97be,E
mmlu_pro:test:699,business,10,445,622,b189ec765aa7ed75c8acfea42df31fdae71f97be,E
mmlu_pro:test:700,business,10,428,623,b189ec765aa7ed75c8acfea42df31fdae71f97be,B
mmlu_pro:test:701,business,10,301,624,b189ec765aa7ed75c8acfea42df31fdae71f97be,J
mmlu_pro:test:702,business,10,715,625,b189ec765aa7ed75c8acfea42df31fdae71f97be,J
mmlu_pro:test:703,business,10,336,626,b189ec765aa7ed75c8acfea42df31fdae71f97be,G
mmlu_pro:test:704,business,10,397,627,b189ec765aa7ed75c8acfea42df31fdae71f97be,G
mmlu_pro:test:705,business,10,160,628,b189ec765aa7ed75c8acfea42df31fdae71f97be,F
mmlu_pro:test:706,business,10,151,629,b189ec765aa7ed75c8acfea42df31fdae71f97be,E
mmlu_pro:test:707,business,10,247,630,b189ec765aa7ed75c8acfea42df31fdae71f97be,E
mmlu_pro:test:708,business,10,169,631,b189ec765aa7ed75c8acfea42df31fdae71f97be,E
mmlu_pro:test:709,business,10,124,632,b189ec765aa7ed75c8acfea42df31fdae71f97be,J
mmlu_pro:test:710,business,10,166,633,b189ec765aa7ed75c8acfea42df31fdae71f97be,B
mmlu_pro:test:711,business,10,432,634,b189ec765aa7ed75c8acfea42df31fdae71f97be,D
mmlu_pro:test:712,business,10,140,635,b189ec765aa7ed75c8acfea42df31fdae71f97be,E
mmlu_pro:test:713,business,10,285,636,b189ec765aa7ed75c8acfea42df31fdae71f97be,F
mmlu_pro:test:714,business,10,160,637,b189ec765aa7ed75c8acfea42df31fdae71f97be,E
mmlu_pro:test:715,business,10,221,638,b189ec765aa7ed75c8acfea42df31fdae71f97be,G
mmlu_pro:test:716,business,10,100,639,b189ec765aa7ed75c8acfea42df31fdae71f97be,C
mmlu_pro:test:717,business,10,736,640,b189ec765aa7ed75c8acfea42df31fdae71f97be,H
mmlu_pro:test:718,business,10,338,641,b189ec765aa7ed75c8acfea42df31fdae71f97be,B
mmlu_pro:test:719,business,10,324,642,b189ec765aa7ed75c8acfea42df31fdae71f97be,D
mmlu_pro:test:720,business,10,123,643,b189ec765aa7ed75c8acfea42df31fdae71f97be,E
mmlu_pro:test:721,business,10,84,644,b189ec765aa7ed75c8acfea42df31fdae71f97be,F
mmlu_pro:test:722,business,10,263,645,b189ec765aa7ed75c8acfea42df31fdae71f97be,G
mmlu_pro:test:723,business,10,330,646,b189ec765aa7ed75c8acfea42df31fdae71f97be,H
mmlu_pro:test:724,business,10,164,647,b189ec765aa7ed75c8acfea42df31fdae71f97be,D
mmlu_pro:test:725,business,10,180,648,b189ec765aa7ed75c8acfea42df31fdae71f97be,H
mmlu_pro:test:726,business,10,385,649,b189ec765aa7ed75c8acfea42df31fdae71f97be,D
mmlu_pro:test:727,business,10,332,650,b189ec765aa7ed75c8acfea42df31fdae71f97be,A
mmlu_pro:test:728,business,10,286,651,b189ec765aa7ed75c8acfea42df31fdae71f97be,J
mmlu_pro:test:729,business,10,125,652,b189ec765aa7ed75c8acfea42df31fdae71f97be,H
mmlu_pro:test:730,business,10,181,653,b189ec765aa7ed75c8acfea42df31fdae71f97be,B
mmlu_pro:test:731,business,10,262,654,b189ec765aa7ed75c8acfea42df31fdae71f97be,D
mmlu_pro:test:732,business,10,141,655,b189ec765aa7ed75c8acfea42df31fdae71f97be,A
mmlu_pro:test:733,business,10,307,656,b189ec765aa7ed75c8acfea42df31fdae71f97be,G
mmlu_pro:test:734,business,10,364,657,b189ec765aa7ed75c8acfea42df31fdae71f97be,F
mmlu_pro:test:735,business,10,137,658,b189ec765aa7ed75c8acfea42df31fdae71f97be,B
mmlu_pro:test:736,business,10,205,659,b189ec765aa7ed75c8acfea42df31fdae71f97be,G
mmlu_pro:test:737,business,10,158,660,b189ec765aa7ed75c8acfea42df31fdae71f97be,F
mmlu_pro:test:738,business,10,157,661,b189ec765aa7ed75c8acfea42df31fdae71f97be,C
mmlu_pro:test:739,business,10,126,662,b189ec765aa7ed75c8acfea42df31fdae71f97be,F
mmlu_pro:test:740,business,10,269,663,b189ec765aa7ed75c8acfea42df31fdae71f97be,J
mmlu_pro:test:741,business,10,186,664,b189ec765aa7ed75c8acfea42df31fdae71f97be,D
mmlu_pro:test:742,business,10,156,665,b189ec765aa7ed75c8acfea42df31fdae71f97be,C
mmlu_pro:test:743,business,10,161,666,b189ec765aa7ed75c8acfea42df31fdae71f97be,E
mmlu_pro:test:744,business,10,311,667,b189ec765aa7ed75c8acfea42df31fdae71f97be,E
mmlu_pro:test:745,business,10,365,668,b189ec765aa7ed75c8acfea42df31fdae71f97be,A
mmlu_pro:test:746,business,10,152,669,b189ec765aa7ed75c8acfea42df31fdae71f97be,F
mmlu_pro:test:747,business,10,222,670,b189ec765aa7ed75c8acfea42df31fdae71f97be,C
mmlu_pro:test:748,business,10,470,671,b189ec765aa7ed75c8acfea42df31fdae71f97be,H
mmlu_pro:test:749,business,4,223,672,b189ec765aa7ed75c8acfea42df31fdae71f97be,D
mmlu_pro:test:752,business,10,130,675,b189ec765aa7ed75c8acfea42df31fdae71f97be,F
mmlu_pro:test:753,business,10,236,676,b189ec765aa7ed75c8acfea42df31fdae71f97be,H
mmlu_pro:test:754,business,10,106,677,b189ec765aa7ed75c8acfea42df31fdae71f97be,D
mmlu_pro:test:755,business,10,96,678,b189ec765aa7ed75c8acfea42df31fdae71f97be,F
mmlu_pro:test:756,business,10,127,679,b189ec765aa7ed75c8acfea42df31fdae71f97be,C
mmlu_pro:test:757,business,10,107,680,b189ec765aa7ed75c8acfea42df31fdae71f97be,F
mmlu_pro:test:758,business,10,90,681,b189ec765aa7ed75c8acfea42df31fdae71f97be,D
mmlu_pro:test:759,business,10,192,682,b189ec765aa7ed75c8acfea42df31fdae71f97be,C
mmlu_pro:test:760,business,10,157,683,b189ec765aa7ed75c8acfea42df31fdae71f97be,D
mmlu_pro:test:761,business,9,47,684,b189ec765aa7ed75c8acfea42df31fdae71f97be,A
mmlu_pro:test:762,business,10,125,685,b189ec765aa7ed75c8acfea42df31fdae71f97be,F
mmlu_pro:test:763,business,10,58,686,b189ec765aa7ed75c8acfea42df31fdae71f97be,D
mmlu_pro:test:764,business,10,58,687,b189ec765aa7ed75c8acfea42df31fdae71f97be,G
mmlu_pro:test:765,business,10,132,688,b189ec765aa7ed75c8acfea42df31fdae71f97be,F
mmlu_pro:test:766,business,9,72,689,b189ec765aa7ed75c8acfea42df31fdae71f97be,A
mmlu_pro:test:767,business,8,81,690,b189ec765aa7ed75c8acfea42df31fdae71f97be,F
mmlu_pro:test:768,business,10,192,691,b189ec765aa7ed75c8acfea42df31fdae71f97be,B
mmlu_pro:test:769,business,10,337,692,b189ec765aa7ed75c8acfea42df31fdae71f97be,J
mmlu_pro:test:770,business,10,262,693,b189ec765aa7ed75c8acfea42df31fdae71f97be,A
mmlu_pro:test:771,business,10,153,694,b189ec765aa7ed75c8acfea42df31fdae71f97be,G
mmlu_pro:test:772,business,10,303,695,b189ec765aa7ed75c8acfea42df31fdae71f97be,G
mmlu_pro:test:773,business,10,302,696,b189ec765aa7ed75c8acfea42df31fdae71f97be,J
mmlu_pro:test:775,business,10,343,698,b189ec765aa7ed75c8acfea42df31fdae71f97be,I
mmlu_pro:test:776,business,10,402,699,b189ec765aa7ed75c8acfea42df31fdae71f97be,E
mmlu_pro:test:777,business,10,193,700,b189ec765aa7ed75c8acfea42df31fdae71f97be,J
mmlu_pro:test:778,business,10,325,701,b189ec765aa7ed75c8acfea42df31fdae71f97be,C
mmlu_pro:test:779,business,10,70,702,b189ec765aa7ed75c8acfea42df31fdae71f97be,A
mmlu_pro:test:780,business,10,250,703,b189ec765aa7ed75c8acfea42df31fdae71f97be,E
mmlu_pro:test:781,business,10,191,704,b189ec765aa7ed75c8acfea42df31fdae71f97be,B
mmlu_pro:test:782,business,10,124,705,b189ec765aa7ed75c8acfea42df31fdae71f97be,G
mmlu_pro:test:783,business,10,118,706,b189ec765aa7ed75c8acfea42df31fdae71f97be,H
mmlu_pro:test:784,business,10,201,707,b189ec765aa7ed75c8acfea42df31fdae71f97be,J
mmlu_pro:test:785,business,10,193,708,b189ec765aa7ed75c8acfea42df31fdae71f97be,A
mmlu_pro:test:786,business,10,142,709,b189ec765aa7ed75c8acfea42df31fdae71f97be,B
mmlu_pro:test:787,business,10,215,710,b189ec765aa7ed75c8acfea42df31fdae71f97be,E
mmlu_pro:test:788,business,10,199,711,b189ec765aa7ed75c8acfea42df31fdae71f97be,J
mmlu_pro:test:789,business,10,547,712,b189ec765aa7ed75c8acfea42df31fdae71f97be,F
mmlu_pro:test:790,business,10,165,713,b189ec765aa7ed75c8acfea42df31fdae71f97be,C
mmlu_pro:test:791,business,10,154,714,b189ec765aa7ed75c8acfea42df31fdae71f97be,J
mmlu_pro:test:792,business,10,223,715,b189ec765aa7ed75c8acfea42df31fdae71f97be,J
mmlu_pro:test:793,business,10,185,716,b189ec765aa7ed75c8acfea42df31fdae71f97be,C
mmlu_pro:test:794,business,10,173,717,b189ec765aa7ed75c8acfea42df31fdae71f97be,D
mmlu_pro:test:795,business,10,166,718,b189ec765aa7ed75c8acfea42df31fdae71f97be,D
mmlu_pro:test:796,business,10,141,719,b189ec765aa7ed75c8acfea42df31fdae71f97be,A
mmlu_pro:test:797,business,10,101,720,b189ec765aa7ed75c8acfea42df31fdae71f97be,C
mmlu_pro:test:798,business,10,112,721,b189ec765aa7ed75c8acfea42df31fdae71f97be,E
mmlu_pro:test:799,business,10,194,722,b189ec765aa7ed75c8acfea42df31fdae71f97be,J
mmlu_pro:test:800,business,10,112,723,b189ec765aa7ed75c8acfea42df31fdae71f97be,G
mmlu_pro:test:801,business,10,335,724,b189ec765aa7ed75c8acfea42df31fdae71f97be,B
mmlu_pro:test:803,business,10,311,726,b189ec765aa7ed75c8acfea42df31fdae71f97be,B
mmlu_pro:test:804,business,10,287,727,b189ec765aa7ed75c8acfea42df31fdae71f97be,J
mmlu_pro:test:805,business,10,429,728,b189ec765aa7ed75c8acfea42df31fdae71f97be,B
mmlu_pro:test:806,business,10,122,729,b189ec765aa7ed75c8acfea42df31fdae71f97be,J
mmlu_pro:test:807,business,10,449,730,b189ec765aa7ed75c8acfea42df31fdae71f97be,B
mmlu_pro:test:808,business,10,684,731,b189ec765aa7ed75c8acfea42df31fdae71f97be,G
mmlu_pro:test:809,business,10,151,732,b189ec765aa7ed75c8acfea42df31fdae71f97be,G
mmlu_pro:test:810,business,10,160,733,b189ec765aa7ed75c8acfea42df31fdae71f97be,C
mmlu_pro:test:812,business,10,100,735,b189ec765aa7ed75c8acfea42df31fdae71f97be,I
mmlu_pro:test:813,business,10,201,736,b189ec765aa7ed75c8acfea42df31fdae71f97be,G
mmlu_pro:test:814,business,10,129,737,b189ec765aa7ed75c8acfea42df31fdae71f97be,I
mmlu_pro:test:815,business,10,336,738,b189ec765aa7ed75c8acfea42df31fdae71f97be,D
mmlu_pro:test:816,business,10,150,739,b189ec765aa7ed75c8acfea42df31fdae71f97be,F
mmlu_pro:test:817,business,10,275,740,b189ec765aa7ed75c8acfea42df31fdae71f97be,F
mmlu_pro:test:818,business,10,280,741,b189ec765aa7ed75c8acfea42df31fdae71f97be,E
mmlu_pro:test:819,business,10,77,742,b189ec765aa7ed75c8acfea42df31fdae71f97be,A
mmlu_pro:test:821,business,10,99,744,b189ec765aa7ed75c8acfea42df31fdae71f97be,I
mmlu_pro:test:822,business,4,103,745,b189ec765aa7ed75c8acfea42df31fdae71f97be,D
mmlu_pro:test:823,business,10,92,746,b189ec765aa7ed75c8acfea42df31fdae71f97be,B
mmlu_pro:test:824,business,10,168,747,b189ec765aa7ed75c8acfea42df31fdae71f97be,B
mmlu_pro:test:825,business,10,217,748,b189ec765aa7ed75c8acfea42df31fdae71f97be,A
mmlu_pro:test:826,business,10,105,749,b189ec765aa7ed75c8acfea42df31fdae71f97be,G
mmlu_pro:test:827,business,10,182,750,b189ec765aa7ed75c8acfea42df31fdae71f97be,E
mmlu_pro:test:828,business,10,174,751,b189ec765aa7ed75c8acfea42df31fdae71f97be,B
mmlu_pro:test:829,business,10,74,752,b189ec765aa7ed75c8acfea42df31fdae71f97be,G
mmlu_pro:test:830,business,10,45,753,b189ec765aa7ed75c8acfea42df31fdae71f97be,H
mmlu_pro:test:831,business,10,41,754,b189ec765aa7ed75c8acfea42df31fdae71f97be,B
mmlu_pro:test:832,business,10,503,755,b189ec765aa7ed75c8acfea42df31fdae71f97be,F
mmlu_pro:test:833,business,10,115,756,b189ec765aa7ed75c8acfea42df31fdae71f97be,H
mmlu_pro:test:834,business,10,137,757,b189ec765aa7ed75c8acfea42df31fdae71f97be,I
mmlu_pro:test:835,business,10,263,758,b189ec765aa7ed75c8acfea42df31fdae71f97be,J
mmlu_pro:test:836,business,10,188,759,b189ec765aa7ed75c8acfea42df31fdae71f97be,E
mmlu_pro:test:837,business,10,141,760,b189ec765aa7ed75c8acfea42df31fdae71f97be,G
mmlu_pro:test:838,business,10,384,761,b189ec765aa7ed75c8acfea42df31fdae71f97be,E
mmlu_pro:test:839,business,10,319,762,b189ec765aa7ed75c8acfea42df31fdae71f97be,F
mmlu_pro:test:840,business,10,262,763,b189ec765aa7ed75c8acfea42df31fdae71f97be,B
mmlu_pro:test:841,business,10,119,764,b189ec765aa7ed75c8acfea42df31fdae71f97be,E
mmlu_pro:test:842,business,10,90,765,b189ec765aa7ed75c8acfea42df31fdae71f97be,A
mmlu_pro:test:843,business,10,218,766,b189ec765aa7ed75c8acfea42df31fdae71f97be,G
mmlu_pro:test:844,business,10,173,767,b189ec765aa7ed75c8acfea42df31fdae71f97be,I
mmlu_pro:test:845,business,10,80,768,b189ec765aa7ed75c8acfea42df31fdae71f97be,C
mmlu_pro:test:846,business,10,178,769,b189ec765aa7ed75c8acfea42df31fdae71f97be,B
mmlu_pro:test:847,business,10,247,770,b189ec765aa7ed75c8acfea42df31fdae71f97be,J
mmlu_pro:test:848,business,10,243,771,b189ec765aa7ed75c8acfea42df31fdae71f97be,H
mmlu_pro:test:849,business,10,148,772,b189ec765aa7ed75c8acfea42df31fdae71f97be,B
mmlu_pro:test:850,business,10,264,773,b189ec765aa7ed75c8acfea42df31fdae71f97be,G
mmlu_pro:test:851,business,10,90,774,b189ec765aa7ed75c8acfea42df31fdae71f97be,A
mmlu_pro:test:852,business,10,147,775,b189ec765aa7ed75c8acfea42df31fdae71f97be,D
mmlu_pro:test:853,business,10,165,776,b189ec765aa7ed75c8acfea42df31fdae71f97be,I
mmlu_pro:test:854,business,10,102,777,b189ec765aa7ed75c8acfea42df31fdae71f97be,A
mmlu_pro:test:855,business,10,667,778,b189ec765aa7ed75c8acfea42df31fdae71f97be,I
mmlu_pro:test:856,business,10,400,779,b189ec765aa7ed75c8acfea42df31fdae71f97be,I
mmlu_pro:test:857,business,10,416,780,b189ec765aa7ed75c8acfea42df31fdae71f97be,I
mmlu_pro:test:858,business,10,253,781,b189ec765aa7ed75c8acfea42df31fdae71f97be,D
mmlu_pro:test:859,business,10,218,782,b189ec765aa7ed75c8acfea42df31fdae71f97be,I
mmlu_pro:test:860,business,10,792,783,b189ec765aa7ed75c8acfea42df31fdae71f97be,I
mmlu_pro:test:861,business,10,174,784,b189ec765aa7ed75c8acfea42df31fdae71f97be,H
mmlu_pro:test:862,business,10,191,785,b189ec765aa7ed75c8acfea42df31fdae71f97be,A
mmlu_pro:test:863,business,10,1484,786,b189ec765aa7ed75c8acfea42df31fdae71f97be,D
mmlu_pro:test:864,business,10,231,787,b189ec765aa7ed75c8acfea42df31fdae71f97be,C
mmlu_pro:test:865,business,10,197,788,b189ec765aa7ed75c8acfea42df31fdae71f97be,J
mmlu_pro:test:866,law,10,474,789,b189ec765aa7ed75c8acfea42df31fdae71f97be,D
mmlu_pro:test:867,law,10,428,790,b189ec765aa7ed75c8acfea42df31fdae71f97be,B
mmlu_pro:test:868,law,10,1757,791,b189ec765aa7ed75c8acfea42df31fdae71f97be,F
mmlu_pro:test:869,law,10,753,792,b189ec765aa7ed75c8acfea42df31fdae71f97be,A
mmlu_pro:test:870,law,10,1000,793,b189ec765aa7ed75c8acfea42df31fdae71f97be,E
mmlu_pro:test:871,law,10,760,794,b189ec765aa7ed75c8acfea42df31fdae71f97be,C
mmlu_pro:test:872,law,10,2289,795,b189ec765aa7ed75c8acfea42df31fdae71f97be,G
mmlu_pro:test:873,law,10,637,796,b189ec765aa7ed75c8acfea42df31fdae71f97be,E
mmlu_pro:test:874,law,10,327,797,b189ec765aa7ed75c8acfea42df31fdae71f97be,A
mmlu_pro:test:875,law,10,644,798,b189ec765aa7ed75c8acfea42df31fdae71f97be,J
mmlu_pro:test:876,law,10,775,799,b189ec765aa7ed75c8acfea42df31fdae71f97be,I
mmlu_pro:test:877,law,10,600,800,b189ec765aa7ed75c8acfea42df31fdae71f97be,I
mmlu_pro:test:878,law,10,335,801,b189ec765aa7ed75c8acfea42df31fdae71f97be,H
mmlu_pro:test:879,law,10,1196,802,b189ec765aa7ed75c8acfea42df31fdae71f97be,A
mmlu_pro:test:880,law,9,738,803,b189ec765aa7ed75c8acfea42df31fdae71f97be,D
mmlu_pro:test:881,law,8,516,804,b189ec765aa7ed75c8acfea42df31fdae71f97be,C
mmlu_pro:test:882,law,9,453,805,b189ec765aa7ed75c8acfea42df31fdae71f97be,G
mmlu_pro:test:883,law,9,115,806,b189ec765aa7ed75c8acfea42df31fdae71f97be,B
mmlu_pro:test:884,law,7,158,807,b189ec765aa7ed75c8acfea42df31fdae71f97be,B
mmlu_pro:test:885,law,10,158,808,b189ec765aa7ed75c8acfea42df31fdae71f97be,C
mmlu_pro:test:886,law,4,96,809,b189ec765aa7ed75c8acfea42df31fdae71f97be,A
mmlu_pro:test:887,law,9,84,810,b189ec765aa7ed75c8acfea42df31fdae71f97be,A
mmlu_pro:test:888,law,4,63,811,b189ec765aa7ed75c8acfea42df31fdae71f97be,A
mmlu_pro:test:889,law,10,63,812,b189ec765aa7ed75c8acfea42df31fdae71f97be,C
mmlu_pro:test:890,law,10,73,813,b189ec765aa7ed75c8acfea42df31fdae71f97be,G
mmlu_pro:test:891,law,4,639,814,b189ec765aa7ed75c8acfea42df31fdae71f97be,C
mmlu_pro:test:892,law,10,639,815,b189ec765aa7ed75c8acfea42df31fdae71f97be,F
mmlu_pro:test:893,law,10,905,816,b189ec765aa7ed75c8acfea42df31fdae71f97be,G
mmlu_pro:test:894,law,10,905,817,b189ec765aa7ed75c8acfea42df31fdae71f97be,H
mmlu_pro:test:895,law,10,951,818,b189ec765aa7ed75c8acfea42df31fdae71f97be,H
mmlu_pro:test:896,law,10,951,819,b189ec765aa7ed75c8acfea42df31fdae71f97be,G
mmlu_pro:test:897,law,8,577,820,b189ec765aa7ed75c8acfea42df31fdae71f97be,G
mmlu_pro:test:898,law,10,786,821,b189ec765aa7ed75c8acfea42df31fdae71f97be,C
mmlu_pro:test:899,law,10,890,822,b189ec765aa7ed75c8acfea42df31fdae71f97be,G
mmlu_pro:test:900,law,4,109,823,b189ec765aa7ed75c8acfea42df31fdae71f97be,A
mmlu_pro:test:901,law,10,109,824,b189ec765aa7ed75c8acfea42df31fdae71f97be,G
mmlu_pro:test:902,law,10,916,825,b189ec765aa7ed75c8acfea42df31fdae71f97be,I
mmlu_pro:test:903,law,10,916,826,b189ec765aa7ed75c8acfea42df31fdae71f97be,B
mmlu_pro:test:904,law,4,446,827,b189ec765aa7ed75c8acfea42df31fdae71f97be,A
mmlu_pro:test:905,law,10,446,828,b189ec765aa7ed75c8acfea42df31fdae71f97be,A
mmlu_pro:test:906,law,10,765,829,b189ec765aa7ed75c8acfea42df31fdae71f97be,G
mmlu_pro:test:907,law,10,694,830,b189ec765aa7ed75c8acfea42df31fdae71f97be,J
mmlu_pro:test:908,law,10,694,831,b189ec765aa7ed75c8acfea42df31fdae71f97be,B
mmlu_pro:test:909,law,10,1711,832,b189ec765aa7ed75c8acfea42df31fdae71f97be,B
mmlu_pro:test:910,law,4,471,833,b189ec765aa7ed75c8acfea42df31fdae71f97be,B
mmlu_pro:test:911,law,10,471,834,b189ec765aa7ed75c8acfea42df31fdae71f97be,E
mmlu_pro:test:912,law,4,663,835,b189ec765aa7ed75c8acfea42df31fdae71f97be,B
mmlu_pro:test:913,law,10,663,836,b189ec765aa7ed75c8acfea42df31fdae71f97be,E
mmlu_pro:test:914,law,10,1398,837,b189ec765aa7ed75c8acfea42df31fdae71f97be,F
mmlu_pro:test:915,law,10,787,838,b189ec765aa7ed75c8acfea42df31fdae71f97be,G
mmlu_pro:test:916,law,9,910,839,b189ec765aa7ed75c8acfea42df31fdae71f97be,H
mmlu_pro:test:917,law,10,910,840,b189ec765aa7ed75c8acfea42df31fdae71f97be,I
mmlu_pro:test:918,law,10,634,841,b189ec765aa7ed75c8acfea42df31fdae71f97be,J
mmlu_pro:test:919,law,10,858,842,b189ec765aa7ed75c8acfea42df31fdae71f97be,E
mmlu_pro:test:920,law,10,72,843,b189ec765aa7ed75c8acfea42df31fdae71f97be,H
mmlu_pro:test:921,law,10,1176,844,b189ec765aa7ed75c8acfea42df31fdae71f97be,F
mmlu_pro:test:922,law,10,99,845,b189ec765aa7ed75c8acfea42df31fdae71f97be,D
mmlu_pro:test:923,law,10,467,846,b189ec765aa7ed75c8acfea42df31fdae71f97be,F
mmlu_pro:test:924,law,10,873,847,b189ec765aa7ed75c8acfea42df31fdae71f97be,J
mmlu_pro:test:926,law,9,723,849,b189ec765aa7ed75c8acfea42df31fdae71f97be,H
mmlu_pro:test:927,law,8,682,850,b189ec765aa7ed75c8acfea42df31fdae71f97be,E
mmlu_pro:test:928,law,10,1685,851,b189ec765aa7ed75c8acfea42df31fdae71f97be,B
mmlu_pro:test:929,law,10,818,852,b189ec765aa7ed75c8acfea42df31fdae71f97be,B
mmlu_pro:test:930,law,9,729,853,b189ec765aa7ed75c8acfea42df31fdae71f97be,E
mmlu_pro:test:931,law,9,530,854,b189ec765aa7ed75c8acfea42df31fdae71f97be,B
mmlu_pro:test:932,law,6,1041,855,b189ec765aa7ed75c8acfea42df31fdae71f97be,E
mmlu_pro:test:933,law,10,906,856,b189ec765aa7ed75c8acfea42df31fdae71f97be,H
mmlu_pro:test:934,law,9,981,857,b189ec765aa7ed75c8acfea42df31fdae71f97be,G
mmlu_pro:test:935,law,10,1404,858,b189ec765aa7ed75c8acfea42df31fdae71f97be,D
mmlu_pro:test:936,law,10,1112,859,b189ec765aa7ed75c8acfea42df31fdae71f97be,D
mmlu_pro:test:937,law,10,662,860,b189ec765aa7ed75c8acfea42df31fdae71f97be,D
mmlu_pro:test:938,law,9,811,861,b189ec765aa7ed75c8acfea42df31fdae71f97be,F
mmlu_pro:test:939,law,10,799,862,b189ec765aa7ed75c8acfea42df31fdae71f97be,G
mmlu_pro:test:940,law,8,73,863,b189ec765aa7ed75c8acfea42df31fdae71f97be,D
mmlu_pro:test:941,law,9,1103,864,b189ec765aa7ed75c8acfea42df31fdae71f97be,F
mmlu_pro:test:942,law,10,113,865,b189ec765aa7ed75c8acfea42df31fdae71f97be,F
mmlu_pro:test:943,law,10,578,866,b189ec765aa7ed75c8acfea42df31fdae71f97be,F
mmlu_pro:test:944,law,10,763,867,b189ec765aa7ed75c8acfea42df31fdae71f97be,D
mmlu_pro:test:945,law,6,106,868,b189ec765aa7ed75c8acfea42df31fdae71f97be,F
mmlu_pro:test:946,law,10,1622,869,b189ec765aa7ed75c8acfea42df31fdae71f97be,B
mmlu_pro:test:947,law,9,721,870,b189ec765aa7ed75c8acfea42df31fdae71f97be,G
mmlu_pro:test:948,law,9,374,871,b189ec765aa7ed75c8acfea42df31fdae71f97be,F
mmlu_pro:test:949,law,6,895,872,b189ec765aa7ed75c8acfea42df31fdae71f97be,E
mmlu_pro:test:950,law,10,945,873,b189ec765aa7ed75c8acfea42df31fdae71f97be,G
mmlu_pro:test:951,law,10,549,874,b189ec765aa7ed75c8acfea42df31fdae71f97be,A
mmlu_pro:test:952,law,10,1238,875,b189ec765aa7ed75c8acfea42df31fdae71f97be,D
mmlu_pro:test:954,law,10,780,877,b189ec765aa7ed75c8acfea42df31fdae71f97be,E
mmlu_pro:test:955,law,10,771,878,b189ec765aa7ed75c8acfea42df31fdae71f97be,A
mmlu_pro:test:956,law,10,1223,879,b189ec765aa7ed75c8acfea42df31fdae71f97be,A
mmlu_pro:test:957,law,9,753,880,b189ec765aa7ed75c8acfea42df31fdae71f97be,G
mmlu_pro:test:958,law,10,1231,881,b189ec765aa7ed75c8acfea42df31fdae71f97be,J
mmlu_pro:test:959,law,10,657,882,b189ec765aa7ed75c8acfea42df31fdae71f97be,A
mmlu_pro:test:960,law,9,438,883,b189ec765aa7ed75c8acfea42df31fdae71f97be,G
mmlu_pro:test:961,law,9,954,884,b189ec765aa7ed75c8acfea42df31fdae71f97be,A
mmlu_pro:test:962,law,9,976,885,b189ec765aa7ed75c8acfea42df31fdae71f97be,G
mmlu_pro:test:963,law,9,763,886,b189ec765aa7ed75c8acfea42df31fdae71f97be,E
mmlu_pro:test:964,law,9,1730,887,b189ec765aa7ed75c8acfea42df31fdae71f97be,H
mmlu_pro:test:965,law,10,1026,888,b189ec765aa7ed75c8acfea42df31fdae71f97be,F
mmlu_pro:test:966,law,10,519,889,b189ec765aa7ed75c8acfea42df31fdae71f97be,D
mmlu_pro:test:967,law,9,978,890,b189ec765aa7ed75c8acfea42df31fdae71f97be,F
mmlu_pro:test:968,law,10,1097,891,b189ec765aa7ed75c8acfea42df31fdae71f97be,H
mmlu_pro:test:969,law,10,765,892,b189ec765aa7ed75c8acfea42df31fdae71f97be,I
mmlu_pro:test:970,law,4,129,893,b189ec765aa7ed75c8acfea42df31fdae71f97be,A
mmlu_pro:test:971,law,10,147,894,b189ec765aa7ed75c8acfea42df31fdae71f97be,C
mmlu_pro:test:972,law,9,101,895,b189ec765aa7ed75c8acfea42df31fdae71f97be,F
mmlu_pro:test:973,law,10,140,896,b189ec765aa7ed75c8acfea42df31fdae71f97be,H
mmlu_pro:test:974,law,10,140,897,b189ec765aa7ed75c8acfea42df31fdae71f97be,G
mmlu_pro:test:975,law,10,140,898,b189ec765aa7ed75c8acfea42df31fdae71f97be,D
mmlu_pro:test:976,law,10,45,899,b189ec765aa7ed75c8acfea42df31fdae71f97be,E
mmlu_pro:test:977,law,4,557,900,b189ec765aa7ed75c8acfea42df31fdae71f97be,C
mmlu_pro:test:978,law,4,1018,901,b189ec765aa7ed75c8acfea42df31fdae71f97be,A
mmlu_pro:test:979,law,4,1345,902,b189ec765aa7ed75c8acfea42df31fdae71f97be,C
mmlu_pro:test:980,law,8,685,903,b189ec765aa7ed75c8acfea42df31fdae71f97be,A
mmlu_pro:test:981,law,10,855,904,b189ec765aa7ed75c8acfea42df31fdae71f97be,I
mmlu_pro:test:982,law,10,2330,905,b189ec765aa7ed75c8acfea42df31fdae71f97be,G
mmlu_pro:test:983,law,10,523,906,b189ec765aa7ed75c8acfea42df31fdae71f97be,G
mmlu_pro:test:984,law,10,848,907,b189ec765aa7ed75c8acfea42df31fdae71f97be,B
mmlu_pro:test:985,law,10,848,908,b189ec765aa7ed75c8acfea42df31fdae71f97be,G
mmlu_pro:test:986,law,10,323,909,b189ec765aa7ed75c8acfea42df31fdae71f97be,B
mmlu_pro:test:988,law,10,1285,910,b189ec765aa7ed75c8acfea42df31fdae71f97be,B
mmlu_pro:test:989,law,10,641,911,b189ec765aa7ed75c8acfea42df31fdae71f97be,H
mmlu_pro:test:990,law,10,641,912,b189ec765aa7ed75c8acfea42df31fdae71f97be,G
mmlu_pro:test:991,law,10,726,913,b189ec765aa7ed75c8acfea42df31fdae71f97be,E
mmlu_pro:test:992,law,10,726,914,b189ec765aa7ed75c8acfea42df31fdae71f97be,H
mmlu_pro:test:993,law,4,1583,915,b189ec765aa7ed75c8acfea42df31fdae71f97be,B
mmlu_pro:test:994,law,10,1583,916,b189ec765aa7ed75c8acfea42df31fdae71f97be,H
mmlu_pro:test:995,law,10,638,917,b189ec765aa7ed75c8acfea42df31fdae71f97be,F
mmlu_pro:test:996,law,10,1175,918,b189ec765aa7ed75c8acfea42df31fdae71f97be,I
mmlu_pro:test:997,law,4,149,919,b189ec765aa7ed75c8acfea42df31fdae71f97be,B
mmlu_pro:test:999,law,9,1295,920,b189ec765aa7ed75c8acfea42df31fdae71f97be,A
mmlu_pro:test:1000,law,10,1295,921,b189ec765aa7ed75c8acfea42df31fdae71f97be,A
mmlu_pro:test:1001,law,4,1404,922,b189ec765aa7ed75c8acfea42df31fdae71f97be,C
mmlu_pro:test:1002,law,10,1404,923,b189ec765aa7ed75c8acfea42df31fdae71f97be,E
mmlu_pro:test:1003,law,4,1003,924,b189ec765aa7ed75c8acfea42df31fdae71f97be,C
mmlu_pro:test:1004,law,10,1003,925,b189ec765aa7ed75c8acfea42df31fdae71f97be,F
mmlu_pro:test:1005,law,10,1003,926,b189ec765aa7ed75c8acfea42df31fdae71f97be,D
mmlu_pro:test:1006,law,10,610,927,b189ec765aa7ed75c8acfea42df31fdae71f97be,H
mmlu_pro:test:1007,law,10,1425,928,b189ec765aa7ed75c8acfea42df31fdae71f97be,A
mmlu_pro:test:1008,law,10,961,929,b189ec765aa7ed75c8acfea42df31fdae71f97be,J
mmlu_pro:test:1009,law,9,1131,930,b189ec765aa7ed75c8acfea42df31fdae71f97be,B
mmlu_pro:test:1011,law,9,679,932,b189ec765aa7ed75c8acfea42df31fdae71f97be,E
mmlu_pro:test:1012,law,9,1036,933,b189ec765aa7ed75c8acfea42df31fdae71f97be,I
mmlu_pro:test:1013,law,9,502,934,b189ec765aa7ed75c8acfea42df31fdae71f97be,I
mmlu_pro:test:1014,law,10,1384,935,b189ec765aa7ed75c8acfea42df31fdae71f97be,F
mmlu_pro:test:1015,law,10,492,936,b189ec765aa7ed75c8acfea42df31fdae71f97be,F
mmlu_pro:test:1016,law,10,980,937,b189ec765aa7ed75c8acfea42df31fdae71f97be,H
mmlu_pro:test:1017,law,10,978,938,b189ec765aa7ed75c8acfea42df31fdae71f97be,B
mmlu_pro:test:1018,law,10,863,939,b189ec765aa7ed75c8acfea42df31fdae71f97be,B
mmlu_pro:test:1019,law,10,839,940,b189ec765aa7ed75c8acfea42df31fdae71f97be,A
mmlu_pro:test:1020,law,9,1005,941,b189ec765aa7ed75c8acfea42df31fdae71f97be,G
mmlu_pro:test:1021,law,9,929,942,b189ec765aa7ed75c8acfea42df31fdae71f97be,E
mmlu_pro:test:1022,law,9,650,943,b189ec765aa7ed75c8acfea42df31fdae71f97be,G
mmlu_pro:test:1025,law,10,1096,945,b189ec765aa7ed75c8acfea42df31fdae71f97be,D
mmlu_pro:test:1027,law,9,575,947,b189ec765aa7ed75c8acfea42df31fdae71f97be,A
mmlu_pro:test:1028,law,9,357,948,b189ec765aa7ed75c8acfea42df31fdae71f97be,B
mmlu_pro:test:1029,law,9,1477,949,b189ec765aa7ed75c8acfea42df31fdae71f97be,G
mmlu_pro:test:1030,law,9,542,950,b189ec765aa7ed75c8acfea42df31fdae71f97be,D
mmlu_pro:test:1031,law,9,637,951,b189ec765aa7ed75c8acfea42df31fdae71f97be,E
mmlu_pro:test:1032,law,10,609,952,b189ec765aa7ed75c8acfea42df31fdae71f97be,D
mmlu_pro:test:1033,law,10,1053,953,b189ec765aa7ed75c8acfea42df31fdae71f97be,H
mmlu_pro:test:1034,law,5,565,954,b189ec765aa7ed75c8acfea42df31fdae71f97be,D
mmlu_pro:test:1035,law,10,639,955,b189ec765aa7ed75c8acfea42df31fdae71f97be,A
mmlu_pro:test:1036,law,10,1069,956,b189ec765aa7ed75c8acfea42df31fdae71f97be,B
mmlu_pro:test:1037,law,10,963,957,b189ec765aa7ed75c8acfea42df31fdae71f97be,H
mmlu_pro:test:1038,law,10,1050,958,b189ec765aa7ed75c8acfea42df31fdae71f97be,B
mmlu_pro:test:1039,law,9,584,959,b189ec765aa7ed75c8acfea42df31fdae71f97be,B
mmlu_pro:test:1040,law,10,396,960,b189ec765aa7ed75c8acfea42df31fdae71f97be,I
mmlu_pro:test:1041,law,10,616,961,b189ec765aa7ed75c8acfea42df31fdae71f97be,I
mmlu_pro:test:1042,law,10,813,962,b189ec765aa7ed75c8acfea42df31fdae71f97be,E
mmlu_pro:test:1043,law,8,492,963,b189ec765aa7ed75c8acfea42df31fdae71f97be,G
mmlu_pro:test:1044,law,10,700,964,b189ec765aa7ed75c8acfea42df31fdae71f97be,B
mmlu_pro:test:1045,law,10,818,965,b189ec765aa7ed75c8acfea42df31fdae71f97be,E
mmlu_pro:test:1046,law,9,773,966,b189ec765aa7ed75c8acfea42df31fdae71f97be,C
mmlu_pro:test:1047,law,10,540,967,b189ec765aa7ed75c8acfea42df31fdae71f97be,C
mmlu_pro:test:1048,law,9,560,968,b189ec765aa7ed75c8acfea42df31fdae71f97be,C
mmlu_pro:test:1049,law,5,115,969,b189ec765aa7ed75c8acfea42df31fdae71f97be,B
mmlu_pro:test:1050,law,10,104,970,b189ec765aa7ed75c8acfea42df31fdae71f97be,A
mmlu_pro:test:1051,law,10,85,971,b189ec765aa7ed75c8acfea42df31fdae71f97be,D
mmlu_pro:test:1052,law,10,140,972,b189ec765aa7ed75c8acfea42df31fdae71f97be,A
mmlu_pro:test:1053,law,10,140,973,b189ec765aa7ed75c8acfea42df31fdae71f97be,B
mmlu_pro:test:1054,law,3,55,974,b189ec765aa7ed75c8acfea42df31fdae71f97be,A
mmlu_pro:test:1055,law,10,93,975,b189ec765aa7ed75c8acfea42df31fdae71f97be,C
mmlu_pro:test:1056,law,9,61,976,b189ec765aa7ed75c8acfea42df31fdae71f97be,E
mmlu_pro:test:1057,law,8,320,977,b189ec765aa7ed75c8acfea42df31fdae71f97be,G
mmlu_pro:test:1058,law,10,320,978,b189ec765aa7ed75c8acfea42df31fdae71f97be,I
mmlu_pro:test:1059,law,6,103,979,b189ec765aa7ed75c8acfea42df31fdae71f97be,B
mmlu_pro:test:1060,law,10,350,980,b189ec765aa7ed75c8acfea42df31fdae71f97be,G
mmlu_pro:test:1061,law,10,1007,981,b189ec765aa7ed75c8acfea42df31fdae71f97be,F
mmlu_pro:test:1062,law,9,1025,982,b189ec765aa7ed75c8acfea42df31fdae71f97be,A
mmlu_pro:test:1063,law,10,1025,983,b189ec765aa7ed75c8acfea42df31fdae71f97be,A
mmlu_pro:test:1064,law,10,862,984,b189ec765aa7ed75c8acfea42df31fdae71f97be,A
mmlu_pro:test:1066,law,9,264,986,b189ec765aa7ed75c8acfea42df31fdae71f97be,I
mmlu_pro:test:1067,law,10,264,987,b189ec765aa7ed75c8acfea42df31fdae71f97be,J
mmlu_pro:test:1068,law,10,909,988,b189ec765aa7ed75c8acfea42df31fdae71f97be,B
mmlu_pro:test:1069,law,10,1610,989,b189ec765aa7ed75c8acfea42df31fdae71f97be,F
mmlu_pro:test:1070,law,10,933,990,b189ec765aa7ed75c8acfea42df31fdae71f97be,E
mmlu_pro:test:1071,law,10,645,991,b189ec765aa7ed75c8acfea42df31fdae71f97be,A
mmlu_pro:test:1072,law,10,598,992,b189ec765aa7ed75c8acfea42df31fdae71f97be,F
mmlu_pro:test:1073,law,10,71,993,b189ec765aa7ed75c8acfea42df31fdae71f97be,F
mmlu_pro:test:1074,law,10,1373,994,b189ec765aa7ed75c8acfea42df31fdae71f97be,J
mmlu_pro:test:1075,law,10,779,995,b189ec765aa7ed75c8acfea42df31fdae71f97be,E
mmlu_pro:test:1076,law,10,529,996,b189ec765aa7ed75c8acfea42df31fdae71f97be,D
mmlu_pro:test:1077,law,10,529,997,b189ec765aa7ed75c8acfea42df31fdae71f97be,I
mmlu_pro:test:1078,law,10,1574,998,b189ec765aa7ed75c8acfea42df31fdae71f97be,B
mmlu_pro:test:1079,law,10,663,999,b189ec765aa7ed75c8acfea42df31fdae71f97be,I
mmlu_pro:test:1080,law,9,563,1000,b189ec765aa7ed75c8acfea42df31fdae71f97be,B
mmlu_pro:test:1081,law,10,563,1001,b189ec765aa7ed75c8acfea42df31fdae71f97be,B
mmlu_pro:test:1082,law,4,838,1002,b189ec765aa7ed75c8acfea42df31fdae71f97be,D
mmlu_pro:test:1083,law,10,838,1003,b189ec765aa7ed75c8acfea42df31fdae71f97be,A
mmlu_pro:test:1084,law,10,1060,1004,b189ec765aa7ed75c8acfea42df31fdae71f97be,J
mmlu_pro:test:1085,law,10,663,1005,b189ec765aa7ed75c8acfea42df31fdae71f97be,I
mmlu_pro:test:1086,law,10,937,1006,b189ec765aa7ed75c8acfea42df31fdae71f97be,C
mmlu_pro:test:1087,law,9,746,1007,b189ec765aa7ed75c8acfea42df31fdae71f97be,C
mmlu_pro:test:1088,law,9,944,1008,b189ec765aa7ed75c8acfea42df31fdae71f97be,B
mmlu_pro:test:1089,law,9,433,1009,b189ec765aa7ed75c8acfea42df31fdae71f97be,D
mmlu_pro:test:1090,law,10,694,1010,b189ec765aa7ed75c8acfea42df31fdae71f97be,A
mmlu_pro:test:1091,law,10,806,1011,b189ec765aa7ed75c8acfea42df31fdae71f97be,A
mmlu_pro:test:1092,law,10,290,1012,b189ec765aa7ed75c8acfea42df31fdae71f97be,G
mmlu_pro:test:1093,law,9,518,1013,b189ec765aa7ed75c8acfea42df31fdae71f97be,F
mmlu_pro:test:1094,law,10,764,1014,b189ec765aa7ed75c8acfea42df31fdae71f97be,A
mmlu_pro:test:1095,law,10,747,1015,b189ec765aa7ed75c8acfea42df31fdae71f97be,D
mmlu_pro:test:1096,law,10,2038,1016,b189ec765aa7ed75c8acfea42df31fdae71f97be,A
mmlu_pro:test:1097,law,9,523,1017,b189ec765aa7ed75c8acfea42df31fdae71f97be,A
mmlu_pro:test:1099,law,10,535,1018,b189ec765aa7ed75c8acfea42df31fdae71f97be,I
mmlu_pro:test:1100,law,10,1001,1019,b189ec765aa7ed75c8acfea42df31fdae71f97be,D
mmlu_pro:test:1101,law,10,706,1020,b189ec765aa7ed75c8acfea42df31fdae71f97be,E
mmlu_pro:test:1102,law,9,735,1021,b189ec765aa7ed75c8acfea42df31fdae71f97be,H
mmlu_pro:test:1103,law,10,682,1022,b189ec765aa7ed75c8acfea42df31fdae71f97be,G
mmlu_pro:test:1104,law,9,774,1023,b189ec765aa7ed75c8acfea42df31fdae71f97be,H
mmlu_pro:test:1105,law,9,1425,1024,b189ec765aa7ed75c8acfea42df31fdae71f97be,B
mmlu_pro:test:1106,law,10,1322,1025,b189ec765aa7ed75c8acfea42df31fdae71f97be,C
mmlu_pro:test:1107,law,9,1350,1026,b189ec765aa7ed75c8acfea42df31fdae71f97be,E
mmlu_pro:test:1108,law,10,494,1027,b189ec765aa7ed75c8acfea42df31fdae71f97be,G
mmlu_pro:test:1109,law,7,759,1028,b189ec765aa7ed75c8acfea42df31fdae71f97be,G
mmlu_pro:test:1110,law,10,1048,1029,b189ec765aa7ed75c8acfea42df31fdae71f97be,I
mmlu_pro:test:1111,law,10,350,1030,b189ec765aa7ed75c8acfea42df31fdae71f97be,A
mmlu_pro:test:1112,law,10,545,1031,b189ec765aa7ed75c8acfea42df31fdae71f97be,I
mmlu_pro:test:1113,law,9,938,1032,b189ec765aa7ed75c8acfea42df31fdae71f97be,A
mmlu_pro:test:1114,law,10,657,1033,b189ec765aa7ed75c8acfea42df31fdae71f97be,B
mmlu_pro:test:1115,law,10,1059,1034,b189ec765aa7ed75c8acfea42df31fdae71f97be,C
mmlu_pro:test:1116,law,10,916,1035,b189ec765aa7ed75c8acfea42df31fdae71f97be,A
mmlu_pro:test:1117,law,10,83,1036,b189ec765aa7ed75c8acfea42df31fdae71f97be,D
mmlu_pro:test:1118,law,9,533,1037,b189ec765aa7ed75c8acfea42df31fdae71f97be,D
mmlu_pro:test:1119,law,9,1703,1038,b189ec765aa7ed75c8acfea42df31fdae71f97be,B
mmlu_pro:test:1120,law,10,625,1039,b189ec765aa7ed75c8acfea42df31fdae71f97be,B
mmlu_pro:test:1121,law,9,78,1040,b189ec765aa7ed75c8acfea42df31fdae71f97be,E
mmlu_pro:test:1122,law,10,124,1041,b189ec765aa7ed75c8acfea42df31fdae71f97be,A
mmlu_pro:test:1123,law,10,43,1042,b189ec765aa7ed75c8acfea42df31fdae71f97be,D
mmlu_pro:test:1124,law,10,30,1043,b189ec765aa7ed75c8acfea42df31fdae71f97be,C
mmlu_pro:test:1125,law,10,30,1044,b189ec765aa7ed75c8acfea42df31fdae71f97be,G
mmlu_pro:test:1126,law,4,123,1045,b189ec765aa7ed75c8acfea42df31fdae71f97be,C
mmlu_pro:test:1127,law,8,123,1046,b189ec765aa7ed75c8acfea42df31fdae71f97be,E
mmlu_pro:test:1128,law,7,1903,1047,b189ec765aa7ed75c8acfea42df31fdae71f97be,D
mmlu_pro:test:1129,law,10,1903,1048,b189ec765aa7ed75c8acfea42df31fdae71f97be,D
mmlu_pro:test:1130,law,4,512,1049,b189ec765aa7ed75c8acfea42df31fdae71f97be,A
mmlu_pro:test:1132,law,10,470,1051,b189ec765aa7ed75c8acfea42df31fdae71f97be,F
mmlu_pro:test:1133,law,10,470,1052,b189ec765aa7ed75c8acfea42df31fdae71f97be,C
mmlu_pro:test:1134,law,10,690,1053,b189ec765aa7ed75c8acfea42df31fdae71f97be,G
mmlu_pro:test:1135,law,4,761,1054,b189ec765aa7ed75c8acfea42df31fdae71f97be,B
mmlu_pro:test:1136,law,10,761,1055,b189ec765aa7ed75c8acfea42df31fdae71f97be,H
mmlu_pro:test:1137,law,10,1041,1056,b189ec765aa7ed75c8acfea42df31fdae71f97be,C
mmlu_pro:test:1138,law,9,1041,1057,b189ec765aa7ed75c8acfea42df31fdae71f97be,C
mmlu_pro:test:1139,law,10,98,1058,b189ec765aa7ed75c8acfea42df31fdae71f97be,I
mmlu_pro:test:1140,law,9,603,1059,b189ec765aa7ed75c8acfea42df31fdae71f97be,B
mmlu_pro:test:1141,law,10,603,1060,b189ec765aa7ed75c8acfea42df31fdae71f97be,C
mmlu_pro:test:1142,law,10,804,1061,b189ec765aa7ed75c8acfea42df31fdae71f97be,I
mmlu_pro:test:1143,law,10,1282,1062,b189ec765aa7ed75c8acfea42df31fdae71f97be,A
mmlu_pro:test:1144,law,10,523,1063,b189ec765aa7ed75c8acfea42df31fdae71f97be,E
mmlu_pro:test:1145,law,10,523,1064,b189ec765aa7ed75c8acfea42df31fdae71f97be,J
mmlu_pro:test:1146,law,10,598,1065,b189ec765aa7ed75c8acfea42df31fdae71f97be,E
mmlu_pro:test:1147,law,10,108,1066,b189ec765aa7ed75c8acfea42df31fdae71f97be,C
mmlu_pro:test:1148,law,9,388,1067,b189ec765aa7ed75c8acfea42df31fdae71f97be,C
mmlu_pro:test:1149,law,6,727,1068,b189ec765aa7ed75c8acfea42df31fdae71f97be,B
mmlu_pro:test:1150,law,10,727,1069,b189ec765aa7ed75c8acfea42df31fdae71f97be,D
mmlu_pro:test:1152,law,9,659,1070,b189ec765aa7ed75c8acfea42df31fdae71f97be,B
mmlu_pro:test:1153,law,10,659,1071,b189ec765aa7ed75c8acfea42df31fdae71f97be,C
mmlu_pro:test:1154,law,10,540,1072,b189ec765aa7ed75c8acfea42df31fdae71f97be,D
mmlu_pro:test:1155,law,10,1101,1073,b189ec765aa7ed75c8acfea42df31fdae71f97be,G
mmlu_pro:test:1156,law,10,1267,1074,b189ec765aa7ed75c8acfea42df31fdae71f97be,C
mmlu_pro:test:1157,law,10,1267,1075,b189ec765aa7ed75c8acfea42df31fdae71f97be,D
mmlu_pro:test:1158,law,10,1278,1076,b189ec765aa7ed75c8acfea42df31fdae71f97be,C
mmlu_pro:test:1159,law,10,134,1077,b189ec765aa7ed75c8acfea42df31fdae71f97be,D
mmlu_pro:test:1160,law,10,449,1078,b189ec765aa7ed75c8acfea42df31fdae71f97be,E
mmlu_pro:test:1161,law,10,807,1079,b189ec765aa7ed75c8acfea42df31fdae71f97be,I
mmlu_pro:test:1162,law,10,279,1080,b189ec765aa7ed75c8acfea42df31fdae71f97be,F
mmlu_pro:test:1163,law,10,680,1081,b189ec765aa7ed75c8acfea42df31fdae71f97be,D
mmlu_pro:test:1164,law,9,321,1082,b189ec765aa7ed75c8acfea42df31fdae71f97be,E
mmlu_pro:test:1165,law,10,767,1083,b189ec765aa7ed75c8acfea42df31fdae71f97be,C
mmlu_pro:test:1166,law,9,381,1084,b189ec765aa7ed75c8acfea42df31fdae71f97be,I
mmlu_pro:test:1167,law,9,583,1085,b189ec765aa7ed75c8acfea42df31fdae71f97be,A
mmlu_pro:test:1168,law,10,799,1086,b189ec765aa7ed75c8acfea42df31fdae71f97be,H
mmlu_pro:test:1169,law,10,834,1087,b189ec765aa7ed75c8acfea42df31fdae71f97be,F
mmlu_pro:test:1170,law,10,1054,1088,b189ec765aa7ed75c8acfea42df31fdae71f97be,J
mmlu_pro:test:1171,law,10,537,1089,b189ec765aa7ed75c8acfea42df31fdae71f97be,C
mmlu_pro:test:1172,law,10,588,1090,b189ec765aa7ed75c8acfea42df31fdae71f97be,A
mmlu_pro:test:1173,law,10,543,1091,b189ec765aa7ed75c8acfea42df31fdae71f97be,G
mmlu_pro:test:1174,law,10,1704,1092,b189ec765aa7ed75c8acfea42df31fdae71f97be,B
mmlu_pro:test:1175,law,9,796,1093,b189ec765aa7ed75c8acfea42df31fdae71f97be,D
mmlu_pro:test:1176,law,9,626,1094,b189ec765aa7ed75c8acfea42df31fdae71f97be,C
mmlu_pro:test:1177,law,9,1327,1095,b189ec765aa7ed75c8acfea42df31fdae71f97be,G
mmlu_pro:test:1178,law,9,1051,1096,b189ec765aa7ed75c8acfea42df31fdae71f97be,D
mmlu_pro:test:1179,law,10,1017,1097,b189ec765aa7ed75c8acfea42df31fdae71f97be,F
mmlu_pro:test:1180,law,9,893,1098,b189ec765aa7ed75c8acfea42df31fdae71f97be,A
mmlu_pro:test:1181,law,9,945,1099,b189ec765aa7ed75c8acfea42df31fdae71f97be,H
mmlu_pro:test:1184,law,10,511,1101,b189ec765aa7ed75c8acfea42df31fdae71f97be,I
mmlu_pro:test:1185,law,10,946,1102,b189ec765aa7ed75c8acfea42df31fdae71f97be,I
mmlu_pro:test:1186,law,10,474,1103,b189ec765aa7ed75c8acfea42df31fdae71f97be,J
mmlu_pro:test:1187,law,10,1535,1104,b189ec765aa7ed75c8acfea42df31fdae71f97be,F
mmlu_pro:test:1188,law,7,701,1105,b189ec765aa7ed75c8acfea42df31fdae71f97be,B
mmlu_pro:test:1189,law,10,648,1106,b189ec765aa7ed75c8acfea42df31fdae71f97be,E
mmlu_pro:test:1190,law,10,827,1107,b189ec765aa7ed75c8acfea42df31fdae71f97be,E
mmlu_pro:test:1191,law,10,493,1108,b189ec765aa7ed75c8acfea42df31fdae71f97be,J
mmlu_pro:test:1192,law,7,780,1109,b189ec765aa7ed75c8acfea42df31fdae71f97be,A
mmlu_pro:test:1193,law,10,869,1110,b189ec765aa7ed75c8acfea42df31fdae71f97be,A
mmlu_pro:test:1194,law,10,971,1111,b189ec765aa7ed75c8acfea42df31fdae71f97be,H
mmlu_pro:test:1196,law,9,587,1113,b189ec765aa7ed75c8acfea42df31fdae71f97be,F
mmlu_pro:test:1197,law,9,351,1114,b189ec765aa7ed75c8acfea42df31fdae71f97be,B
mmlu_pro:test:1198,law,9,519,1115,b189ec765aa7ed75c8acfea42df31fdae71f97be,B
mmlu_pro:test:1199,law,10,43,1116,b189ec765aa7ed75c8acfea42df31fdae71f97be,J
mmlu_pro:test:1200,law,7,138,1117,b189ec765aa7ed75c8acfea42df31fdae71f97be,D
mmlu_pro:test:1201,law,4,63,1118,b189ec765aa7ed75c8acfea42df31fdae71f97be,B
mmlu_pro:test:1202,law,4,541,1119,b189ec765aa7ed75c8acfea42df31fdae71f97be,C
mmlu_pro:test:1203,law,10,606,1120,b189ec765aa7ed75c8acfea42df31fdae71f97be,I
mmlu_pro:test:1204,law,10,606,1121,b189ec765aa7ed75c8acfea42df31fdae71f97be,F
mmlu_pro:test:1205,law,10,1492,1122,b189ec765aa7ed75c8acfea42df31fdae71f97be,H
mmlu_pro:test:1206,law,10,533,1123,b189ec765aa7ed75c8acfea42df31fdae71f97be,D
mmlu_pro:test:1207,law,10,533,1124,b189ec765aa7ed75c8acfea42df31fdae71f97be,H
mmlu_pro:test:1208,law,10,1150,1125,b189ec765aa7ed75c8acfea42df31fdae71f97be,A
mmlu_pro:test:1209,law,10,1150,1126,b189ec765aa7ed75c8acfea42df31fdae71f97be,I
mmlu_pro:test:1210,law,9,665,1127,b189ec765aa7ed75c8acfea42df31fdae71f97be,C
mmlu_pro:test:1211,law,10,665,1128,b189ec765aa7ed75c8acfea42df31fdae71f97be,C
mmlu_pro:test:1212,law,10,391,1129,b189ec765aa7ed75c8acfea42df31fdae71f97be,A
mmlu_pro:test:1213,law,8,612,1130,b189ec765aa7ed75c8acfea42df31fdae71f97be,E
mmlu_pro:test:1214,law,10,2118,1131,b189ec765aa7ed75c8acfea42df31fdae71f97be,H
mmlu_pro:test:1215,law,10,1025,1132,b189ec765aa7ed75c8acfea42df31fdae71f97be,J
mmlu_pro:test:1216,law,10,1025,1133,b189ec765aa7ed75c8acfea42df31fdae71f97be,H
mmlu_pro:test:1217,law,9,1070,1134,b189ec765aa7ed75c8acfea42df31fdae71f97be,E
mmlu_pro:test:1218,law,10,1070,1135,b189ec765aa7ed75c8acfea42df31fdae71f97be,E
mmlu_pro:test:1219,law,10,434,1136,b189ec765aa7ed75c8acfea42df31fdae71f97be,J
mmlu_pro:test:1220,law,10,371,1137,b189ec765aa7ed75c8acfea42df31fdae71f97be,A
mmlu_pro:test:1221,law,10,583,1138,b189ec765aa7ed75c8acfea42df31fdae71f97be,G
mmlu_pro:test:1222,law,10,526,1139,b189ec765aa7ed75c8acfea42df31fdae71f97be,H
mmlu_pro:test:1223,law,10,1026,1140,b189ec765aa7ed75c8acfea42df31fdae71f97be,G
mmlu_pro:test:1224,law,10,1026,1141,b189ec765aa7ed75c8acfea42df31fdae71f97be,A
mmlu_pro:test:1225,law,4,957,1142,b189ec765aa7ed75c8acfea42df31fdae71f97be,B
mmlu_pro:test:1226,law,10,957,1143,b189ec765aa7ed75c8acfea42df31fdae71f97be,C
mmlu_pro:test:1227,law,10,803,1144,b189ec765aa7ed75c8acfea42df31fdae71f97be,I
mmlu_pro:test:1228,law,10,531,1145,b189ec765aa7ed75c8acfea42df31fdae71f97be,G
mmlu_pro:test:1229,law,10,1043,1146,b189ec765aa7ed75c8acfea42df31fdae71f97be,H
mmlu_pro:test:1231,law,10,1756,1147,b189ec765aa7ed75c8acfea42df31fdae71f97be,B
mmlu_pro:test:1233,law,10,483,1149,b189ec765aa7ed75c8acfea42df31fdae71f97be,F
mmlu_pro:test:1234,law,9,700,1150,b189ec765aa7ed75c8acfea42df31fdae71f97be,C
mmlu_pro:test:1235,law,9,873,1151,b189ec765aa7ed75c8acfea42df31fdae71f97be,C
mmlu_pro:test:1236,law,9,513,1152,b189ec765aa7ed75c8acfea42df31fdae71f97be,C
mmlu_pro:test:1237,law,10,827,1153,b189ec765aa7ed75c8acfea42df31fdae71f97be,G
mmlu_pro:test:1238,law,10,322,1154,b189ec765aa7ed75c8acfea42df31fdae71f97be,J
mmlu_pro:test:1239,law,9,1657,1155,b189ec765aa7ed75c8acfea42df31fdae71f97be,E
mmlu_pro:test:1240,law,9,693,1156,b189ec765aa7ed75c8acfea42df31fdae71f97be,I
mmlu_pro:test:1241,law,10,720,1157,b189ec765aa7ed75c8acfea42df31fdae71f97be,I
mmlu_pro:test:1242,law,9,628,1158,b189ec765aa7ed75c8acfea42df31fdae71f97be,A
mmlu_pro:test:1243,law,10,743,1159,b189ec765aa7ed75c8acfea42df31fdae71f97be,B
mmlu_pro:test:1244,law,10,836,1160,b189ec765aa7ed75c8acfea42df31fdae71f97be,G
mmlu_pro:test:1245,law,10,906,1161,b189ec765aa7ed75c8acfea42df31fdae71f97be,I
mmlu_pro:test:1246,law,8,423,1162,b189ec765aa7ed75c8acfea42df31fdae71f97be,F
mmlu_pro:test:1248,law,10,1469,1164,b189ec765aa7ed75c8acfea42df31fdae71f97be,D
mmlu_pro:test:1249,law,9,724,1165,b189ec765aa7ed75c8acfea42df31fdae71f97be,D
mmlu_pro:test:1250,law,10,1221,1166,b189ec765aa7ed75c8acfea42df31fdae71f97be,A
mmlu_pro:test:1251,law,9,610,1167,b189ec765aa7ed75c8acfea42df31fdae71f97be,G
mmlu_pro:test:1253,law,9,537,1169,b189ec765aa7ed75c8acfea42df31fdae71f97be,F
mmlu_pro:test:1254,law,9,949,1170,b189ec765aa7ed75c8acfea42df31fdae71f97be,A
mmlu_pro:test:1255,law,10,746,1171,b189ec765aa7ed75c8acfea42df31fdae71f97be,A
mmlu_pro:test:1256,law,9,470,1172,b189ec765aa7ed75c8acfea42df31fdae71f97be,E
mmlu_pro:test:1257,law,9,1289,1173,b189ec765aa7ed75c8acfea42df31fdae71f97be,H
mmlu_pro:test:1258,law,9,175,1174,b189ec765aa7ed75c8acfea42df31fdae71f97be,E
mmlu_pro:test:1259,law,10,931,1175,b189ec765aa7ed75c8acfea42df31fdae71f97be,H
mmlu_pro:test:1260,law,10,697,1176,b189ec765aa7ed75c8acfea42df31fdae71f97be,C
mmlu_pro:test:1261,law,10,479,1177,b189ec765aa7ed75c8acfea42df31fdae71f97be,G
mmlu_pro:test:1262,law,10,483,1178,b189ec765aa7ed75c8acfea42df31fdae71f97be,H
mmlu_pro:test:1263,law,10,1153,1179,b189ec765aa7ed75c8acfea42df31fdae71f97be,B
mmlu_pro:test:1264,law,10,497,1180,b189ec765aa7ed75c8acfea42df31fdae71f97be,F
mmlu_pro:test:1265,law,10,328,1181,b189ec765aa7ed75c8acfea42df31fdae71f97be,A
mmlu_pro:test:1266,law,10,995,1182,b189ec765aa7ed75c8acfea42df31fdae71f97be,C
mmlu_pro:test:1267,law,10,1274,1183,b189ec765aa7ed75c8acfea42df31fdae71f97be,E
mmlu_pro:test:1268,law,10,1280,1184,b189ec765aa7ed75c8acfea42df31fdae71f97be,D
mmlu_pro:test:1269,law,10,581,1185,b189ec765aa7ed75c8acfea42df31fdae71f97be,G
mmlu_pro:test:1270,law,5,559,1186,b189ec765aa7ed75c8acfea42df31fdae71f97be,B
mmlu_pro:test:1271,law,10,1164,1187,b189ec765aa7ed75c8acfea42df31fdae71f97be,E
mmlu_pro:test:1272,law,9,928,1188,b189ec765aa7ed75c8acfea42df31fdae71f97be,D
mmlu_pro:test:1273,law,10,1006,1189,b189ec765aa7ed75c8acfea42df31fdae71f97be,C
mmlu_pro:test:1274,law,9,1107,1190,b189ec765aa7ed75c8acfea42df31fdae71f97be,D
mmlu_pro:test:1275,law,9,928,1191,b189ec765aa7ed75c8acfea42df31fdae71f97be,C
mmlu_pro:test:1276,law,10,1021,1192,b189ec765aa7ed75c8acfea42df31fdae71f97be,A
mmlu_pro:test:1277,law,9,350,1193,b189ec765aa7ed75c8acfea42df31fdae71f97be,B
mmlu_pro:test:1278,law,10,714,1194,b189ec765aa7ed75c8acfea42df31fdae71f97be,I
mmlu_pro:test:1279,law,10,521,1195,b189ec765aa7ed75c8acfea42df31fdae71f97be,F
mmlu_pro:test:1280,law,6,740,1196,b189ec765aa7ed75c8acfea42df31fdae71f97be,D
mmlu_pro:test:1281,law,10,454,1197,b189ec765aa7ed75c8acfea42df31fdae71f97be,G
mmlu_pro:test:1282,law,9,1079,1198,b189ec765aa7ed75c8acfea42df31fdae71f97be,F
mmlu_pro:test:1283,law,10,744,1199,b189ec765aa7ed75c8acfea42df31fdae71f97be,I
mmlu_pro:test:1284,law,10,641,1200,b189ec765aa7ed75c8acfea42df31fdae71f97be,F
mmlu_pro:test:1285,law,9,311,1201,b189ec765aa7ed75c8acfea42df31fdae71f97be,B
mmlu_pro:test:1286,law,4,139,1202,b189ec765aa7ed75c8acfea42df31fdae71f97be,C
mmlu_pro:test:1287,law,10,139,1203,b189ec765aa7ed75c8acfea42df31fdae71f97be,D
mmlu_pro:test:1288,law,10,91,1204,b189ec765aa7ed75c8acfea42df31fdae71f97be,G
mmlu_pro:test:1289,law,4,61,1205,b189ec765aa7ed75c8acfea42df31fdae71f97be,C
mmlu_pro:test:1290,law,4,278,1206,b189ec765aa7ed75c8acfea42df31fdae71f97be,A
mmlu_pro:test:1291,law,10,278,1207,b189ec765aa7ed75c8acfea42df31fdae71f97be,E
mmlu_pro:test:1292,law,10,113,1208,b189ec765aa7ed75c8acfea42df31fdae71f97be,H
mmlu_pro:test:1293,law,6,57,1209,b189ec765aa7ed75c8acfea42df31fdae71f97be,E
mmlu_pro:test:1294,law,10,73,1210,b189ec765aa7ed75c8acfea42df31fdae71f97be,H
mmlu_pro:test:1295,law,10,29,1211,b189ec765aa7ed75c8acfea42df31fdae71f97be,E
mmlu_pro:test:1296,law,8,43,1212,b189ec765aa7ed75c8acfea42df31fdae71f97be,A
mmlu_pro:test:1297,law,4,1304,1213,b189ec765aa7ed75c8acfea42df31fdae71f97be,B
mmlu_pro:test:1298,law,10,1495,1214,b189ec765aa7ed75c8acfea42df31fdae71f97be,J
mmlu_pro:test:1299,law,4,411,1215,b189ec765aa7ed75c8acfea42df31fdae71f97be,A
mmlu_pro:test:1300,law,10,411,1216,b189ec765aa7ed75c8acfea42df31fdae71f97be,I
mmlu_pro:test:1301,law,4,2102,1217,b189ec765aa7ed75c8acfea42df31fdae71f97be,C
mmlu_pro:test:1302,law,10,1044,1218,b189ec765aa7ed75c8acfea42df31fdae71f97be,G
mmlu_pro:test:1303,law,10,2411,1219,b189ec765aa7ed75c8acfea42df31fdae71f97be,A
mmlu_pro:test:1304,law,10,1727,1220,b189ec765aa7ed75c8acfea42df31fdae71f97be,A
mmlu_pro:test:1305,law,10,557,1221,b189ec765aa7ed75c8acfea42df31fdae71f97be,G
mmlu_pro:test:1306,law,8,1441,1222,b189ec765aa7ed75c8acfea42df31fdae71f97be,A
mmlu_pro:test:1307,law,10,1441,1223,b189ec765aa7ed75c8acfea42df31fdae71f97be,A
mmlu_pro:test:1308,law,10,545,1224,b189ec765aa7ed75c8acfea42df31fdae71f97be,I
mmlu_pro:test:1309,law,10,665,1225,b189ec765aa7ed75c8acfea42df31fdae71f97be,E
mmlu_pro:test:1310,law,4,1832,1226,b189ec765aa7ed75c8acfea42df31fdae71f97be,D
mmlu_pro:test:1311,law,10,1832,1227,b189ec765aa7ed75c8acfea42df31fdae71f97be,I
mmlu_pro:test:1312,law,9,1918,1228,b189ec765aa7ed75c8acfea42df31fdae71f97be,H
mmlu_pro:test:1314,law,10,735,1230,b189ec765aa7ed75c8acfea42df31fdae71f97be,I
mmlu_pro:test:1315,law,4,701,1231,b189ec765aa7ed75c8acfea42df31fdae71f97be,A
mmlu_pro:test:1316,law,10,701,1232,b189ec765aa7ed75c8acfea42df31fdae71f97be,J
mmlu_pro:test:1318,law,10,558,1234,b189ec765aa7ed75c8acfea42df31fdae71f97be,E
mmlu_pro:test:1319,law,10,558,1235,b189ec765aa7ed75c8acfea42df31fdae71f97be,A
mmlu_pro:test:1320,law,10,598,1236,b189ec765aa7ed75c8acfea42df31fdae71f97be,A
mmlu_pro:test:1321,law,9,598,1237,b189ec765aa7ed75c8acfea42df31fdae71f97be,A
mmlu_pro:test:1322,law,10,688,1238,b189ec765aa7ed75c8acfea42df31fdae71f97be,I
mmlu_pro:test:1323,law,10,1190,1239,b189ec765aa7ed75c8acfea42df31fdae71f97be,A
mmlu_pro:test:1324,law,10,452,1240,b189ec765aa7ed75c8acfea42df31fdae71f97be,B
mmlu_pro:test:1325,law,10,999,1241,b189ec765aa7ed75c8acfea42df31fdae71f97be,G
mmlu_pro:test:1326,law,10,999,1242,b189ec765aa7ed75c8acfea42df31fdae71f97be,J
mmlu_pro:test:1327,law,9,1143,1243,b189ec765aa7ed75c8acfea42df31fdae71f97be,E
mmlu_pro:test:1329,law,9,755,1245,b189ec765aa7ed75c8acfea42df31fdae71f97be,H
mmlu_pro:test:1330,law,9,678,1246,b189ec765aa7ed75c8acfea42df31fdae71f97be,H
mmlu_pro:test:1331,law,9,617,1247,b189ec765aa7ed75c8acfea42df31fdae71f97be,C
mmlu_pro:test:1332,law,10,1030,1248,b189ec765aa7ed75c8acfea42df31fdae71f97be,C
mmlu_pro:test:1333,law,10,585,1249,b189ec765aa7ed75c8acfea42df31fdae71f97be,A
mmlu_pro:test:1334,law,9,779,1250,b189ec765aa7ed75c8acfea42df31fdae71f97be,C
mmlu_pro:test:1335,law,10,547,1251,b189ec765aa7ed75c8acfea42df31fdae71f97be,A
mmlu_pro:test:1336,law,10,681,1252,b189ec765aa7ed75c8acfea42df31fdae71f97be,J
mmlu_pro:test:1337,law,9,733,1253,b189ec765aa7ed75c8acfea42df31fdae71f97be,G
mmlu_pro:test:1338,law,9,491,1254,b189ec765aa7ed75c8acfea42df31fdae71f97be,H
mmlu_pro:test:1339,law,10,519,1255,b189ec765aa7ed75c8acfea42df31fdae71f97be,A
mmlu_pro:test:1341,law,9,313,1257,b189ec765aa7ed75c8acfea42df31fdae71f97be,G
mmlu_pro:test:1342,law,9,481,1258,b189ec765aa7ed75c8acfea42df31fdae71f97be,F
mmlu_pro:test:1343,law,9,574,1259,b189ec765aa7ed75c8acfea42df31fdae71f97be,A
mmlu_pro:test:1344,law,10,714,1260,b189ec765aa7ed75c8acfea42df31fdae71f97be,F
mmlu_pro:test:1345,law,9,954,1261,b189ec765aa7ed75c8acfea42df31fdae71f97be,I
mmlu_pro:test:1346,law,9,2757,1262,b189ec765aa7ed75c8acfea42df31fdae71f97be,I
mmlu_pro:test:1347,law,10,727,1263,b189ec765aa7ed75c8acfea42df31fdae71f97be,A
mmlu_pro:test:1348,law,10,179,1264,b189ec765aa7ed75c8acfea42df31fdae71f97be,I
mmlu_pro:test:1349,law,10,818,1265,b189ec765aa7ed75c8acfea42df31fdae71f97be,E
mmlu_pro:test:1350,law,10,425,1266,b189ec765aa7ed75c8acfea42df31fdae71f97be,H
mmlu_pro:test:1352,law,9,984,1267,b189ec765aa7ed75c8acfea42df31fdae71f97be,A
mmlu_pro:test:1353,law,10,1179,1268,b189ec765aa7ed75c8acfea42df31fdae71f97be,D
mmlu_pro:test:1354,law,9,630,1269,b189ec765aa7ed75c8acfea42df31fdae71f97be,D
mmlu_pro:test:1355,law,10,678,1270,b189ec765aa7ed75c8acfea42df31fdae71f97be,G
mmlu_pro:test:1356,law,10,1291,1271,b189ec765aa7ed75c8acfea42df31fdae71f97be,B
mmlu_pro:test:1357,law,10,543,1272,b189ec765aa7ed75c8acfea42df31fdae71f97be,I
mmlu_pro:test:1358,law,6,422,1273,b189ec765aa7ed75c8acfea42df31fdae71f97be,D
mmlu_pro:test:1359,law,10,722,1274,b189ec765aa7ed75c8acfea42df31fdae71f97be,A
mmlu_pro:test:1360,law,10,228,1275,b189ec765aa7ed75c8acfea42df31fdae71f97be,H
mmlu_pro:test:1361,law,10,609,1276,b189ec765aa7ed75c8acfea42df31fdae71f97be,C
mmlu_pro:test:1362,law,10,1425,1277,b189ec765aa7ed75c8acfea42df31fdae71f97be,D
mmlu_pro:test:1363,law,10,503,1278,b189ec765aa7ed75c8acfea42df31fdae71f97be,F
mmlu_pro:test:1364,law,10,2192,1279,b189ec765aa7ed75c8acfea42df31fdae71f97be,G
mmlu_pro:test:1365,law,10,380,1280,b189ec765aa7ed75c8acfea42df31fdae71f97be,H
mmlu_pro:test:1366,law,10,574,1281,b189ec765aa7ed75c8acfea42df31fdae71f97be,J
mmlu_pro:test:1367,law,10,976,1282,b189ec765aa7ed75c8acfea42df31fdae71f97be,C
mmlu_pro:test:1368,law,10,791,1283,b189ec765aa7ed75c8acfea42df31fdae71f97be,G
mmlu_pro:test:1369,law,9,693,1284,b189ec765aa7ed75c8acfea42df31fdae71f97be,C
mmlu_pro:test:1370,law,10,842,1285,b189ec765aa7ed75c8acfea42df31fdae71f97be,G
mmlu_pro:test:1371,law,10,1107,1286,b189ec765aa7ed75c8acfea42df31fdae71f97be,F
mmlu_pro:test:1372,law,10,91,1287,b189ec765aa7ed75c8acfea42df31fdae71f97be,J
mmlu_pro:test:1373,law,10,91,1288,b189ec765aa7ed75c8acfea42df31fdae71f97be,C
mmlu_pro:test:1374,law,10,141,1289,b189ec765aa7ed75c8acfea42df31fdae71f97be,G
mmlu_pro:test:1376,law,10,94,1291,b189ec765aa7ed75c8acfea42df31fdae71f97be,I
mmlu_pro:test:1377,law,4,116,1292,b189ec765aa7ed75c8acfea42df31fdae71f97be,A
mmlu_pro:test:1380,law,10,43,1293,b189ec765aa7ed75c8acfea42df31fdae71f97be,C
mmlu_pro:test:1381,law,4,80,1294,b189ec765aa7ed75c8acfea42df31fdae71f97be,C
mmlu_pro:test:1382,law,4,103,1295,b189ec765aa7ed75c8acfea42df31fdae71f97be,A
mmlu_pro:test:1383,law,9,103,1296,b189ec765aa7ed75c8acfea42df31fdae71f97be,H
mmlu_pro:test:1384,law,8,748,1297,b189ec765aa7ed75c8acfea42df31fdae71f97be,G
mmlu_pro:test:1385,law,8,753,1298,b189ec765aa7ed75c8acfea42df31fdae71f97be,G
mmlu_pro:test:1386,law,10,753,1299,b189ec765aa7ed75c8acfea42df31fdae71f97be,I
mmlu_pro:test:1387,law,8,723,1300,b189ec765aa7ed75c8acfea42df31fdae71f97be,G
mmlu_pro:test:1388,law,10,723,1301,b189ec765aa7ed75c8acfea42df31fdae71f97be,I
mmlu_pro:test:1389,law,10,1551,1302,b189ec765aa7ed75c8acfea42df31fdae71f97be,F
mmlu_pro:test:1390,law,9,2045,1303,b189ec765aa7ed75c8acfea42df31fdae71f97be,A
mmlu_pro:test:1391,law,10,2045,1304,b189ec765aa7ed75c8acfea42df31fdae71f97be,A
mmlu_pro:test:1392,law,9,883,1305,b189ec765aa7ed75c8acfea42df31fdae71f97be,B
mmlu_pro:test:1393,law,10,883,1306,b189ec765aa7ed75c8acfea42df31fdae71f97be,B
mmlu_pro:test:1394,law,9,879,1307,b189ec765aa7ed75c8acfea42df31fdae71f97be,B
mmlu_pro:test:1395,law,10,879,1308,b189ec765aa7ed75c8acfea42df31fdae71f97be,B
mmlu_pro:test:1396,law,10,1133,1309,b189ec765aa7ed75c8acfea42df31fdae71f97be,H
mmlu_pro:test:1397,law,10,1133,1310,b189ec765aa7ed75c8acfea42df31fdae71f97be,G
mmlu_pro:test:1398,law,10,236,1311,b189ec765aa7ed75c8acfea42df31fdae71f97be,B
mmlu_pro:test:1399,law,10,236,1312,b189ec765aa7ed75c8acfea42df31fdae71f97be,D
mmlu_pro:test:1401,law,10,465,1313,b189ec765aa7ed75c8acfea42df31fdae71f97be,G
mmlu_pro:test:1402,law,10,1166,1314,b189ec765aa7ed75c8acfea42df31fdae71f97be,F
mmlu_pro:test:1403,law,10,764,1315,b189ec765aa7ed75c8acfea42df31fdae71f97be,F
mmlu_pro:test:1405,law,8,854,1317,b189ec765aa7ed75c8acfea42df31fdae71f97be,A
mmlu_pro:test:1406,law,10,854,1318,b189ec765aa7ed75c8acfea42df31fdae71f97be,B
mmlu_pro:test:1407,law,7,543,1319,b189ec765aa7ed75c8acfea42df31fdae71f97be,D
mmlu_pro:test:1408,law,9,543,1320,b189ec765aa7ed75c8acfea42df31fdae71f97be,F
mmlu_pro:test:1409,law,4,767,1321,b189ec765aa7ed75c8acfea42df31fdae71f97be,B
mmlu_pro:test:1410,law,10,767,1322,b189ec765aa7ed75c8acfea42df31fdae71f97be,H
mmlu_pro:test:1411,law,10,139,1323,b189ec765aa7ed75c8acfea42df31fdae71f97be,E
mmlu_pro:test:1412,law,10,139,1324,b189ec765aa7ed75c8acfea42df31fdae71f97be,G
mmlu_pro:test:1413,law,10,763,1325,b189ec765aa7ed75c8acfea42df31fdae71f97be,F
mmlu_pro:test:1414,law,10,763,1326,b189ec765aa7ed75c8acfea42df31fdae71f97be,D
mmlu_pro:test:1415,law,10,972,1327,b189ec765aa7ed75c8acfea42df31fdae71f97be,E
mmlu_pro:test:1416,law,10,1176,1328,b189ec765aa7ed75c8acfea42df31fdae71f97be,I
mmlu_pro:test:1418,law,10,1069,1329,b189ec765aa7ed75c8acfea42df31fdae71f97be,B
mmlu_pro:test:1419,law,10,899,1330,b189ec765aa7ed75c8acfea42df31fdae71f97be,F
mmlu_pro:test:1420,law,10,899,1331,b189ec765aa7ed75c8acfea42df31fdae71f97be,H
mmlu_pro:test:1422,law,10,695,1332,b189ec765aa7ed75c8acfea42df31fdae71f97be,G
mmlu_pro:test:1423,law,10,183,1333,b189ec765aa7ed75c8acfea42df31fdae71f97be,G
mmlu_pro:test:1424,law,10,904,1334,b189ec765aa7ed75c8acfea42df31fdae71f97be,H
mmlu_pro:test:1425,law,10,652,1335,b189ec765aa7ed75c8acfea42df31fdae71f97be,A
mmlu_pro:test:1426,law,10,463,1336,b189ec765aa7ed75c8acfea42df31fdae71f97be,B
mmlu_pro:test:1427,law,10,528,1337,b189ec765aa7ed75c8acfea42df31fdae71f97be,J
mmlu_pro:test:1428,law,10,696,1338,b189ec765aa7ed75c8acfea42df31fdae71f97be,D
mmlu_pro:test:1429,law,10,700,1339,b189ec765aa7ed75c8acfea42df31fdae71f97be,A
mmlu_pro:test:1430,law,9,633,1340,b189ec765aa7ed75c8acfea42df31fdae71f97be,A
mmlu_pro:test:1432,law,9,769,1342,b189ec765aa7ed75c8acfea42df31fdae71f97be,E
mmlu_pro:test:1434,law,9,614,1344,b189ec765aa7ed75c8acfea42df31fdae71f97be,E
mmlu_pro:test:1435,law,10,1356,1345,b189ec765aa7ed75c8acfea42df31fdae71f97be,I
mmlu_pro:test:1436,law,9,1261,1346,b189ec765aa7ed75c8acfea42df31fdae71f97be,F
mmlu_pro:test:1437,law,10,585,1347,b189ec765aa7ed75c8acfea42df31fdae71f97be,J
mmlu_pro:test:1438,law,9,1143,1348,b189ec765aa7ed75c8acfea42df31fdae71f97be,F
mmlu_pro:test:1439,law,9,805,1349,b189ec765aa7ed75c8acfea42df31fdae71f97be,H
mmlu_pro:test:1440,law,10,751,1350,b189ec765aa7ed75c8acfea42df31fdae71f97be,B
mmlu_pro:test:1442,law,9,423,1352,b189ec765aa7ed75c8acfea42df31fdae71f97be,H
mmlu_pro:test:1443,law,10,1124,1353,b189ec765aa7ed75c8acfea42df31fdae71f97be,E
mmlu_pro:test:1444,law,10,1304,1354,b189ec765aa7ed75c8acfea42df31fdae71f97be,I
mmlu_pro:test:1445,law,10,481,1355,b189ec765aa7ed75c8acfea42df31fdae71f97be,D
mmlu_pro:test:1446,law,10,683,1356,b189ec765aa7ed75c8acfea42df31fdae71f97be,G
mmlu_pro:test:1447,law,10,889,1357,b189ec765aa7ed75c8acfea42df31fdae71f97be,F
mmlu_pro:test:1448,law,9,1188,1358,b189ec765aa7ed75c8acfea42df31fdae71f97be,F
mmlu_pro:test:1449,law,10,2065,1359,b189ec765aa7ed75c8acfea42df31fdae71f97be,G
mmlu_pro:test:1450,law,10,491,1360,b189ec765aa7ed75c8acfea42df31fdae71f97be,I
mmlu_pro:test:1451,law,9,1129,1361,b189ec765aa7ed75c8acfea42df31fdae71f97be,B
mmlu_pro:test:1452,law,10,711,1362,b189ec765aa7ed75c8acfea42df31fdae71f97be,D
mmlu_pro:test:1453,law,6,347,1363,b189ec765aa7ed75c8acfea42df31fdae71f97be,B
mmlu_pro:test:1454,law,10,658,1364,b189ec765aa7ed75c8acfea42df31fdae71f97be,B
mmlu_pro:test:1455,law,9,1371,1365,b189ec765aa7ed75c8acfea42df31fdae71f97be,A
mmlu_pro:test:1456,law,10,982,1366,b189ec765aa7ed75c8acfea42df31fdae71f97be,J
mmlu_pro:test:1457,law,9,949,1367,b189ec765aa7ed75c8acfea42df31fdae71f97be,E
mmlu_pro:test:1458,law,9,1738,1368,b189ec765aa7ed75c8acfea42df31fdae71f97be,C
mmlu_pro:test:1459,law,9,882,1369,b189ec765aa7ed75c8acfea42df31fdae71f97be,E
mmlu_pro:test:1460,law,9,937,1370,b189ec765aa7ed75c8acfea42df31fdae71f97be,B
mmlu_pro:test:1461,law,9,1499,1371,b189ec765aa7ed75c8acfea42df31fdae71f97be,D
mmlu_pro:test:1462,law,10,918,1372,b189ec765aa7ed75c8acfea42df31fdae71f97be,C
mmlu_pro:test:1463,law,10,467,1373,b189ec765aa7ed75c8acfea42df31fdae71f97be,J
mmlu_pro:test:1464,law,10,1005,1374,b189ec765aa7ed75c8acfea42df31fdae71f97be,H
mmlu_pro:test:1465,law,10,949,1375,b189ec765aa7ed75c8acfea42df31fdae71f97be,F
mmlu_pro:test:1467,law,10,668,1376,b189ec765aa7ed75c8acfea42df31fdae71f97be,E
mmlu_pro:test:1468,law,10,1190,1377,b189ec765aa7ed75c8acfea42df31fdae71f97be,E
mmlu_pro:test:1469,law,10,618,1378,b189ec765aa7ed75c8acfea42df31fdae71f97be,I
mmlu_pro:test:1470,law,10,605,1379,b189ec765aa7ed75c8acfea42df31fdae71f97be,E
mmlu_pro:test:1471,law,10,1431,1380,b189ec765aa7ed75c8acfea42df31fdae71f97be,G
mmlu_pro:test:1472,law,10,1255,1381,b189ec765aa7ed75c8acfea42df31fdae71f97be,J
mmlu_pro:test:1473,law,10,1532,1382,b189ec765aa7ed75c8acfea42df31fdae71f97be,I
mmlu_pro:test:1474,law,10,403,1383,b189ec765aa7ed75c8acfea42df31fdae71f97be,I
mmlu_pro:test:1475,law,10,763,1384,b189ec765aa7ed75c8acfea42df31fdae71f97be,B
mmlu_pro:test:1476,law,10,102,1385,b189ec765aa7ed75c8acfea42df31fdae71f97be,D
mmlu_pro:test:1477,law,9,788,1386,b189ec765aa7ed75c8acfea42df31fdae71f97be,F
mmlu_pro:test:1478,law,8,592,1387,b189ec765aa7ed75c8acfea42df31fdae71f97be,E
mmlu_pro:test:1479,law,10,1068,1388,b189ec765aa7ed75c8acfea42df31fdae71f97be,A
mmlu_pro:test:1480,law,9,686,1389,b189ec765aa7ed75c8acfea42df31fdae71f97be,I
mmlu_pro:test:1481,law,9,1147,1390,b189ec765aa7ed75c8acfea42df31fdae71f97be,D
mmlu_pro:test:1482,law,10,1044,1391,b189ec765aa7ed75c8acfea42df31fdae71f97be,E
mmlu_pro:test:1483,law,10,167,1392,b189ec765aa7ed75c8acfea42df31fdae71f97be,G
mmlu_pro:test:1484,law,10,292,1393,b189ec765aa7ed75c8acfea42df31fdae71f97be,J
mmlu_pro:test:1486,law,10,61,1395,b189ec765aa7ed75c8acfea42df31fdae71f97be,F
mmlu_pro:test:1487,law,4,120,1396,b189ec765aa7ed75c8acfea42df31fdae71f97be,D
mmlu_pro:test:1488,law,10,120,1397,b189ec765aa7ed75c8acfea42df31fdae71f97be,G
mmlu_pro:test:1489,law,4,66,1398,b189ec765aa7ed75c8acfea42df31fdae71f97be,D
mmlu_pro:test:1490,law,9,81,1399,b189ec765aa7ed75c8acfea42df31fdae71f97be,C
mmlu_pro:test:1491,law,10,61,1400,b189ec765aa7ed75c8acfea42df31fdae71f97be,H
mmlu_pro:test:1492,law,10,61,1401,b189ec765aa7ed75c8acfea42df31fdae71f97be,E
mmlu_pro:test:1493,law,10,105,1402,b189ec765aa7ed75c8acfea42df31fdae71f97be,E
mmlu_pro:test:1494,law,8,52,1403,b189ec765aa7ed75c8acfea42df31fdae71f97be,A
mmlu_pro:test:1495,law,10,87,1404,b189ec765aa7ed75c8acfea42df31fdae71f97be,D
mmlu_pro:test:1496,law,10,930,1405,b189ec765aa7ed75c8acfea42df31fdae71f97be,C
mmlu_pro:test:1497,law,10,930,1406,b189ec765aa7ed75c8acfea42df31fdae71f97be,E
mmlu_pro:test:1499,law,10,872,1408,b189ec765aa7ed75c8acfea42df31fdae71f97be,D
mmlu_pro:test:1500,law,10,597,1409,b189ec765aa7ed75c8acfea42df31fdae71f97be,D
mmlu_pro:test:1501,law,10,597,1410,b189ec765aa7ed75c8acfea42df31fdae71f97be,E
mmlu_pro:test:1502,law,8,1000,1411,b189ec765aa7ed75c8acfea42df31fdae71f97be,E
mmlu_pro:test:1503,law,10,119,1412,b189ec765aa7ed75c8acfea42df31fdae71f97be,F
mmlu_pro:test:1504,law,10,119,1413,b189ec765aa7ed75c8acfea42df31fdae71f97be,H
mmlu_pro:test:1505,law,10,699,1414,b189ec765aa7ed75c8acfea42df31fdae71f97be,I
mmlu_pro:test:1506,law,10,650,1415,b189ec765aa7ed75c8acfea42df31fdae71f97be,H
mmlu_pro:test:1507,law,10,647,1416,b189ec765aa7ed75c8acfea42df31fdae71f97be,H
mmlu_pro:test:1509,law,7,306,1418,b189ec765aa7ed75c8acfea42df31fdae71f97be,F
mmlu_pro:test:1510,law,10,306,1419,b189ec765aa7ed75c8acfea42df31fdae71f97be,F
mmlu_pro:test:1511,law,9,393,1420,b189ec765aa7ed75c8acfea42df31fdae71f97be,B
mmlu_pro:test:1512,law,4,610,1421,b189ec765aa7ed75c8acfea42df31fdae71f97be,B
mmlu_pro:test:1513,law,10,610,1422,b189ec765aa7ed75c8acfea42df31fdae71f97be,D
mmlu_pro:test:1514,law,10,185,1423,b189ec765aa7ed75c8acfea42df31fdae71f97be,H
mmlu_pro:test:1515,law,10,1039,1424,b189ec765aa7ed75c8acfea42df31fdae71f97be,I
mmlu_pro:test:1516,law,10,1073,1425,b189ec765aa7ed75c8acfea42df31fdae71f97be,D
mmlu_pro:test:1517,law,10,1073,1426,b189ec765aa7ed75c8acfea42df31fdae71f97be,A
mmlu_pro:test:1518,law,4,833,1427,b189ec765aa7ed75c8acfea42df31fdae71f97be,B
mmlu_pro:test:1519,law,7,833,1428,b189ec765aa7ed75c8acfea42df31fdae71f97be,G
mmlu_pro:test:1520,law,9,506,1429,b189ec765aa7ed75c8acfea42df31fdae71f97be,H
mmlu_pro:test:1521,law,10,506,1430,b189ec765aa7ed75c8acfea42df31fdae71f97be,I
mmlu_pro:test:1522,law,4,1253,1431,b189ec765aa7ed75c8acfea42df31fdae71f97be,A
mmlu_pro:test:1523,law,10,1253,1432,b189ec765aa7ed75c8acfea42df31fdae71f97be,D
mmlu_pro:test:1524,law,10,840,1433,b189ec765aa7ed75c8acfea42df31fdae71f97be,F
mmlu_pro:test:1525,law,5,108,1434,b189ec765aa7ed75c8acfea42df31fdae71f97be,B
mmlu_pro:test:1526,law,10,813,1435,b189ec765aa7ed75c8acfea42df31fdae71f97be,I
mmlu_pro:test:1527,law,10,921,1436,b189ec765aa7ed75c8acfea42df31fdae71f97be,C
mmlu_pro:test:1528,law,10,1143,1437,b189ec765aa7ed75c8acfea42df31fdae71f97be,C
mmlu_pro:test:1529,law,10,394,1438,b189ec765aa7ed75c8acfea42df31fdae71f97be,F
mmlu_pro:test:1530,law,10,599,1439,b189ec765aa7ed75c8acfea42df31fdae71f97be,I
mmlu_pro:test:1531,law,10,711,1440,b189ec765aa7ed75c8acfea42df31fdae71f97be,A
mmlu_pro:test:1532,law,7,866,1441,b189ec765aa7ed75c8acfea42df31fdae71f97be,A
mmlu_pro:test:1533,law,10,861,1442,b189ec765aa7ed75c8acfea42df31fdae71f97be,J
mmlu_pro:test:1534,law,10,1016,1443,b189ec765aa7ed75c8acfea42df31fdae71f97be,A
mmlu_pro:test:1535,law,10,590,1444,b189ec765aa7ed75c8acfea42df31fdae71f97be,D
mmlu_pro:test:1536,law,10,1106,1445,b189ec765aa7ed75c8acfea42df31fdae71f97be,F
mmlu_pro:test:1537,law,10,619,1446,b189ec765aa7ed75c8acfea42df31fdae71f97be,G
mmlu_pro:test:1538,law,9,900,1447,b189ec765aa7ed75c8acfea42df31fdae71f97be,E
mmlu_pro:test:1539,law,10,132,1448,b189ec765aa7ed75c8acfea42df31fdae71f97be,H
mmlu_pro:test:1540,law,10,704,1449,b189ec765aa7ed75c8acfea42df31fdae71f97be,I
mmlu_pro:test:1541,law,9,192,1450,b189ec765aa7ed75c8acfea42df31fdae71f97be,E
mmlu_pro:test:1542,law,9,1489,1451,b189ec765aa7ed75c8acfea42df31fdae71f97be,B
mmlu_pro:test:1543,law,9,471,1452,b189ec765aa7ed75c8acfea42df31fdae71f97be,G
mmlu_pro:test:1544,law,10,721,1453,b189ec765aa7ed75c8acfea42df31fdae71f97be,I
mmlu_pro:test:1545,law,9,641,1454,b189ec765aa7ed75c8acfea42df31fdae71f97be,E
mmlu_pro:test:1546,law,9,907,1455,b189ec765aa7ed75c8acfea42df31fdae71f97be,C
mmlu_pro:test:1547,law,10,999,1456,b189ec765aa7ed75c8acfea42df31fdae71f97be,G
mmlu_pro:test:1548,law,10,556,1457,b189ec765aa7ed75c8acfea42df31fdae71f97be,E
mmlu_pro:test:1549,law,9,724,1458,b189ec765aa7ed75c8acfea42df31fdae71f97be,F
mmlu_pro:test:1550,law,10,451,1459,b189ec765aa7ed75c8acfea42df31fdae71f97be,G
mmlu_pro:test:1551,law,10,1819,1460,b189ec765aa7ed75c8acfea42df31fdae71f97be,I
mmlu_pro:test:1552,law,10,895,1461,b189ec765aa7ed75c8acfea42df31fdae71f97be,J
mmlu_pro:test:1553,law,9,1031,1462,b189ec765aa7ed75c8acfea42df31fdae71f97be,B
mmlu_pro:test:1554,law,8,756,1463,b189ec765aa7ed75c8acfea42df31fdae71f97be,G
mmlu_pro:test:1555,law,10,847,1464,b189ec765aa7ed75c8acfea42df31fdae71f97be,F
mmlu_pro:test:1556,law,10,623,1465,b189ec765aa7ed75c8acfea42df31fdae71f97be,B
mmlu_pro:test:1557,law,8,1788,1466,b189ec765aa7ed75c8acfea42df31fdae71f97be,C
mmlu_pro:test:1558,law,10,1942,1467,b189ec765aa7ed75c8acfea42df31fdae71f97be,H
mmlu_pro:test:1559,law,10,392,1468,b189ec765aa7ed75c8acfea42df31fdae71f97be,C
mmlu_pro:test:1560,law,10,324,1469,b189ec765aa7ed75c8acfea42df31fdae71f97be,A
mmlu_pro:test:1561,law,10,552,1470,b189ec765aa7ed75c8acfea42df31fdae71f97be,I
mmlu_pro:test:1562,law,10,1016,1471,b189ec765aa7ed75c8acfea42df31fdae71f97be,A
mmlu_pro:test:1563,law,10,669,1472,b189ec765aa7ed75c8acfea42df31fdae71f97be,A
mmlu_pro:test:1564,law,10,719,1473,b189ec765aa7ed75c8acfea42df31fdae71f97be,C
mmlu_pro:test:1565,law,10,867,1474,b189ec765aa7ed75c8acfea42df31fdae71f97be,A
mmlu_pro:test:1566,law,9,1444,1475,b189ec765aa7ed75c8acfea42df31fdae71f97be,E
mmlu_pro:test:1567,law,10,431,1476,b189ec765aa7ed75c8acfea42df31fdae71f97be,H
mmlu_pro:test:1568,law,9,581,1477,b189ec765aa7ed75c8acfea42df31fdae71f97be,I
mmlu_pro:test:1569,law,9,2351,1478,b189ec765aa7ed75c8acfea42df31fdae71f97be,A
mmlu_pro:test:1570,law,10,614,1479,b189ec765aa7ed75c8acfea42df31fdae71f97be,F
mmlu_pro:test:1571,law,8,83,1480,b189ec765aa7ed75c8acfea42df31fdae71f97be,B
mmlu_pro:test:1572,law,10,131,1481,b189ec765aa7ed75c8acfea42df31fdae71f97be,B
mmlu_pro:test:1573,law,9,32,1482,b189ec765aa7ed75c8acfea42df31fdae71f97be,A
mmlu_pro:test:1574,law,10,101,1483,b189ec765aa7ed75c8acfea42df31fdae71f97be,F
mmlu_pro:test:1575,law,4,47,1484,b189ec765aa7ed75c8acfea42df31fdae71f97be,C
mmlu_pro:test:1576,law,10,47,1485,b189ec765aa7ed75c8acfea42df31fdae71f97be,J
mmlu_pro:test:1577,law,10,41,1486,b189ec765aa7ed75c8acfea42df31fdae71f97be,E
mmlu_pro:test:1578,law,10,41,1487,b189ec765aa7ed75c8acfea42df31fdae71f97be,G
mmlu_pro:test:1579,law,8,483,1488,b189ec765aa7ed75c8acfea42df31fdae71f97be,B
mmlu_pro:test:1580,law,10,881,1489,b189ec765aa7ed75c8acfea42df31fdae71f97be,A
mmlu_pro:test:1581,law,10,881,1490,b189ec765aa7ed75c8acfea42df31fdae71f97be,J
mmlu_pro:test:1583,law,9,253,1491,b189ec765aa7ed75c8acfea42df31fdae71f97be,A
mmlu_pro:test:1584,law,4,842,1492,b189ec765aa7ed75c8acfea42df31fdae71f97be,D
mmlu_pro:test:1585,law,10,804,1493,b189ec765aa7ed75c8acfea42df31fdae71f97be,C
mmlu_pro:test:1586,law,10,1355,1494,b189ec765aa7ed75c8acfea42df31fdae71f97be,E
mmlu_pro:test:1587,law,9,1289,1495,b189ec765aa7ed75c8acfea42df31fdae71f97be,H
mmlu_pro:test:1588,law,10,1289,1496,b189ec765aa7ed75c8acfea42df31fdae71f97be,I
mmlu_pro:test:1589,law,4,1514,1497,b189ec765aa7ed75c8acfea42df31fdae71f97be,D
mmlu_pro:test:1590,law,10,842,1498,b189ec765aa7ed75c8acfea42df31fdae71f97be,F
mmlu_pro:test:1591,law,9,1049,1499,b189ec765aa7ed75c8acfea42df31fdae71f97be,B
mmlu_pro:test:1592,law,10,1049,1500,b189ec765aa7ed75c8acfea42df31fdae71f97be,C
mmlu_pro:test:1593,law,4,501,1501,b189ec765aa7ed75c8acfea42df31fdae71f97be,D
mmlu_pro:test:1594,law,4,501,1502,b189ec765aa7ed75c8acfea42df31fdae71f97be,A
mmlu_pro:test:1595,law,10,806,1503,b189ec765aa7ed75c8acfea42df31fdae71f97be,J
mmlu_pro:test:1596,law,4,105,1504,b189ec765aa7ed75c8acfea42df31fdae71f97be,A
mmlu_pro:test:1597,law,10,105,1505,b189ec765aa7ed75c8acfea42df31fdae71f97be,E
mmlu_pro:test:1598,law,10,591,1506,b189ec765aa7ed75c8acfea42df31fdae71f97be,A
mmlu_pro:test:1599,law,10,424,1507,b189ec765aa7ed75c8acfea42df31fdae71f97be,I
mmlu_pro:test:1600,law,4,490,1508,b189ec765aa7ed75c8acfea42df31fdae71f97be,B
mmlu_pro:test:1601,law,10,490,1509,b189ec765aa7ed75c8acfea42df31fdae71f97be,G
mmlu_pro:test:1602,law,10,873,1510,b189ec765aa7ed75c8acfea42df31fdae71f97be,E
mmlu_pro:test:1603,law,7,819,1511,b189ec765aa7ed75c8acfea42df31fdae71f97be,B
mmlu_pro:test:1604,law,7,819,1512,b189ec765aa7ed75c8acfea42df31fdae71f97be,C
mmlu_pro:test:1605,law,10,745,1513,b189ec765aa7ed75c8acfea42df31fdae71f97be,D
mmlu_pro:test:1606,law,10,783,1514,b189ec765aa7ed75c8acfea42df31fdae71f97be,E
mmlu_pro:test:1607,law,10,961,1515,b189ec765aa7ed75c8acfea42df31fdae71f97be,H
mmlu_pro:test:1608,law,10,313,1516,b189ec765aa7ed75c8acfea42df31fdae71f97be,C
mmlu_pro:test:1609,law,10,569,1517,b189ec765aa7ed75c8acfea42df31fdae71f97be,E
mmlu_pro:test:1610,law,9,711,1518,b189ec765aa7ed75c8acfea42df31fdae71f97be,B
mmlu_pro:test:1611,law,7,1118,1519,b189ec765aa7ed75c8acfea42df31fdae71f97be,C
mmlu_pro:test:1612,law,10,1030,1520,b189ec765aa7ed75c8acfea42df31fdae71f97be,E
mmlu_pro:test:1613,law,10,1030,1521,b189ec765aa7ed75c8acfea42df31fdae71f97be,I
mmlu_pro:test:1614,law,10,568,1522,b189ec765aa7ed75c8acfea42df31fdae71f97be,E
mmlu_pro:test:1615,law,10,882,1523,b189ec765aa7ed75c8acfea42df31fdae71f97be,H
mmlu_pro:test:1616,law,8,822,1524,b189ec765aa7ed75c8acfea42df31fdae71f97be,H
mmlu_pro:test:1617,law,10,2076,1525,b189ec765aa7ed75c8acfea42df31fdae71f97be,G
mmlu_pro:test:1618,law,10,535,1526,b189ec765aa7ed75c8acfea42df31fdae71f97be,A
mmlu_pro:test:1619,law,10,718,1527,b189ec765aa7ed75c8acfea42df31fdae71f97be,G
mmlu_pro:test:1620,law,10,356,1528,b189ec765aa7ed75c8acfea42df31fdae71f97be,D
mmlu_pro:test:1621,law,10,1665,1529,b189ec765aa7ed75c8acfea42df31fdae71f97be,G
mmlu_pro:test:1622,law,9,845,1530,b189ec765aa7ed75c8acfea42df31fdae71f97be,E
mmlu_pro:test:1623,law,10,667,1531,b189ec765aa7ed75c8acfea42df31fdae71f97be,E
mmlu_pro:test:1624,law,10,516,1532,b189ec765aa7ed75c8acfea42df31fdae71f97be,E
mmlu_pro:test:1625,law,9,1321,1533,b189ec765aa7ed75c8acfea42df31fdae71f97be,E
mmlu_pro:test:1626,law,9,840,1534,b189ec765aa7ed75c8acfea42df31fdae71f97be,A
mmlu_pro:test:1627,law,9,537,1535,b189ec765aa7ed75c8acfea42df31fdae71f97be,A
mmlu_pro:test:1628,law,10,680,1536,b189ec765aa7ed75c8acfea42df31fdae71f97be,E
mmlu_pro:test:1629,law,10,976,1537,b189ec765aa7ed75c8acfea42df31fdae71f97be,B
mmlu_pro:test:1630,law,9,701,1538,b189ec765aa7ed75c8acfea42df31fdae71f97be,H
mmlu_pro:test:1631,law,9,113,1539,b189ec765aa7ed75c8acfea42df31fdae71f97be,D
mmlu_pro:test:1632,law,10,1044,1540,b189ec765aa7ed75c8acfea42df31fdae71f97be,J
mmlu_pro:test:1633,law,9,186,1541,b189ec765aa7ed75c8acfea42df31fdae71f97be,C
mmlu_pro:test:1634,law,10,1255,1542,b189ec765aa7ed75c8acfea42df31fdae71f97be,B
mmlu_pro:test:1635,law,9,1235,1543,b189ec765aa7ed75c8acfea42df31fdae71f97be,C
mmlu_pro:test:1636,law,9,1990,1544,b189ec765aa7ed75c8acfea42df31fdae71f97be,F
mmlu_pro:test:1637,law,9,221,1545,b189ec765aa7ed75c8acfea42df31fdae71f97be,G
mmlu_pro:test:1638,law,10,609,1546,b189ec765aa7ed75c8acfea42df31fdae71f97be,J
mmlu_pro:test:1639,law,10,497,1547,b189ec765aa7ed75c8acfea42df31fdae71f97be,C
mmlu_pro:test:1641,law,10,563,1548,b189ec765aa7ed75c8acfea42df31fdae71f97be,E
mmlu_pro:test:1642,law,10,423,1549,b189ec765aa7ed75c8acfea42df31fdae71f97be,C
mmlu_pro:test:1643,law,10,530,1550,b189ec765aa7ed75c8acfea42df31fdae71f97be,G
mmlu_pro:test:1644,law,10,451,1551,b189ec765aa7ed75c8acfea42df31fdae71f97be,I
mmlu_pro:test:1645,law,8,772,1552,b189ec765aa7ed75c8acfea42df31fdae71f97be,H
mmlu_pro:test:1646,law,10,861,1553,b189ec765aa7ed75c8acfea42df31fdae71f97be,I
mmlu_pro:test:1647,law,10,240,1554,b189ec765aa7ed75c8acfea42df31fdae71f97be,A
mmlu_pro:test:1648,law,10,567,1555,b189ec765aa7ed75c8acfea42df31fdae71f97be,C
mmlu_pro:test:1649,law,10,662,1556,b189ec765aa7ed75c8acfea42df31fdae71f97be,G
mmlu_pro:test:1650,law,9,306,1557,b189ec765aa7ed75c8acfea42df31fdae71f97be,C
mmlu_pro:test:1652,law,10,1021,1559,b189ec765aa7ed75c8acfea42df31fdae71f97be,I
mmlu_pro:test:1653,law,10,989,1560,b189ec765aa7ed75c8acfea42df31fdae71f97be,B
mmlu_pro:test:1654,law,10,1370,1561,b189ec765aa7ed75c8acfea42df31fdae71f97be,J
mmlu_pro:test:1655,law,9,802,1562,b189ec765aa7ed75c8acfea42df31fdae71f97be,F
mmlu_pro:test:1656,law,9,995,1563,b189ec765aa7ed75c8acfea42df31fdae71f97be,G
mmlu_pro:test:1657,law,9,878,1564,b189ec765aa7ed75c8acfea42df31fdae71f97be,H
mmlu_pro:test:1659,law,10,47,1566,b189ec765aa7ed75c8acfea42df31fdae71f97be,H
mmlu_pro:test:1660,law,10,47,1567,b189ec765aa7ed75c8acfea42df31fdae71f97be,G
mmlu_pro:test:1661,law,4,192,1568,b189ec765aa7ed75c8acfea42df31fdae71f97be,A
mmlu_pro:test:1662,law,10,192,1569,b189ec765aa7ed75c8acfea42df31fdae71f97be,I
mmlu_pro:test:1663,law,10,73,1570,b189ec765aa7ed75c8acfea42df31fdae71f97be,J
mmlu_pro:test:1664,law,10,73,1571,b189ec765aa7ed75c8acfea42df31fdae71f97be,C
mmlu_pro:test:1665,law,10,21,1572,b189ec765aa7ed75c8acfea42df31fdae71f97be,A
mmlu_pro:test:1666,law,10,21,1573,b189ec765aa7ed75c8acfea42df31fdae71f97be,I
mmlu_pro:test:1667,law,4,149,1574,b189ec765aa7ed75c8acfea42df31fdae71f97be,C
mmlu_pro:test:1668,law,10,881,1575,b189ec765aa7ed75c8acfea42df31fdae71f97be,G
mmlu_pro:test:1669,law,10,881,1576,b189ec765aa7ed75c8acfea42df31fdae71f97be,E
mmlu_pro:test:1670,law,4,465,1577,b189ec765aa7ed75c8acfea42df31fdae71f97be,D
mmlu_pro:test:1671,law,3,97,1578,b189ec765aa7ed75c8acfea42df31fdae71f97be,B
mmlu_pro:test:1672,law,6,97,1579,b189ec765aa7ed75c8acfea42df31fdae71f97be,E
mmlu_pro:test:1673,law,4,418,1580,b189ec765aa7ed75c8acfea42df31fdae71f97be,A
mmlu_pro:test:1674,law,10,418,1581,b189ec765aa7ed75c8acfea42df31fdae71f97be,E
mmlu_pro:test:1675,law,10,276,1582,b189ec765aa7ed75c8acfea42df31fdae71f97be,G
mmlu_pro:test:1676,law,10,276,1583,b189ec765aa7ed75c8acfea42df31fdae71f97be,E
mmlu_pro:test:1677,law,10,848,1584,b189ec765aa7ed75c8acfea42df31fdae71f97be,J
mmlu_pro:test:1678,law,10,848,1585,b189ec765aa7ed75c8acfea42df31fdae71f97be,C
mmlu_pro:test:1679,law,10,925,1586,b189ec765aa7ed75c8acfea42df31fdae71f97be,I
mmlu_pro:test:1680,law,10,925,1587,b189ec765aa7ed75c8acfea42df31fdae71f97be,B
mmlu_pro:test:1681,law,10,739,1588,b189ec765aa7ed75c8acfea42df31fdae71f97be,A
mmlu_pro:test:1682,law,4,412,1589,b189ec765aa7ed75c8acfea42df31fdae71f97be,B
mmlu_pro:test:1683,law,10,412,1590,b189ec765aa7ed75c8acfea42df31fdae71f97be,G
mmlu_pro:test:1684,law,4,398,1591,b189ec765aa7ed75c8acfea42df31fdae71f97be,D
mmlu_pro:test:1685,law,10,398,1592,b189ec765aa7ed75c8acfea42df31fdae71f97be,A
mmlu_pro:test:1686,law,4,1340,1593,b189ec765aa7ed75c8acfea42df31fdae71f97be,B
mmlu_pro:test:1687,law,10,1340,1594,b189ec765aa7ed75c8acfea42df31fdae71f97be,B
mmlu_pro:test:1689,law,10,1055,1596,b189ec765aa7ed75c8acfea42df31fdae71f97be,A
mmlu_pro:test:1690,law,10,1856,1597,b189ec765aa7ed75c8acfea42df31fdae71f97be,G
mmlu_pro:test:1691,law,10,1856,1598,b189ec765aa7ed75c8acfea42df31fdae71f97be,J
mmlu_pro:test:1692,law,4,570,1599,b189ec765aa7ed75c8acfea42df31fdae71f97be,A
mmlu_pro:test:1693,law,10,570,1600,b189ec765aa7ed75c8acfea42df31fdae71f97be,E
mmlu_pro:test:1694,law,10,690,1601,b189ec765aa7ed75c8acfea42df31fdae71f97be,I
mmlu_pro:test:1695,law,10,1198,1602,b189ec765aa7ed75c8acfea42df31fdae71f97be,I
mmlu_pro:test:1696,law,10,1198,1603,b189ec765aa7ed75c8acfea42df31fdae71f97be,B
mmlu_pro:test:1697,law,10,197,1604,b189ec765aa7ed75c8acfea42df31fdae71f97be,C
mmlu_pro:test:1698,law,10,197,1605,b189ec765aa7ed75c8acfea42df31fdae71f97be,J
mmlu_pro:test:1699,law,7,1766,1606,b189ec765aa7ed75c8acfea42df31fdae71f97be,D
mmlu_pro:test:1701,law,10,544,1607,b189ec765aa7ed75c8acfea42df31fdae71f97be,G
mmlu_pro:test:1702,law,10,726,1608,b189ec765aa7ed75c8acfea42df31fdae71f97be,C
mmlu_pro:test:1703,law,10,431,1609,b189ec765aa7ed75c8acfea42df31fdae71f97be,A
mmlu_pro:test:1704,law,10,431,1610,b189ec765aa7ed75c8acfea42df31fdae71f97be,G
mmlu_pro:test:1705,law,10,759,1611,b189ec765aa7ed75c8acfea42df31fdae71f97be,I
mmlu_pro:test:1706,law,10,652,1612,b189ec765aa7ed75c8acfea42df31fdae71f97be,C
mmlu_pro:test:1707,law,10,1368,1613,b189ec765aa7ed75c8acfea42df31fdae71f97be,H
mmlu_pro:test:1708,law,10,775,1614,b189ec765aa7ed75c8acfea42df31fdae71f97be,G
mmlu_pro:test:1709,law,10,775,1615,b189ec765aa7ed75c8acfea42df31fdae71f97be,B
mmlu_pro:test:1710,law,10,694,1616,b189ec765aa7ed75c8acfea42df31fdae71f97be,E
mmlu_pro:test:1711,law,10,1593,1617,b189ec765aa7ed75c8acfea42df31fdae71f97be,E
mmlu_pro:test:1712,law,9,810,1618,b189ec765aa7ed75c8acfea42df31fdae71f97be,E
mmlu_pro:test:1713,law,10,324,1619,b189ec765aa7ed75c8acfea42df31fdae71f97be,H
mmlu_pro:test:1714,law,10,940,1620,b189ec765aa7ed75c8acfea42df31fdae71f97be,B
mmlu_pro:test:1715,law,9,299,1621,b189ec765aa7ed75c8acfea42df31fdae71f97be,A
mmlu_pro:test:1716,law,8,802,1622,b189ec765aa7ed75c8acfea42df31fdae71f97be,B
mmlu_pro:test:1717,law,9,828,1623,b189ec765aa7ed75c8acfea42df31fdae71f97be,G
mmlu_pro:test:1718,law,9,702,1624,b189ec765aa7ed75c8acfea42df31fdae71f97be,C
mmlu_pro:test:1719,law,10,964,1625,b189ec765aa7ed75c8acfea42df31fdae71f97be,I
mmlu_pro:test:1720,law,10,470,1626,b189ec765aa7ed75c8acfea42df31fdae71f97be,G
mmlu_pro:test:1721,law,10,622,1627,b189ec765aa7ed75c8acfea42df31fdae71f97be,A
mmlu_pro:test:1722,law,10,510,1628,b189ec765aa7ed75c8acfea42df31fdae71f97be,J
mmlu_pro:test:1723,law,10,1550,1629,b189ec765aa7ed75c8acfea42df31fdae71f97be,J
mmlu_pro:test:1724,law,9,539,1630,b189ec765aa7ed75c8acfea42df31fdae71f97be,D
mmlu_pro:test:1725,law,10,789,1631,b189ec765aa7ed75c8acfea42df31fdae71f97be,B
mmlu_pro:test:1726,law,10,752,1632,b189ec765aa7ed75c8acfea42df31fdae71f97be,C
mmlu_pro:test:1727,law,10,485,1633,b189ec765aa7ed75c8acfea42df31fdae71f97be,J
mmlu_pro:test:1728,law,9,1246,1634,b189ec765aa7ed75c8acfea42df31fdae71f97be,F
mmlu_pro:test:1729,law,9,125,1635,b189ec765aa7ed75c8acfea42df31fdae71f97be,A
mmlu_pro:test:1732,law,10,630,1638,b189ec765aa7ed75c8acfea42df31fdae71f97be,C
mmlu_pro:test:1733,law,9,1325,1639,b189ec765aa7ed75c8acfea42df31fdae71f97be,I
mmlu_pro:test:1734,law,10,788,1640,b189ec765aa7ed75c8acfea42df31fdae71f97be,J
mmlu_pro:test:1735,law,10,1683,1641,b189ec765aa7ed75c8acfea42df31fdae71f97be,F
mmlu_pro:test:1736,law,10,1312,1642,b189ec765aa7ed75c8acfea42df31fdae71f97be,A
mmlu_pro:test:1737,law,10,1416,1643,b189ec765aa7ed75c8acfea42df31fdae71f97be,B
mmlu_pro:test:1738,law,9,981,1644,b189ec765aa7ed75c8acfea42df31fdae71f97be,E
mmlu_pro:test:1739,law,10,635,1645,b189ec765aa7ed75c8acfea42df31fdae71f97be,G
mmlu_pro:test:1740,law,10,749,1646,b189ec765aa7ed75c8acfea42df31fdae71f97be,D
mmlu_pro:test:1741,law,10,1139,1647,b189ec765aa7ed75c8acfea42df31fdae71f97be,E
mmlu_pro:test:1742,law,10,281,1648,b189ec765aa7ed75c8acfea42df31fdae71f97be,A
mmlu_pro:test:1744,law,8,1245,1649,b189ec765aa7ed75c8acfea42df31fdae71f97be,A
mmlu_pro:test:1745,law,10,1433,1650,b189ec765aa7ed75c8acfea42df31fdae71f97be,A
mmlu_pro:test:1746,law,8,659,1651,b189ec765aa7ed75c8acfea42df31fdae71f97be,C
mmlu_pro:test:1747,law,10,1919,1652,b189ec765aa7ed75c8acfea42df31fdae71f97be,B
mmlu_pro:test:1748,law,10,871,1653,b189ec765aa7ed75c8acfea42df31fdae71f97be,D
mmlu_pro:test:1749,law,10,964,1654,b189ec765aa7ed75c8acfea42df31fdae71f97be,B
mmlu_pro:test:1750,law,9,565,1655,b189ec765aa7ed75c8acfea42df31fdae71f97be,G
mmlu_pro:test:1751,law,10,462,1656,b189ec765aa7ed75c8acfea42df31fdae71f97be,J
mmlu_pro:test:1752,law,10,1016,1657,b189ec765aa7ed75c8acfea42df31fdae71f97be,A
mmlu_pro:test:1753,law,9,663,1658,b189ec765aa7ed75c8acfea42df31fdae71f97be,B
mmlu_pro:test:1754,law,10,1138,1659,b189ec765aa7ed75c8acfea42df31fdae71f97be,E
mmlu_pro:test:1755,law,9,1529,1660,b189ec765aa7ed75c8acfea42df31fdae71f97be,C
mmlu_pro:test:1756,law,9,576,1661,b189ec765aa7ed75c8acfea42df31fdae71f97be,H
mmlu_pro:test:1757,law,8,107,1662,b189ec765aa7ed75c8acfea42df31fdae71f97be,C
mmlu_pro:test:1758,law,8,94,1663,b189ec765aa7ed75c8acfea42df31fdae71f97be,G
mmlu_pro:test:1759,law,10,38,1664,b189ec765aa7ed75c8acfea42df31fdae71f97be,J
mmlu_pro:test:1760,law,10,88,1665,b189ec765aa7ed75c8acfea42df31fdae71f97be,A
mmlu_pro:test:1761,law,10,30,1666,b189ec765aa7ed75c8acfea42df31fdae71f97be,G
mmlu_pro:test:1762,law,4,110,1667,b189ec765aa7ed75c8acfea42df31fdae71f97be,D
mmlu_pro:test:1763,law,4,70,1668,b189ec765aa7ed75c8acfea42df31fdae71f97be,D
mmlu_pro:test:1764,law,10,1032,1669,b189ec765aa7ed75c8acfea42df31fdae71f97be,A
mmlu_pro:test:1765,law,10,1269,1670,b189ec765aa7ed75c8acfea42df31fdae71f97be,J
mmlu_pro:test:1766,law,4,770,1671,b189ec765aa7ed75c8acfea42df31fdae71f97be,A
mmlu_pro:test:1767,law,10,770,1672,b189ec765aa7ed75c8acfea42df31fdae71f97be,C
mmlu_pro:test:1768,law,4,1336,1673,b189ec765aa7ed75c8acfea42df31fdae71f97be,C
mmlu_pro:test:1769,law,10,1336,1674,b189ec765aa7ed75c8acfea42df31fdae71f97be,H
mmlu_pro:test:1770,law,10,666,1675,b189ec765aa7ed75c8acfea42df31fdae71f97be,D
mmlu_pro:test:1771,law,10,666,1676,b189ec765aa7ed75c8acfea42df31fdae71f97be,G
mmlu_pro:test:1772,law,10,932,1677,b189ec765aa7ed75c8acfea42df31fdae71f97be,J
mmlu_pro:test:1773,law,10,932,1678,b189ec765aa7ed75c8acfea42df31fdae71f97be,I
mmlu_pro:test:1774,law,4,755,1679,b189ec765aa7ed75c8acfea42df31fdae71f97be,B
mmlu_pro:test:1775,law,10,755,1680,b189ec765aa7ed75c8acfea42df31fdae71f97be,E
mmlu_pro:test:1776,law,10,709,1681,b189ec765aa7ed75c8acfea42df31fdae71f97be,J
mmlu_pro:test:1777,law,10,704,1682,b189ec765aa7ed75c8acfea42df31fdae71f97be,E
mmlu_pro:test:1778,law,10,697,1683,b189ec765aa7ed75c8acfea42df31fdae71f97be,J
mmlu_pro:test:1779,law,10,697,1684,b189ec765aa7ed75c8acfea42df31fdae71f97be,H
mmlu_pro:test:1780,law,6,124,1685,b189ec765aa7ed75c8acfea42df31fdae71f97be,F
mmlu_pro:test:1781,law,9,124,1686,b189ec765aa7ed75c8acfea42df31fdae71f97be,I
mmlu_pro:test:1782,law,10,709,1687,b189ec765aa7ed75c8acfea42df31fdae71f97be,C
mmlu_pro:test:1784,law,8,480,1689,b189ec765aa7ed75c8acfea42df31fdae71f97be,A
mmlu_pro:test:1785,law,10,480,1690,b189ec765aa7ed75c8acfea42df31fdae71f97be,A
mmlu_pro:test:1786,law,10,932,1691,b189ec765aa7ed75c8acfea42df31fdae71f97be,E
mmlu_pro:test:1787,law,10,932,1692,b189ec765aa7ed75c8acfea42df31fdae71f97be,C
mmlu_pro:test:1788,law,10,980,1693,b189ec765aa7ed75c8acfea42df31fdae71f97be,J
mmlu_pro:test:1789,law,7,86,1694,b189ec765aa7ed75c8acfea42df31fdae71f97be,F
mmlu_pro:test:1790,law,10,811,1695,b189ec765aa7ed75c8acfea42df31fdae71f97be,D
mmlu_pro:test:1791,law,8,792,1696,b189ec765aa7ed75c8acfea42df31fdae71f97be,D
mmlu_pro:test:1792,law,10,759,1697,b189ec765aa7ed75c8acfea42df31fdae71f97be,H
mmlu_pro:test:1793,law,10,790,1698,b189ec765aa7ed75c8acfea42df31fdae71f97be,G
mmlu_pro:test:1794,law,9,657,1699,b189ec765aa7ed75c8acfea42df31fdae71f97be,F
mmlu_pro:test:1795,law,7,1037,1700,b189ec765aa7ed75c8acfea42df31fdae71f97be,B
mmlu_pro:test:1796,law,10,1346,1701,b189ec765aa7ed75c8acfea42df31fdae71f97be,E
mmlu_pro:test:1797,law,10,533,1702,b189ec765aa7ed75c8acfea42df31fdae71f97be,J
mmlu_pro:test:1798,law,10,753,1703,b189ec765aa7ed75c8acfea42df31fdae71f97be,F
mmlu_pro:test:1799,law,9,1313,1704,b189ec765aa7ed75c8acfea42df31fdae71f97be,A
mmlu_pro:test:1800,law,10,753,1705,b189ec765aa7ed75c8acfea42df31fdae71f97be,E
mmlu_pro:test:1801,law,9,640,1706,b189ec765aa7ed75c8acfea42df31fdae71f97be,I
mmlu_pro:test:1802,law,10,937,1707,b189ec765aa7ed75c8acfea42df31fdae71f97be,C
mmlu_pro:test:1803,law,10,1173,1708,b189ec765aa7ed75c8acfea42df31fdae71f97be,J
mmlu_pro:test:1804,law,10,1249,1709,b189ec765aa7ed75c8acfea42df31fdae71f97be,H
mmlu_pro:test:1805,law,9,388,1710,b189ec765aa7ed75c8acfea42df31fdae71f97be,A
mmlu_pro:test:1806,law,9,512,1711,b189ec765aa7ed75c8acfea42df31fdae71f97be,A
mmlu_pro:test:1807,law,10,373,1712,b189ec765aa7ed75c8acfea42df31fdae71f97be,A
mmlu_pro:test:1808,law,9,1158,1713,b189ec765aa7ed75c8acfea42df31fdae71f97be,B
mmlu_pro:test:1809,law,9,948,1714,b189ec765aa7ed75c8acfea42df31fdae71f97be,G
mmlu_pro:test:1810,law,10,190,1715,b189ec765aa7ed75c8acfea42df31fdae71f97be,I
mmlu_pro:test:1811,law,10,761,1716,b189ec765aa7ed75c8acfea42df31fdae71f97be,C
mmlu_pro:test:1812,law,10,607,1717,b189ec765aa7ed75c8acfea42df31fdae71f97be,C
mmlu_pro:test:1813,law,10,656,1718,b189ec765aa7ed75c8acfea42df31fdae71f97be,C
mmlu_pro:test:1814,law,9,354,1719,b189ec765aa7ed75c8acfea42df31fdae71f97be,E
mmlu_pro:test:1815,law,7,331,1720,b189ec765aa7ed75c8acfea42df31fdae71f97be,G
mmlu_pro:test:1816,law,10,806,1721,b189ec765aa7ed75c8acfea42df31fdae71f97be,H
mmlu_pro:test:1817,law,10,630,1722,b189ec765aa7ed75c8acfea42df31fdae71f97be,F
mmlu_pro:test:1818,law,9,649,1723,b189ec765aa7ed75c8acfea42df31fdae71f97be,B
mmlu_pro:test:1819,law,9,357,1724,b189ec765aa7ed75c8acfea42df31fdae71f97be,G
mmlu_pro:test:1820,law,10,948,1725,b189ec765aa7ed75c8acfea42df31fdae71f97be,D
mmlu_pro:test:1821,law,9,73,1726,b189ec765aa7ed75c8acfea42df31fdae71f97be,G
mmlu_pro:test:1822,law,9,570,1727,b189ec765aa7ed75c8acfea42df31fdae71f97be,F
mmlu_pro:test:1823,law,9,869,1728,b189ec765aa7ed75c8acfea42df31fdae71f97be,E
mmlu_pro:test:1824,law,9,919,1729,b189ec765aa7ed75c8acfea42df31fdae71f97be,B
mmlu_pro:test:1825,law,9,1220,1730,b189ec765aa7ed75c8acfea42df31fdae71f97be,B
mmlu_pro:test:1826,law,10,965,1731,b189ec765aa7ed75c8acfea42df31fdae71f97be,A
mmlu_pro:test:1827,law,10,1564,1732,b189ec765aa7ed75c8acfea42df31fdae71f97be,B
mmlu_pro:test:1828,law,9,593,1733,b189ec765aa7ed75c8acfea42df31fdae71f97be,E
mmlu_pro:test:1829,law,10,597,1734,b189ec765aa7ed75c8acfea42df31fdae71f97be,C
mmlu_pro:test:1830,law,10,940,1735,b189ec765aa7ed75c8acfea42df31fdae71f97be,I
mmlu_pro:test:1831,law,10,599,1736,b189ec765aa7ed75c8acfea42df31fdae71f97be,J
mmlu_pro:test:1832,law,10,561,1737,b189ec765aa7ed75c8acfea42df31fdae71f97be,G
mmlu_pro:test:1833,law,10,764,1738,b189ec765aa7ed75c8acfea42df31fdae71f97be,D
mmlu_pro:test:1834,law,10,829,1739,b189ec765aa7ed75c8acfea42df31fdae71f97be,E
mmlu_pro:test:1835,law,10,384,1740,b189ec765aa7ed75c8acfea42df31fdae71f97be,B
mmlu_pro:test:1836,law,10,577,1741,b189ec765aa7ed75c8acfea42df31fdae71f97be,E
mmlu_pro:test:1837,law,10,1051,1742,b189ec765aa7ed75c8acfea42df31fdae71f97be,B
mmlu_pro:test:1838,law,10,696,1743,b189ec765aa7ed75c8acfea42df31fdae71f97be,G
mmlu_pro:test:1839,law,10,1041,1744,b189ec765aa7ed75c8acfea42df31fdae71f97be,B
mmlu_pro:test:1840,law,9,252,1745,b189ec765aa7ed75c8acfea42df31fdae71f97be,D
mmlu_pro:test:1841,law,9,525,1746,b189ec765aa7ed75c8acfea42df31fdae71f97be,B
mmlu_pro:test:1842,law,10,393,1747,b189ec765aa7ed75c8acfea42df31fdae71f97be,D
mmlu_pro:test:1843,law,9,669,1748,b189ec765aa7ed75c8acfea42df31fdae71f97be,G
mmlu_pro:test:1845,law,9,889,1750,b189ec765aa7ed75c8acfea42df31fdae71f97be,D
mmlu_pro:test:1846,law,7,1223,1751,b189ec765aa7ed75c8acfea42df31fdae71f97be,F
mmlu_pro:test:1847,law,9,859,1752,b189ec765aa7ed75c8acfea42df31fdae71f97be,H
mmlu_pro:test:1848,law,10,60,1753,b189ec765aa7ed75c8acfea42df31fdae71f97be,B
mmlu_pro:test:1849,law,10,97,1754,b189ec765aa7ed75c8acfea42df31fdae71f97be,E
mmlu_pro:test:1850,law,10,49,1755,b189ec765aa7ed75c8acfea42df31fdae71f97be,E
mmlu_pro:test:1851,law,10,1210,1756,b189ec765aa7ed75c8acfea42df31fdae71f97be,G
mmlu_pro:test:1852,law,10,1210,1757,b189ec765aa7ed75c8acfea42df31fdae71f97be,H
mmlu_pro:test:1853,law,10,1380,1758,b189ec765aa7ed75c8acfea42df31fdae71f97be,J
mmlu_pro:test:1854,law,10,845,1759,b189ec765aa7ed75c8acfea42df31fdae71f97be,F
mmlu_pro:test:1855,law,10,845,1760,b189ec765aa7ed75c8acfea42df31fdae71f97be,H
mmlu_pro:test:1856,law,4,126,1761,b189ec765aa7ed75c8acfea42df31fdae71f97be,D
mmlu_pro:test:1857,law,10,246,1762,b189ec765aa7ed75c8acfea42df31fdae71f97be,J
mmlu_pro:test:1858,law,10,660,1763,b189ec765aa7ed75c8acfea42df31fdae71f97be,C
mmlu_pro:test:1859,law,9,765,1764,b189ec765aa7ed75c8acfea42df31fdae71f97be,H
mmlu_pro:test:1861,law,4,801,1766,b189ec765aa7ed75c8acfea42df31fdae71f97be,B
mmlu_pro:test:1862,law,9,801,1767,b189ec765aa7ed75c8acfea42df31fdae71f97be,D
mmlu_pro:test:1863,law,9,1024,1768,b189ec765aa7ed75c8acfea42df31fdae71f97be,I
mmlu_pro:test:1864,law,10,1024,1769,b189ec765aa7ed75c8acfea42df31fdae71f97be,J
mmlu_pro:test:1865,law,8,910,1770,b189ec765aa7ed75c8acfea42df31fdae71f97be,E
mmlu_pro:test:1866,law,10,910,1771,b189ec765aa7ed75c8acfea42df31fdae71f97be,G
mmlu_pro:test:1867,law,10,1196,1772,b189ec765aa7ed75c8acfea42df31fdae71f97be,C
mmlu_pro:test:1868,law,10,1186,1773,b189ec765aa7ed75c8acfea42df31fdae71f97be,C
mmlu_pro:test:1869,law,10,1186,1774,b189ec765aa7ed75c8acfea42df31fdae71f97be,E
mmlu_pro:test:1870,law,8,796,1775,b189ec765aa7ed75c8acfea42df31fdae71f97be,G
mmlu_pro:test:1871,law,10,796,1776,b189ec765aa7ed75c8acfea42df31fdae71f97be,H
mmlu_pro:test:1872,law,9,1961,1777,b189ec765aa7ed75c8acfea42df31fdae71f97be,A
mmlu_pro:test:1873,law,10,1961,1778,b189ec765aa7ed75c8acfea42df31fdae71f97be,A
mmlu_pro:test:1874,law,8,1191,1779,b189ec765aa7ed75c8acfea42df31fdae71f97be,B
mmlu_pro:test:1875,law,10,1191,1780,b189ec765aa7ed75c8acfea42df31fdae71f97be,B
mmlu_pro:test:1876,law,10,1098,1781,b189ec765aa7ed75c8acfea42df31fdae71f97be,E
mmlu_pro:test:1877,law,8,1172,1782,b189ec765aa7ed75c8acfea42df31fdae71f97be,H
mmlu_pro:test:1878,law,10,703,1783,b189ec765aa7ed75c8acfea42df31fdae71f97be,E
mmlu_pro:test:1879,law,10,657,1784,b189ec765aa7ed75c8acfea42df31fdae71f97be,I
mmlu_pro:test:1880,law,9,938,1785,b189ec765aa7ed75c8acfea42df31fdae71f97be,E
mmlu_pro:test:1881,law,10,890,1786,b189ec765aa7ed75c8acfea42df31fdae71f97be,E
mmlu_pro:test:1882,law,8,906,1787,b189ec765aa7ed75c8acfea42df31fdae71f97be,E
mmlu_pro:test:1883,law,8,1579,1788,b189ec765aa7ed75c8acfea42df31fdae71f97be,E
mmlu_pro:test:1885,law,9,707,1789,b189ec765aa7ed75c8acfea42df31fdae71f97be,I
mmlu_pro:test:1886,law,10,1792,1790,b189ec765aa7ed75c8acfea42df31fdae71f97be,I
mmlu_pro:test:1887,law,9,100,1791,b189ec765aa7ed75c8acfea42df31fdae71f97be,D
mmlu_pro:test:1888,law,9,485,1792,b189ec765aa7ed75c8acfea42df31fdae71f97be,A
mmlu_pro:test:1889,law,9,623,1793,b189ec765aa7ed75c8acfea42df31fdae71f97be,F
mmlu_pro:test:1890,law,10,1208,1794,b189ec765aa7ed75c8acfea42df31fdae71f97be,F
mmlu_pro:test:1891,law,10,710,1795,b189ec765aa7ed75c8acfea42df31fdae71f97be,H
mmlu_pro:test:1892,law,10,948,1796,b189ec765aa7ed75c8acfea42df31fdae71f97be,A
mmlu_pro:test:1893,law,8,1097,1797,b189ec765aa7ed75c8acfea42df31fdae71f97be,E
mmlu_pro:test:1894,law,9,842,1798,b189ec765aa7ed75c8acfea42df31fdae71f97be,G
mmlu_pro:test:1895,law,10,438,1799,b189ec765aa7ed75c8acfea42df31fdae71f97be,C
mmlu_pro:test:1896,law,9,792,1800,b189ec765aa7ed75c8acfea42df31fdae71f97be,E
mmlu_pro:test:1897,law,7,849,1801,b189ec765aa7ed75c8acfea42df31fdae71f97be,A
mmlu_pro:test:1898,law,10,933,1802,b189ec765aa7ed75c8acfea42df31fdae71f97be,G
mmlu_pro:test:1899,law,9,1176,1803,b189ec765aa7ed75c8acfea42df31fdae71f97be,A
mmlu_pro:test:1900,law,9,1157,1804,b189ec765aa7ed75c8acfea42df31fdae71f97be,A
mmlu_pro:test:1901,law,9,116,1805,b189ec765aa7ed75c8acfea42df31fdae71f97be,C
mmlu_pro:test:1902,law,9,2028,1806,b189ec765aa7ed75c8acfea42df31fdae71f97be,H
mmlu_pro:test:1903,law,6,291,1807,b189ec765aa7ed75c8acfea42df31fdae71f97be,A
mmlu_pro:test:1904,law,9,1611,1808,b189ec765aa7ed75c8acfea42df31fdae71f97be,B
mmlu_pro:test:1905,law,10,1079,1809,b189ec765aa7ed75c8acfea42df31fdae71f97be,I
mmlu_pro:test:1906,law,9,491,1810,b189ec765aa7ed75c8acfea42df31fdae71f97be,F
mmlu_pro:test:1907,law,9,1523,1811,b189ec765aa7ed75c8acfea42df31fdae71f97be,D
mmlu_pro:test:1909,law,9,1124,1813,b189ec765aa7ed75c8acfea42df31fdae71f97be,E
mmlu_pro:test:1910,law,9,1086,1814,b189ec765aa7ed75c8acfea42df31fdae71f97be,B
mmlu_pro:test:1911,law,9,1227,1815,b189ec765aa7ed75c8acfea42df31fdae71f97be,A
mmlu_pro:test:1912,law,9,762,1816,b189ec765aa7ed75c8acfea42df31fdae71f97be,H
mmlu_pro:test:1913,law,10,924,1817,b189ec765aa7ed75c8acfea42df31fdae71f97be,E
mmlu_pro:test:1914,law,10,320,1818,b189ec765aa7ed75c8acfea42df31fdae71f97be,C
mmlu_pro:test:1915,law,10,1372,1819,b189ec765aa7ed75c8acfea42df31fdae71f97be,C
mmlu_pro:test:1916,law,9,427,1820,b189ec765aa7ed75c8acfea42df31fdae71f97be,F
mmlu_pro:test:1917,law,10,883,1821,b189ec765aa7ed75c8acfea42df31fdae71f97be,A
mmlu_pro:test:1918,law,10,896,1822,b189ec765aa7ed75c8acfea42df31fdae71f97be,H
mmlu_pro:test:1919,law,10,111,1823,b189ec765aa7ed75c8acfea42df31fdae71f97be,I
mmlu_pro:test:1920,law,10,1206,1824,b189ec765aa7ed75c8acfea42df31fdae71f97be,D
mmlu_pro:test:1921,law,10,585,1825,b189ec765aa7ed75c8acfea42df31fdae71f97be,J
mmlu_pro:test:1922,law,9,762,1826,b189ec765aa7ed75c8acfea42df31fdae71f97be,B
mmlu_pro:test:1923,law,10,1694,1827,b189ec765aa7ed75c8acfea42df31fdae71f97be,C
mmlu_pro:test:1924,law,10,727,1828,b189ec765aa7ed75c8acfea42df31fdae71f97be,H
mmlu_pro:test:1925,law,9,1228,1829,b189ec765aa7ed75c8acfea42df31fdae71f97be,G
mmlu_pro:test:1926,law,9,892,1830,b189ec765aa7ed75c8acfea42df31fdae71f97be,E
mmlu_pro:test:1927,law,10,1626,1831,b189ec765aa7ed75c8acfea42df31fdae71f97be,D
mmlu_pro:test:1928,law,10,139,1832,b189ec765aa7ed75c8acfea42df31fdae71f97be,E
mmlu_pro:test:1929,law,6,100,1833,b189ec765aa7ed75c8acfea42df31fdae71f97be,A
mmlu_pro:test:1930,law,4,68,1834,b189ec765aa7ed75c8acfea42df31fdae71f97be,C
mmlu_pro:test:1931,law,10,68,1835,b189ec765aa7ed75c8acfea42df31fdae71f97be,C
mmlu_pro:test:1932,law,10,41,1836,b189ec765aa7ed75c8acfea42df31fdae71f97be,D
mmlu_pro:test:1933,law,10,41,1837,b189ec765aa7ed75c8acfea42df31fdae71f97be,G
mmlu_pro:test:1934,law,4,1136,1838,b189ec765aa7ed75c8acfea42df31fdae71f97be,B
mmlu_pro:test:1935,law,10,936,1839,b189ec765aa7ed75c8acfea42df31fdae71f97be,H
mmlu_pro:test:1937,law,10,743,1841,b189ec765aa7ed75c8acfea42df31fdae71f97be,I
mmlu_pro:test:1938,law,10,743,1842,b189ec765aa7ed75c8acfea42df31fdae71f97be,F
mmlu_pro:test:1939,law,4,517,1843,b189ec765aa7ed75c8acfea42df31fdae71f97be,D
mmlu_pro:test:1940,law,10,1014,1844,b189ec765aa7ed75c8acfea42df31fdae71f97be,G
mmlu_pro:test:1941,law,10,417,1845,b189ec765aa7ed75c8acfea42df31fdae71f97be,G
mmlu_pro:test:1942,law,10,417,1846,b189ec765aa7ed75c8acfea42df31fdae71f97be,I
mmlu_pro:test:1943,law,10,1386,1847,b189ec765aa7ed75c8acfea42df31fdae71f97be,G
mmlu_pro:test:1944,law,10,1386,1848,b189ec765aa7ed75c8acfea42df31fdae71f97be,E
mmlu_pro:test:1945,law,8,970,1849,b189ec765aa7ed75c8acfea42df31fdae71f97be,E
mmlu_pro:test:1946,law,9,980,1850,b189ec765aa7ed75c8acfea42df31fdae71f97be,F
mmlu_pro:test:1947,law,10,980,1851,b189ec765aa7ed75c8acfea42df31fdae71f97be,F
mmlu_pro:test:1948,law,8,818,1852,b189ec765aa7ed75c8acfea42df31fdae71f97be,D
mmlu_pro:test:1949,law,10,818,1853,b189ec765aa7ed75c8acfea42df31fdae71f97be,D
mmlu_pro:test:1950,law,10,1067,1854,b189ec765aa7ed75c8acfea42df31fdae71f97be,I
mmlu_pro:test:1951,law,4,192,1855,b189ec765aa7ed75c8acfea42df31fdae71f97be,B
mmlu_pro:test:1952,law,7,192,1856,b189ec765aa7ed75c8acfea42df31fdae71f97be,D
mmlu_pro:test:1953,law,10,647,1857,b189ec765aa7ed75c8acfea42df31fdae71f97be,A
mmlu_pro:test:1954,law,10,599,1858,b189ec765aa7ed75c8acfea42df31fdae71f97be,B
mmlu_pro:test:1955,law,9,605,1859,b189ec765aa7ed75c8acfea42df31fdae71f97be,H
mmlu_pro:test:1956,law,10,90,1860,b189ec765aa7ed75c8acfea42df31fdae71f97be,H
mmlu_pro:test:1957,law,9,210,1861,b189ec765aa7ed75c8acfea42df31fdae71f97be,E
mmlu_pro:test:1958,law,10,474,1862,b189ec765aa7ed75c8acfea42df31fdae71f97be,F
mmlu_pro:test:1959,law,10,836,1863,b189ec765aa7ed75c8acfea42df31fdae71f97be,H
mmlu_pro:test:1960,law,9,1455,1864,b189ec765aa7ed75c8acfea42df31fdae71f97be,B
mmlu_pro:test:1961,law,10,776,1865,b189ec765aa7ed75c8acfea42df31fdae71f97be,I
mmlu_pro:test:1962,law,10,159,1866,b189ec765aa7ed75c8acfea42df31fdae71f97be,D
mmlu_pro:test:1963,law,8,1409,1867,b189ec765aa7ed75c8acfea42df31fdae71f97be,F
mmlu_pro:test:1964,law,10,570,1868,b189ec765aa7ed75c8acfea42df31fdae71f97be,G
mmlu_pro:test:1965,law,10,2127,1869,b189ec765aa7ed75c8acfea42df31fdae71f97be,J
mmlu_pro:test:1966,law,10,1015,1870,b189ec765aa7ed75c8acfea42df31fdae71f97be,G
mmlu_pro:test:1967,law,10,1550,1871,b189ec765aa7ed75c8acfea42df31fdae71f97be,E
mmlu_pro:test:1969,law,9,440,1873,b189ec765aa7ed75c8acfea42df31fdae71f97be,C
mmlu_pro:test:1970,law,10,1444,1874,b189ec765aa7ed75c8acfea42df31fdae71f97be,F
mmlu_pro:test:1971,law,10,500,1875,b189ec765aa7ed75c8acfea42df31fdae71f97be,D
mmlu_pro:test:1972,law,9,366,1876,b189ec765aa7ed75c8acfea42df31fdae71f97be,G
mmlu_pro:test:1973,law,9,1476,1877,b189ec765aa7ed75c8acfea42df31fdae71f97be,F
mmlu_pro:test:1974,law,10,346,1878,b189ec765aa7ed75c8acfea42df31fdae71f97be,F
mmlu_pro:test:1975,law,9,1051,1879,b189ec765aa7ed75c8acfea42df31fdae71f97be,I
mmlu_pro:test:1976,law,9,912,1880,b189ec765aa7ed75c8acfea42df31fdae71f97be,E
mmlu_pro:test:1977,law,10,114,1881,b189ec765aa7ed75c8acfea42df31fdae71f97be,H
mmlu_pro:test:1978,law,9,920,1882,b189ec765aa7ed75c8acfea42df31fdae71f97be,D
mmlu_pro:test:1979,law,10,636,1883,b189ec765aa7ed75c8acfea42df31fdae71f97be,I
mmlu_pro:test:1980,law,9,840,1884,b189ec765aa7ed75c8acfea42df31fdae71f97be,G
mmlu_pro:test:1981,law,10,761,1885,b189ec765aa7ed75c8acfea42df31fdae71f97be,H
mmlu_pro:test:1982,law,10,679,1886,b189ec765aa7ed75c8acfea42df31fdae71f97be,G
mmlu_pro:test:1983,law,10,804,1887,b189ec765aa7ed75c8acfea42df31fdae71f97be,I
mmlu_pro:test:1984,law,10,1276,1888,b189ec765aa7ed75c8acfea42df31fdae71f97be,A
mmlu_pro:test:1985,law,10,1004,1889,b189ec765aa7ed75c8acfea42df31fdae71f97be,D
mmlu_pro:test:1986,psychology,8,95,1890,b189ec765aa7ed75c8acfea42df31fdae71f97be,E
mmlu_pro:test:1987,psychology,9,390,1891,b189ec765aa7ed75c8acfea42df31fdae71f97be,I
mmlu_pro:test:1988,psychology,10,110,1892,b189ec765aa7ed75c8acfea42df31fdae71f97be,E
mmlu_pro:test:1989,psychology,9,63,1893,b189ec765aa7ed75c8acfea42df31fdae71f97be,F
mmlu_pro:test:1990,psychology,10,130,1894,b189ec765aa7ed75c8acfea42df31fdae71f97be,B
mmlu_pro:test:1991,psychology,9,68,1895,b189ec765aa7ed75c8acfea42df31fdae71f97be,G
mmlu_pro:test:1992,psychology,9,62,1896,b189ec765aa7ed75c8acfea42df31fdae71f97be,D
mmlu_pro:test:1993,psychology,10,115,1897,b189ec765aa7ed75c8acfea42df31fdae71f97be,J
mmlu_pro:test:1994,psychology,10,60,1898,b189ec765aa7ed75c8acfea42df31fdae71f97be,F
mmlu_pro:test:1995,psychology,10,182,1899,b189ec765aa7ed75c8acfea42df31fdae71f97be,G
mmlu_pro:test:1996,psychology,10,164,1900,b189ec765aa7ed75c8acfea42df31fdae71f97be,B
mmlu_pro:test:1997,psychology,10,55,1901,b189ec765aa7ed75c8acfea42df31fdae71f97be,A
mmlu_pro:test:1998,psychology,10,102,1902,b189ec765aa7ed75c8acfea42df31fdae71f97be,B
mmlu_pro:test:1999,psychology,9,69,1903,b189ec765aa7ed75c8acfea42df31fdae71f97be,D
mmlu_pro:test:2000,psychology,10,31,1904,b189ec765aa7ed75c8acfea42df31fdae71f97be,H
mmlu_pro:test:2001,psychology,9,131,1905,b189ec765aa7ed75c8acfea42df31fdae71f97be,I
mmlu_pro:test:2002,psychology,10,266,1906,b189ec765aa7ed75c8acfea42df31fdae71f97be,E
mmlu_pro:test:2003,psychology,10,296,1907,b189ec765aa7ed75c8acfea42df31fdae71f97be,C
mmlu_pro:test:2004,psychology,10,211,1908,b189ec765aa7ed75c8acfea42df31fdae71f97be,E
mmlu_pro:test:2005,psychology,10,65,1909,b189ec765aa7ed75c8acfea42df31fdae71f97be,D
mmlu_pro:test:2006,psychology,10,124,1910,b189ec765aa7ed75c8acfea42df31fdae71f97be,A
mmlu_pro:test:2007,psychology,3,53,1911,b189ec765aa7ed75c8acfea42df31fdae71f97be,B
mmlu_pro:test:2008,psychology,10,191,1912,b189ec765aa7ed75c8acfea42df31fdae71f97be,A
mmlu_pro:test:2009,psychology,10,482,1913,b189ec765aa7ed75c8acfea42df31fdae71f97be,H
mmlu_pro:test:2010,psychology,10,111,1914,b189ec765aa7ed75c8acfea42df31fdae71f97be,A
mmlu_pro:test:2011,psychology,10,25,1915,b189ec765aa7ed75c8acfea42df31fdae71f97be,C
mmlu_pro:test:2013,psychology,10,58,1916,b189ec765aa7ed75c8acfea42df31fdae71f97be,A
mmlu_pro:test:2014,psychology,10,274,1917,b189ec765aa7ed75c8acfea42df31fdae71f97be,B
mmlu_pro:test:2015,psychology,10,184,1918,b189ec765aa7ed75c8acfea42df31fdae71f97be,J
mmlu_pro:test:2016,psychology,10,60,1919,b189ec765aa7ed75c8acfea42df31fdae71f97be,C
mmlu_pro:test:2017,psychology,10,50,1920,b189ec765aa7ed75c8acfea42df31fdae71f97be,G
mmlu_pro:test:2018,psychology,10,85,1921,b189ec765aa7ed75c8acfea42df31fdae71f97be,J
mmlu_pro:test:2019,psychology,10,109,1922,b189ec765aa7ed75c8acfea42df31fdae71f97be,I
mmlu_pro:test:2020,psychology,10,110,1923,b189ec765aa7ed75c8acfea42df31fdae71f97be,B
mmlu_pro:test:2021,psychology,10,140,1924,b189ec765aa7ed75c8acfea42df31fdae71f97be,I
mmlu_pro:test:2022,psychology,10,159,1925,b189ec765aa7ed75c8acfea42df31fdae71f97be,I
mmlu_pro:test:2023,psychology,10,67,1926,b189ec765aa7ed75c8acfea42df31fdae71f97be,E
mmlu_pro:test:2024,psychology,10,175,1927,b189ec765aa7ed75c8acfea42df31fdae71f97be,G
mmlu_pro:test:2026,psychology,10,225,1928,b189ec765aa7ed75c8acfea42df31fdae71f97be,I
mmlu_pro:test:2027,psychology,10,86,1929,b189ec765aa7ed75c8acfea42df31fdae71f97be,G
mmlu_pro:test:2028,psychology,10,119,1930,b189ec765aa7ed75c8acfea42df31fdae71f97be,G
mmlu_pro:test:2029,psychology,7,108,1931,b189ec765aa7ed75c8acfea42df31fdae71f97be,A
mmlu_pro:test:2030,psychology,10,303,1932,b189ec765aa7ed75c8acfea42df31fdae71f97be,F
mmlu_pro:test:2031,psychology,10,382,1933,b189ec765aa7ed75c8acfea42df31fdae71f97be,E
mmlu_pro:test:2032,psychology,10,75,1934,b189ec765aa7ed75c8acfea42df31fdae71f97be,I
mmlu_pro:test:2033,psychology,10,180,1935,b189ec765aa7ed75c8acfea42df31fdae71f97be,J
mmlu_pro:test:2034,psychology,10,75,1936,b189ec765aa7ed75c8acfea42df31fdae71f97be,H
mmlu_pro:test:2035,psychology,10,70,1937,b189ec765aa7ed75c8acfea42df31fdae71f97be,F
mmlu_pro:test:2036,psychology,10,56,1938,b189ec765aa7ed75c8acfea42df31fdae71f97be,F
mmlu_pro:test:2037,psychology,10,52,1939,b189ec765aa7ed75c8acfea42df31fdae71f97be,F
mmlu_pro:test:2039,psychology,10,60,1940,b189ec765aa7ed75c8acfea42df31fdae71f97be,I
mmlu_pro:test:2041,psychology,10,104,1942,b189ec765aa7ed75c8acfea42df31fdae71f97be,H
mmlu_pro:test:2042,psychology,10,140,1943,b189ec765aa7ed75c8acfea42df31fdae71f97be,I
mmlu_pro:test:2043,psychology,10,206,1944,b189ec765aa7ed75c8acfea42df31fdae71f97be,J
mmlu_pro:test:2044,psychology,8,62,1945,b189ec765aa7ed75c8acfea42df31fdae71f97be,B
mmlu_pro:test:2045,psychology,10,71,1946,b189ec765aa7ed75c8acfea42df31fdae71f97be,A
mmlu_pro:test:2046,psychology,10,185,1947,b189ec765aa7ed75c8acfea42df31fdae71f97be,D
mmlu_pro:test:2047,psychology,10,62,1948,b189ec765aa7ed75c8acfea42df31fdae71f97be,F
mmlu_pro:test:2048,psychology,10,158,1949,b189ec765aa7ed75c8acfea42df31fdae71f97be,F
mmlu_pro:test:2049,psychology,10,68,1950,b189ec765aa7ed75c8acfea42df31fdae71f97be,B
mmlu_pro:test:2050,psychology,10,49,1951,b189ec765aa7ed75c8acfea42df31fdae71f97be,D
mmlu_pro:test:2051,psychology,10,50,1952,b189ec765aa7ed75c8acfea42df31fdae71f97be,F
mmlu_pro:test:2052,psychology,10,81,1953,b189ec765aa7ed75c8acfea42df31fdae71f97be,B
mmlu_pro:test:2053,psychology,10,20,1954,b189ec765aa7ed75c8acfea42df31fdae71f97be,F
mmlu_pro:test:2054,psychology,10,91,1955,b189ec765aa7ed75c8acfea42df31fdae71f97be,B
mmlu_pro:test:2055,psychology,10,87,1956,b189ec765aa7ed75c8acfea42df31fdae71f97be,G
mmlu_pro:test:2056,psychology,10,179,1957,b189ec765aa7ed75c8acfea42df31fdae71f97be,A
mmlu_pro:test:2057,psychology,7,82,1958,b189ec765aa7ed75c8acfea42df31fdae71f97be,G
mmlu_pro:test:2058,psychology,10,90,1959,b189ec765aa7ed75c8acfea42df31fdae71f97be,C
mmlu_pro:test:2059,psychology,10,62,1960,b189ec765aa7ed75c8acfea42df31fdae71f97be,C
mmlu_pro:test:2060,psychology,6,101,1961,b189ec765aa7ed75c8acfea42df31fdae71f97be,F
mmlu_pro:test:2061,psychology,10,36,1962,b189ec765aa7ed75c8acfea42df31fdae71f97be,G
mmlu_pro:test:2062,psychology,10,112,1963,b189ec765aa7ed75c8acfea42df31fdae71f97be,C
mmlu_pro:test:2063,psychology,10,203,1964,b189ec765aa7ed75c8acfea42df31fdae71f97be,G
mmlu_pro:test:2064,psychology,10,121,1965,b189ec765aa7ed75c8acfea42df31fdae71f97be,E
mmlu_pro:test:2065,psychology,10,285,1966,b189ec765aa7ed75c8acfea42df31fdae71f97be,H
mmlu_pro:test:2067,psychology,10,102,1968,b189ec765aa7ed75c8acfea42df31fdae71f97be,B
mmlu_pro:test:2068,psychology,10,216,1969,b189ec765aa7ed75c8acfea42df31fdae71f97be,I
mmlu_pro:test:2069,psychology,10,394,1970,b189ec765aa7ed75c8acfea42df31fdae71f97be,D
mmlu_pro:test:2070,psychology,6,140,1971,b189ec765aa7ed75c8acfea42df31fdae71f97be,F
mmlu_pro:test:2071,psychology,10,147,1972,b189ec765aa7ed75c8acfea42df31fdae71f97be,D
mmlu_pro:test:2072,psychology,10,73,1973,b189ec765aa7ed75c8acfea42df31fdae71f97be,B
mmlu_pro:test:2073,psychology,10,389,1974,b189ec765aa7ed75c8acfea42df31fdae71f97be,C
mmlu_pro:test:2074,psychology,10,90,1975,b189ec765aa7ed75c8acfea42df31fdae71f97be,C
mmlu_pro:test:2075,psychology,9,102,1976,b189ec765aa7ed75c8acfea42df31fdae71f97be,I
mmlu_pro:test:2076,psychology,9,195,1977,b189ec765aa7ed75c8acfea42df31fdae71f97be,E
mmlu_pro:test:2078,psychology,10,295,1979,b189ec765aa7ed75c8acfea42df31fdae71f97be,J
mmlu_pro:test:2079,psychology,7,68,1980,b189ec765aa7ed75c8acfea42df31fdae71f97be,B
mmlu_pro:test:2080,psychology,10,142,1981,b189ec765aa7ed75c8acfea42df31fdae71f97be,D
mmlu_pro:test:2081,psychology,10,44,1982,b189ec765aa7ed75c8acfea42df31fdae71f97be,G
mmlu_pro:test:2082,psychology,10,192,1983,b189ec765aa7ed75c8acfea42df31fdae71f97be,F
mmlu_pro:test:2083,psychology,10,158,1984,b189ec765aa7ed75c8acfea42df31fdae71f97be,G
mmlu_pro:test:2084,psychology,10,169,1985,b189ec765aa7ed75c8acfea42df31fdae71f97be,G
mmlu_pro:test:2085,psychology,10,110,1986,b189ec765aa7ed75c8acfea42df31fdae71f97be,B
mmlu_pro:test:2086,psychology,10,189,1987,b189ec765aa7ed75c8acfea42df31fdae71f97be,J
mmlu_pro:test:2087,psychology,10,99,1988,b189ec765aa7ed75c8acfea42df31fdae71f97be,G
mmlu_pro:test:2088,psychology,10,148,1989,b189ec765aa7ed75c8acfea42df31fdae71f97be,J
mmlu_pro:test:2090,psychology,10,81,1991,b189ec765aa7ed75c8acfea42df31fdae71f97be,J
mmlu_pro:test:2091,psychology,10,48,1992,b189ec765aa7ed75c8acfea42df31fdae71f97be,J
mmlu_pro:test:2092,psychology,10,67,1993,b189ec765aa7ed75c8acfea42df31fdae71f97be,E
mmlu_pro:test:2093,psychology,10,75,1994,b189ec765aa7ed75c8acfea42df31fdae71f97be,F
mmlu_pro:test:2095,psychology,8,323,1995,b189ec765aa7ed75c8acfea42df31fdae71f97be,F
mmlu_pro:test:2096,psychology,10,69,1996,b189ec765aa7ed75c8acfea42df31fdae71f97be,A
mmlu_pro:test:2098,psychology,10,115,1998,b189ec765aa7ed75c8acfea42df31fdae71f97be,E
mmlu_pro:test:2099,psychology,4,280,1999,b189ec765aa7ed75c8acfea42df31fdae71f97be,A
mmlu_pro:test:2100,psychology,7,103,2000,b189ec765aa7ed75c8acfea42df31fdae71f97be,D
mmlu_pro:test:2101,psychology,10,63,2001,b189ec765aa7ed75c8acfea42df31fdae71f97be,A
mmlu_pro:test:2102,psychology,10,256,2002,b189ec765aa7ed75c8acfea42df31fdae71f97be,B
mmlu_pro:test:2103,psychology,10,141,2003,b189ec765aa7ed75c8acfea42df31fdae71f97be,B
mmlu_pro:test:2104,psychology,10,117,2004,b189ec765aa7ed75c8acfea42df31fdae71f97be,J
mmlu_pro:test:2105,psychology,10,192,2005,b189ec765aa7ed75c8acfea42df31fdae71f97be,C
mmlu_pro:test:2106,psychology,10,315,2006,b189ec765aa7ed75c8acfea42df31fdae71f97be,G
mmlu_pro:test:2107,psychology,10,47,2007,b189ec765aa7ed75c8acfea42df31fdae71f97be,C
mmlu_pro:test:2108,psychology,10,46,2008,b189ec765aa7ed75c8acfea42df31fdae71f97be,B
mmlu_pro:test:2109,psychology,10,98,2009,b189ec765aa7ed75c8acfea42df31fdae71f97be,F
mmlu_pro:test:2110,psychology,10,48,2010,b189ec765aa7ed75c8acfea42df31fdae71f97be,J
mmlu_pro:test:2111,psychology,10,144,2011,b189ec765aa7ed75c8acfea42df31fdae71f97be,A
mmlu_pro:test:2112,psychology,10,45,2012,b189ec765aa7ed75c8acfea42df31fdae71f97be,E
mmlu_pro:test:2113,psychology,10,66,2013,b189ec765aa7ed75c8acfea42df31fdae71f97be,J
mmlu_pro:test:2114,psychology,10,113,2014,b189ec765aa7ed75c8acfea42df31fdae71f97be,J
mmlu_pro:test:2115,psychology,10,169,2015,b189ec765aa7ed75c8acfea42df31fdae71f97be,I
mmlu_pro:test:2116,psychology,10,51,2016,b189ec765aa7ed75c8acfea42df31fdae71f97be,B
mmlu_pro:test:2117,psychology,7,137,2017,b189ec765aa7ed75c8acfea42df31fdae71f97be,F
mmlu_pro:test:2118,psychology,10,70,2018,b189ec765aa7ed75c8acfea42df31fdae71f97be,J
mmlu_pro:test:2119,psychology,10,255,2019,b189ec765aa7ed75c8acfea42df31fdae71f97be,E
mmlu_pro:test:2120,psychology,10,97,2020,b189ec765aa7ed75c8acfea42df31fdae71f97be,F
mmlu_pro:test:2121,psychology,10,135,2021,b189ec765aa7ed75c8acfea42df31fdae71f97be,F
mmlu_pro:test:2122,psychology,10,84,2022,b189ec765aa7ed75c8acfea42df31fdae71f97be,A
mmlu_pro:test:2123,psychology,10,57,2023,b189ec765aa7ed75c8acfea42df31fdae71f97be,B
mmlu_pro:test:2124,psychology,10,53,2024,b189ec765aa7ed75c8acfea42df31fdae71f97be,G
mmlu_pro:test:2125,psychology,10,112,2025,b189ec765aa7ed75c8acfea42df31fdae71f97be,E
mmlu_pro:test:2126,psychology,10,38,2026,b189ec765aa7ed75c8acfea42df31fdae71f97be,A
mmlu_pro:test:2127,psychology,10,129,2027,b189ec765aa7ed75c8acfea42df31fdae71f97be,B
mmlu_pro:test:2128,psychology,10,76,2028,b189ec765aa7ed75c8acfea42df31fdae71f97be,I
mmlu_pro:test:2129,psychology,4,79,2029,b189ec765aa7ed75c8acfea42df31fdae71f97be,A
mmlu_pro:test:2131,psychology,7,69,2031,b189ec765aa7ed75c8acfea42df31fdae71f97be,E
mmlu_pro:test:2132,psychology,10,153,2032,b189ec765aa7ed75c8acfea42df31fdae71f97be,C
mmlu_pro:test:2133,psychology,10,178,2033,b189ec765aa7ed75c8acfea42df31fdae71f97be,H
mmlu_pro:test:2134,psychology,10,157,2034,b189ec765aa7ed75c8acfea42df31fdae71f97be,J
mmlu_pro:test:2135,psychology,7,260,2035,b189ec765aa7ed75c8acfea42df31fdae71f97be,C
mmlu_pro:test:2136,psychology,4,79,2036,b189ec765aa7ed75c8acfea42df31fdae71f97be,C
mmlu_pro:test:2137,psychology,10,242,2037,b189ec765aa7ed75c8acfea42df31fdae71f97be,A
mmlu_pro:test:2138,psychology,10,210,2038,b189ec765aa7ed75c8acfea42df31fdae71f97be,D
mmlu_pro:test:2139,psychology,10,64,2039,b189ec765aa7ed75c8acfea42df31fdae71f97be,A
mmlu_pro:test:2141,psychology,10,235,2041,b189ec765aa7ed75c8acfea42df31fdae71f97be,G
mmlu_pro:test:2142,psychology,10,494,2042,b189ec765aa7ed75c8acfea42df31fdae71f97be,C
mmlu_pro:test:2143,psychology,10,108,2043,b189ec765aa7ed75c8acfea42df31fdae71f97be,G
mmlu_pro:test:2144,psychology,10,115,2044,b189ec765aa7ed75c8acfea42df31fdae71f97be,D
mmlu_pro:test:2145,psychology,7,254,2045,b189ec765aa7ed75c8acfea42df31fdae71f97be,C
mmlu_pro:test:2146,psychology,9,93,2046,b189ec765aa7ed75c8acfea42df31fdae71f97be,H
mmlu_pro:test:2147,psychology,10,63,2047,b189ec765aa7ed75c8acfea42df31fdae71f97be,J
mmlu_pro:test:2148,psychology,10,49,2048,b189ec765aa7ed75c8acfea42df31fdae71f97be,F
mmlu_pro:test:2149,psychology,10,127,2049,b189ec765aa7ed75c8acfea42df31fdae71f97be,C
mmlu_pro:test:2150,psychology,10,233,2050,b189ec765aa7ed75c8acfea42df31fdae71f97be,F
mmlu_pro:test:2151,psychology,7,135,2051,b189ec765aa7ed75c8acfea42df31fdae71f97be,B
mmlu_pro:test:2152,psychology,10,146,2052,b189ec765aa7ed75c8acfea42df31fdae71f97be,B
mmlu_pro:test:2153,psychology,10,95,2053,b189ec765aa7ed75c8acfea42df31fdae71f97be,D
mmlu_pro:test:2154,psychology,10,108,2054,b189ec765aa7ed75c8acfea42df31fdae71f97be,I
mmlu_pro:test:2155,psychology,9,241,2055,b189ec765aa7ed75c8acfea42df31fdae71f97be,C
mmlu_pro:test:2156,psychology,10,333,2056,b189ec765aa7ed75c8acfea42df31fdae71f97be,A
mmlu_pro:test:2157,psychology,10,64,2057,b189ec765aa7ed75c8acfea42df31fdae71f97be,H
mmlu_pro:test:2158,psychology,4,122,2058,b189ec765aa7ed75c8acfea42df31fdae71f97be,B
mmlu_pro:test:2159,psychology,10,117,2059,b189ec765aa7ed75c8acfea42df31fdae71f97be,H
mmlu_pro:test:2160,psychology,10,74,2060,b189ec765aa7ed75c8acfea42df31fdae71f97be,E
mmlu_pro:test:2161,psychology,10,97,2061,b189ec765aa7ed75c8acfea42df31fdae71f97be,B
mmlu_pro:test:2162,psychology,10,107,2062,b189ec765aa7ed75c8acfea42df31fdae71f97be,D
mmlu_pro:test:2163,psychology,10,142,2063,b189ec765aa7ed75c8acfea42df31fdae71f97be,H
mmlu_pro:test:2164,psychology,10,52,2064,b189ec765aa7ed75c8acfea42df31fdae71f97be,C
mmlu_pro:test:2165,psychology,10,73,2065,b189ec765aa7ed75c8acfea42df31fdae71f97be,G
mmlu_pro:test:2166,psychology,10,105,2066,b189ec765aa7ed75c8acfea42df31fdae71f97be,G
mmlu_pro:test:2167,psychology,10,135,2067,b189ec765aa7ed75c8acfea42df31fdae71f97be,I
mmlu_pro:test:2168,psychology,10,94,2068,b189ec765aa7ed75c8acfea42df31fdae71f97be,G
mmlu_pro:test:2169,psychology,9,215,2069,b189ec765aa7ed75c8acfea42df31fdae71f97be,G
mmlu_pro:test:2170,psychology,10,135,2070,b189ec765aa7ed75c8acfea42df31fdae71f97be,H
mmlu_pro:test:2171,psychology,10,159,2071,b189ec765aa7ed75c8acfea42df31fdae71f97be,E
mmlu_pro:test:2172,psychology,10,110,2072,b189ec765aa7ed75c8acfea42df31fdae71f97be,E
mmlu_pro:test:2173,psychology,10,327,2073,b189ec765aa7ed75c8acfea42df31fdae71f97be,D
mmlu_pro:test:2174,psychology,10,106,2074,b189ec765aa7ed75c8acfea42df31fdae71f97be,A
mmlu_pro:test:2175,psychology,10,174,2075,b189ec765aa7ed75c8acfea42df31fdae71f97be,G
mmlu_pro:test:2176,psychology,10,89,2076,b189ec765aa7ed75c8acfea42df31fdae71f97be,A
mmlu_pro:test:2177,psychology,10,267,2077,b189ec765aa7ed75c8acfea42df31fdae71f97be,F
mmlu_pro:test:2178,psychology,10,120,2078,b189ec765aa7ed75c8acfea42df31fdae71f97be,F
mmlu_pro:test:2179,psychology,10,59,2079,b189ec765aa7ed75c8acfea42df31fdae71f97be,F
mmlu_pro:test:2181,psychology,10,107,2081,b189ec765aa7ed75c8acfea42df31fdae71f97be,A
mmlu_pro:test:2182,psychology,10,80,2082,b189ec765aa7ed75c8acfea42df31fdae71f97be,I
mmlu_pro:test:2183,psychology,10,97,2083,b189ec765aa7ed75c8acfea42df31fdae71f97be,B
mmlu_pro:test:2184,psychology,10,51,2084,b189ec765aa7ed75c8acfea42df31fdae71f97be,E
mmlu_pro:test:2185,psychology,10,71,2085,b189ec765aa7ed75c8acfea42df31fdae71f97be,D
mmlu_pro:test:2186,psychology,10,160,2086,b189ec765aa7ed75c8acfea42df31fdae71f97be,I
mmlu_pro:test:2187,psychology,10,89,2087,b189ec765aa7ed75c8acfea42df31fdae71f97be,D
mmlu_pro:test:2188,psychology,10,53,2088,b189ec765aa7ed75c8acfea42df31fdae71f97be,J
mmlu_pro:test:2189,psychology,10,40,2089,b189ec765aa7ed75c8acfea42df31fdae71f97be,J
mmlu_pro:test:2190,psychology,10,74,2090,b189ec765aa7ed75c8acfea42df31fdae71f97be,F
mmlu_pro:test:2191,psychology,10,100,2091,b189ec765aa7ed75c8acfea42df31fdae71f97be,E
mmlu_pro:test:2193,psychology,10,243,2093,b189ec765aa7ed75c8acfea42df31fdae71f97be,B
mmlu_pro:test:2194,psychology,10,94,2094,b189ec765aa7ed75c8acfea42df31fdae71f97be,C
mmlu_pro:test:2195,psychology,10,82,2095,b189ec765aa7ed75c8acfea42df31fdae71f97be,H
mmlu_pro:test:2197,psychology,9,211,2097,b189ec765aa7ed75c8acfea42df31fdae71f97be,G
mmlu_pro:test:2198,psychology,10,191,2098,b189ec765aa7ed75c8acfea42df31fdae71f97be,E
mmlu_pro:test:2199,psychology,9,71,2099,b189ec765aa7ed75c8acfea42df31fdae71f97be,D
mmlu_pro:test:2200,psychology,10,90,2100,b189ec765aa7ed75c8acfea42df31fdae71f97be,B
mmlu_pro:test:2201,psychology,10,89,2101,b189ec765aa7ed75c8acfea42df31fdae71f97be,F
mmlu_pro:test:2202,psychology,10,52,2102,b189ec765aa7ed75c8acfea42df31fdae71f97be,G
mmlu_pro:test:2203,psychology,10,146,2103,b189ec765aa7ed75c8acfea42df31fdae71f97be,J
mmlu_pro:test:2204,psychology,6,61,2104,b189ec765aa7ed75c8acfea42df31fdae71f97be,D
mmlu_pro:test:2205,psychology,9,389,2105,b189ec765aa7ed75c8acfea42df31fdae71f97be,D
mmlu_pro:test:2206,psychology,9,264,2106,b189ec765aa7ed75c8acfea42df31fdae71f97be,I
mmlu_pro:test:2207,psychology,10,223,2107,b189ec765aa7ed75c8acfea42df31fdae71f97be,J
mmlu_pro:test:2208,psychology,10,162,2108,b189ec765aa7ed75c8acfea42df31fdae71f97be,C
mmlu_pro:test:2209,psychology,10,140,2109,b189ec765aa7ed75c8acfea42df31fdae71f97be,G
mmlu_pro:test:2211,psychology,6,61,2111,b189ec765aa7ed75c8acfea42df31fdae71f97be,F
mmlu_pro:test:2212,psychology,10,86,2112,b189ec765aa7ed75c8acfea42df31fdae71f97be,H
mmlu_pro:test:2213,psychology,6,61,2113,b189ec765aa7ed75c8acfea42df31fdae71f97be,E
mmlu_pro:test:2214,psychology,10,92,2114,b189ec765aa7ed75c8acfea42df31fdae71f97be,H
mmlu_pro:test:2215,psychology,10,243,2115,b189ec765aa7ed75c8acfea42df31fdae71f97be,E
mmlu_pro:test:2216,psychology,7,149,2116,b189ec765aa7ed75c8acfea42df31fdae71f97be,G
mmlu_pro:test:2217,psychology,10,50,2117,b189ec765aa7ed75c8acfea42df31fdae71f97be,B
mmlu_pro:test:2218,psychology,10,72,2118,b189ec765aa7ed75c8acfea42df31fdae71f97be,C
mmlu_pro:test:2219,psychology,10,95,2119,b189ec765aa7ed75c8acfea42df31fdae71f97be,I
mmlu_pro:test:2220,psychology,10,89,2120,b189ec765aa7ed75c8acfea42df31fdae71f97be,G
mmlu_pro:test:2221,psychology,10,129,2121,b189ec765aa7ed75c8acfea42df31fdae71f97be,C
mmlu_pro:test:2222,psychology,10,106,2122,b189ec765aa7ed75c8acfea42df31fdae71f97be,B
mmlu_pro:test:2224,psychology,8,66,2124,b189ec765aa7ed75c8acfea42df31fdae71f97be,F
mmlu_pro:test:2225,psychology,10,278,2125,b189ec765aa7ed75c8acfea42df31fdae71f97be,J
mmlu_pro:test:2226,psychology,10,144,2126,b189ec765aa7ed75c8acfea42df31fdae71f97be,D
mmlu_pro:test:2227,psychology,10,66,2127,b189ec765aa7ed75c8acfea42df31fdae71f97be,I
mmlu_pro:test:2228,psychology,10,63,2128,b189ec765aa7ed75c8acfea42df31fdae71f97be,J
mmlu_pro:test:2229,psychology,10,100,2129,b189ec765aa7ed75c8acfea42df31fdae71f97be,C
mmlu_pro:test:2230,psychology,10,141,2130,b189ec765aa7ed75c8acfea42df31fdae71f97be,E
mmlu_pro:test:2231,psychology,10,128,2131,b189ec765aa7ed75c8acfea42df31fdae71f97be,E
mmlu_pro:test:2232,psychology,10,20,2132,b189ec765aa7ed75c8acfea42df31fdae71f97be,G
mmlu_pro:test:2233,psychology,7,42,2133,b189ec765aa7ed75c8acfea42df31fdae71f97be,D
mmlu_pro:test:2235,psychology,7,30,2135,b189ec765aa7ed75c8acfea42df31fdae71f97be,A
mmlu_pro:test:2236,psychology,10,94,2136,b189ec765aa7ed75c8acfea42df31fdae71f97be,J
mmlu_pro:test:2237,psychology,10,829,2137,b189ec765aa7ed75c8acfea42df31fdae71f97be,F
mmlu_pro:test:2238,psychology,10,53,2138,b189ec765aa7ed75c8acfea42df31fdae71f97be,J
mmlu_pro:test:2239,psychology,10,65,2139,b189ec765aa7ed75c8acfea42df31fdae71f97be,I
mmlu_pro:test:2240,psychology,10,74,2140,b189ec765aa7ed75c8acfea42df31fdae71f97be,H
mmlu_pro:test:2241,psychology,10,63,2141,b189ec765aa7ed75c8acfea42df31fdae71f97be,J
mmlu_pro:test:2242,psychology,10,93,2142,b189ec765aa7ed75c8acfea42df31fdae71f97be,F
mmlu_pro:test:2243,psychology,9,109,2143,b189ec765aa7ed75c8acfea42df31fdae71f97be,I
mmlu_pro:test:2244,psychology,10,49,2144,b189ec765aa7ed75c8acfea42df31fdae71f97be,E
mmlu_pro:test:2245,psychology,10,53,2145,b189ec765aa7ed75c8acfea42df31fdae71f97be,A
mmlu_pro:test:2246,psychology,10,72,2146,b189ec765aa7ed75c8acfea42df31fdae71f97be,E
mmlu_pro:test:2247,psychology,10,61,2147,b189ec765aa7ed75c8acfea42df31fdae71f97be,I
mmlu_pro:test:2248,psychology,8,31,2148,b189ec765aa7ed75c8acfea42df31fdae71f97be,H
mmlu_pro:test:2249,psychology,10,68,2149,b189ec765aa7ed75c8acfea42df31fdae71f97be,A
mmlu_pro:test:2251,psychology,10,71,2150,b189ec765aa7ed75c8acfea42df31fdae71f97be,A
mmlu_pro:test:2252,psychology,10,21,2151,b189ec765aa7ed75c8acfea42df31fdae71f97be,G
mmlu_pro:test:2253,psychology,4,50,2152,b189ec765aa7ed75c8acfea42df31fdae71f97be,A
mmlu_pro:test:2254,psychology,10,63,2153,b189ec765aa7ed75c8acfea42df31fdae71f97be,E
mmlu_pro:test:2255,psychology,4,89,2154,b189ec765aa7ed75c8acfea42df31fdae71f97be,C
mmlu_pro:test:2256,psychology,10,35,2155,b189ec765aa7ed75c8acfea42df31fdae71f97be,J
mmlu_pro:test:2257,psychology,10,99,2156,b189ec765aa7ed75c8acfea42df31fdae71f97be,D
mmlu_pro:test:2258,psychology,7,93,2157,b189ec765aa7ed75c8acfea42df31fdae71f97be,A
mmlu_pro:test:2259,psychology,6,74,2158,b189ec765aa7ed75c8acfea42df31fdae71f97be,B
mmlu_pro:test:2260,psychology,10,118,2159,b189ec765aa7ed75c8acfea42df31fdae71f97be,F
mmlu_pro:test:2261,psychology,10,114,2160,b189ec765aa7ed75c8acfea42df31fdae71f97be,E
mmlu_pro:test:2262,psychology,10,335,2161,b189ec765aa7ed75c8acfea42df31fdae71f97be,J
mmlu_pro:test:2263,psychology,10,74,2162,b189ec765aa7ed75c8acfea42df31fdae71f97be,H
mmlu_pro:test:2264,psychology,10,59,2163,b189ec765aa7ed75c8acfea42df31fdae71f97be,G
mmlu_pro:test:2265,psychology,10,255,2164,b189ec765aa7ed75c8acfea42df31fdae71f97be,G
mmlu_pro:test:2266,psychology,7,283,2165,b189ec765aa7ed75c8acfea42df31fdae71f97be,G
mmlu_pro:test:2267,psychology,10,169,2166,b189ec765aa7ed75c8acfea42df31fdae71f97be,C
mmlu_pro:test:2268,psychology,9,137,2167,b189ec765aa7ed75c8acfea42df31fdae71f97be,B
mmlu_pro:test:2269,psychology,10,80,2168,b189ec765aa7ed75c8acfea42df31fdae71f97be,G
mmlu_pro:test:2270,psychology,10,97,2169,b189ec765aa7ed75c8acfea42df31fdae71f97be,B
mmlu_pro:test:2271,psychology,9,157,2170,b189ec765aa7ed75c8acfea42df31fdae71f97be,C
mmlu_pro:test:2272,psychology,9,72,2171,b189ec765aa7ed75c8acfea42df31fdae71f97be,E
mmlu_pro:test:2273,psychology,10,107,2172,b189ec765aa7ed75c8acfea42df31fdae71f97be,G
mmlu_pro:test:2274,psychology,9,206,2173,b189ec765aa7ed75c8acfea42df31fdae71f97be,F
mmlu_pro:test:2275,psychology,10,190,2174,b189ec765aa7ed75c8acfea42df31fdae71f97be,B
mmlu_pro:test:2276,psychology,10,415,2175,b189ec765aa7ed75c8acfea42df31fdae71f97be,H
mmlu_pro:test:2277,psychology,10,92,2176,b189ec765aa7ed75c8acfea42df31fdae71f97be,B
mmlu_pro:test:2278,psychology,10,82,2177,b189ec765aa7ed75c8acfea42df31fdae71f97be,I
mmlu_pro:test:2279,psychology,10,46,2178,b189ec765aa7ed75c8acfea42df31fdae71f97be,A
mmlu_pro:test:2280,psychology,10,81,2179,b189ec765aa7ed75c8acfea42df31fdae71f97be,F
mmlu_pro:test:2281,psychology,10,362,2180,b189ec765aa7ed75c8acfea42df31fdae71f97be,C
mmlu_pro:test:2282,psychology,10,44,2181,b189ec765aa7ed75c8acfea42df31fdae71f97be,H
mmlu_pro:test:2283,psychology,10,81,2182,b189ec765aa7ed75c8acfea42df31fdae71f97be,H
mmlu_pro:test:2285,psychology,10,98,2184,b189ec765aa7ed75c8acfea42df31fdae71f97be,G
mmlu_pro:test:2286,psychology,4,62,2185,b189ec765aa7ed75c8acfea42df31fdae71f97be,B
mmlu_pro:test:2288,psychology,10,209,2187,b189ec765aa7ed75c8acfea42df31fdae71f97be,A
mmlu_pro:test:2289,psychology,10,76,2188,b189ec765aa7ed75c8acfea42df31fdae71f97be,G
mmlu_pro:test:2290,psychology,6,69,2189,b189ec765aa7ed75c8acfea42df31fdae71f97be,A
mmlu_pro:test:2291,psychology,10,329,2190,b189ec765aa7ed75c8acfea42df31fdae71f97be,C
mmlu_pro:test:2292,psychology,10,120,2191,b189ec765aa7ed75c8acfea42df31fdae71f97be,E
mmlu_pro:test:2293,psychology,7,22,2192,b189ec765aa7ed75c8acfea42df31fdae71f97be,D
mmlu_pro:test:2294,psychology,10,95,2193,b189ec765aa7ed75c8acfea42df31fdae71f97be,F
mmlu_pro:test:2295,psychology,10,108,2194,b189ec765aa7ed75c8acfea42df31fdae71f97be,J
mmlu_pro:test:2296,psychology,7,54,2195,b189ec765aa7ed75c8acfea42df31fdae71f97be,A
mmlu_pro:test:2297,psychology,10,360,2196,b189ec765aa7ed75c8acfea42df31fdae71f97be,B
mmlu_pro:test:2298,psychology,10,279,2197,b189ec765aa7ed75c8acfea42df31fdae71f97be,G
mmlu_pro:test:2299,psychology,5,66,2198,b189ec765aa7ed75c8acfea42df31fdae71f97be,A
mmlu_pro:test:2300,psychology,10,73,2199,b189ec765aa7ed75c8acfea42df31fdae71f97be,A
mmlu_pro:test:2301,psychology,10,19,2200,b189ec765aa7ed75c8acfea42df31fdae71f97be,B
mmlu_pro:test:2302,psychology,10,68,2201,b189ec765aa7ed75c8acfea42df31fdae71f97be,E
mmlu_pro:test:2303,psychology,10,103,2202,b189ec765aa7ed75c8acfea42df31fdae71f97be,I
mmlu_pro:test:2304,psychology,10,120,2203,b189ec765aa7ed75c8acfea42df31fdae71f97be,C
mmlu_pro:test:2305,psychology,10,193,2204,b189ec765aa7ed75c8acfea42df31fdae71f97be,J
mmlu_pro:test:2306,psychology,10,188,2205,b189ec765aa7ed75c8acfea42df31fdae71f97be,F
mmlu_pro:test:2307,psychology,9,77,2206,b189ec765aa7ed75c8acfea42df31fdae71f97be,I
mmlu_pro:test:2308,psychology,10,68,2207,b189ec765aa7ed75c8acfea42df31fdae71f97be,H
mmlu_pro:test:2309,psychology,10,87,2208,b189ec765aa7ed75c8acfea42df31fdae71f97be,H
mmlu_pro:test:2310,psychology,10,49,2209,b189ec765aa7ed75c8acfea42df31fdae71f97be,C
mmlu_pro:test:2311,psychology,7,63,2210,b189ec765aa7ed75c8acfea42df31fdae71f97be,F
mmlu_pro:test:2312,psychology,10,73,2211,b189ec765aa7ed75c8acfea42df31fdae71f97be,E
mmlu_pro:test:2313,psychology,10,91,2212,b189ec765aa7ed75c8acfea42df31fdae71f97be,E
mmlu_pro:test:2314,psychology,8,92,2213,b189ec765aa7ed75c8acfea42df31fdae71f97be,D
mmlu_pro:test:2315,psychology,9,90,2214,b189ec765aa7ed75c8acfea42df31fdae71f97be,D
mmlu_pro:test:2316,psychology,10,145,2215,b189ec765aa7ed75c8acfea42df31fdae71f97be,B
mmlu_pro:test:2318,psychology,10,64,2217,b189ec765aa7ed75c8acfea42df31fdae71f97be,C
mmlu_pro:test:2319,psychology,10,17,2218,b189ec765aa7ed75c8acfea42df31fdae71f97be,B
mmlu_pro:test:2320,psychology,10,74,2219,b189ec765aa7ed75c8acfea42df31fdae71f97be,F
mmlu_pro:test:2321,psychology,10,88,2220,b189ec765aa7ed75c8acfea42df31fdae71f97be,J
mmlu_pro:test:2323,psychology,4,107,2222,b189ec765aa7ed75c8acfea42df31fdae71f97be,A
mmlu_pro:test:2324,psychology,10,67,2223,b189ec765aa7ed75c8acfea42df31fdae71f97be,G
mmlu_pro:test:2325,psychology,10,49,2224,b189ec765aa7ed75c8acfea42df31fdae71f97be,C
mmlu_pro:test:2326,psychology,10,55,2225,b189ec765aa7ed75c8acfea42df31fdae71f97be,J
mmlu_pro:test:2327,psychology,10,115,2226,b189ec765aa7ed75c8acfea42df31fdae71f97be,E
mmlu_pro:test:2328,psychology,10,89,2227,b189ec765aa7ed75c8acfea42df31fdae71f97be,C
mmlu_pro:test:2329,psychology,10,67,2228,b189ec765aa7ed75c8acfea42df31fdae71f97be,C
mmlu_pro:test:2330,psychology,10,55,2229,b189ec765aa7ed75c8acfea42df31fdae71f97be,E
mmlu_pro:test:2332,psychology,9,117,2231,b189ec765aa7ed75c8acfea42df31fdae71f97be,B
mmlu_pro:test:2333,psychology,10,220,2232,b189ec765aa7ed75c8acfea42df31fdae71f97be,E
mmlu_pro:test:2334,psychology,8,185,2233,b189ec765aa7ed75c8acfea42df31fdae71f97be,D
mmlu_pro:test:2335,psychology,10,71,2234,b189ec765aa7ed75c8acfea42df31fdae71f97be,F
mmlu_pro:test:2336,psychology,9,43,2235,b189ec765aa7ed75c8acfea42df31fdae71f97be,C
mmlu_pro:test:2337,psychology,6,74,2236,b189ec765aa7ed75c8acfea42df31fdae71f97be,D
mmlu_pro:test:2338,psychology,9,34,2237,b189ec765aa7ed75c8acfea42df31fdae71f97be,D
mmlu_pro:test:2339,psychology,10,263,2238,b189ec765aa7ed75c8acfea42df31fdae71f97be,H
mmlu_pro:test:2340,psychology,10,77,2239,b189ec765aa7ed75c8acfea42df31fdae71f97be,J
mmlu_pro:test:2341,psychology,10,259,2240,b189ec765aa7ed75c8acfea42df31fdae71f97be,D
mmlu_pro:test:2342,psychology,10,79,2241,b189ec765aa7ed75c8acfea42df31fdae71f97be,I
mmlu_pro:test:2343,psychology,10,222,2242,b189ec765aa7ed75c8acfea42df31fdae71f97be,A
mmlu_pro:test:2344,psychology,10,99,2243,b189ec765aa7ed75c8acfea42df31fdae71f97be,C
mmlu_pro:test:2345,psychology,10,89,2244,b189ec765aa7ed75c8acfea42df31fdae71f97be,F
mmlu_pro:test:2346,psychology,10,117,2245,b189ec765aa7ed75c8acfea42df31fdae71f97be,G
mmlu_pro:test:2347,psychology,10,106,2246,b189ec765aa7ed75c8acfea42df31fdae71f97be,F
mmlu_pro:test:2348,psychology,8,211,2247,b189ec765aa7ed75c8acfea42df31fdae71f97be,E
mmlu_pro:test:2349,psychology,10,119,2248,b189ec765aa7ed75c8acfea42df31fdae71f97be,A
mmlu_pro:test:2350,psychology,10,48,2249,b189ec765aa7ed75c8acfea42df31fdae71f97be,B
mmlu_pro:test:2351,psychology,10,164,2250,b189ec765aa7ed75c8acfea42df31fdae71f97be,B
mmlu_pro:test:2352,psychology,10,181,2251,b189ec765aa7ed75c8acfea42df31fdae71f97be,B
mmlu_pro:test:2353,psychology,10,85,2252,b189ec765aa7ed75c8acfea42df31fdae71f97be,F
mmlu_pro:test:2354,psychology,4,62,2253,b189ec765aa7ed75c8acfea42df31fdae71f97be,D
mmlu_pro:test:2355,psychology,10,73,2254,b189ec765aa7ed75c8acfea42df31fdae71f97be,B
mmlu_pro:test:2356,psychology,10,130,2255,b189ec765aa7ed75c8acfea42df31fdae71f97be,J
mmlu_pro:test:2357,psychology,10,324,2256,b189ec765aa7ed75c8acfea42df31fdae71f97be,I
mmlu_pro:test:2358,psychology,10,46,2257,b189ec765aa7ed75c8acfea42df31fdae71f97be,B
mmlu_pro:test:2359,psychology,10,54,2258,b189ec765aa7ed75c8acfea42df31fdae71f97be,I
mmlu_pro:test:2360,psychology,10,27,2259,b189ec765aa7ed75c8acfea42df31fdae71f97be,D
mmlu_pro:test:2361,psychology,10,94,2260,b189ec765aa7ed75c8acfea42df31fdae71f97be,A
mmlu_pro:test:2363,psychology,10,85,2262,b189ec765aa7ed75c8acfea42df31fdae71f97be,A
mmlu_pro:test:2364,psychology,10,76,2263,b189ec765aa7ed75c8acfea42df31fdae71f97be,B
mmlu_pro:test:2366,psychology,10,80,2265,b189ec765aa7ed75c8acfea42df31fdae71f97be,F
mmlu_pro:test:2367,psychology,10,53,2266,b189ec765aa7ed75c8acfea42df31fdae71f97be,I
mmlu_pro:test:2368,psychology,10,86,2267,b189ec765aa7ed75c8acfea42df31fdae71f97be,C
mmlu_pro:test:2369,psychology,9,63,2268,b189ec765aa7ed75c8acfea42df31fdae71f97be,G
mmlu_pro:test:2370,psychology,10,44,2269,b189ec765aa7ed75c8acfea42df31fdae71f97be,G
mmlu_pro:test:2371,psychology,10,71,2270,b189ec765aa7ed75c8acfea42df31fdae71f97be,D
mmlu_pro:test:2372,psychology,10,61,2271,b189ec765aa7ed75c8acfea42df31fdae71f97be,D
mmlu_pro:test:2373,psychology,10,53,2272,b189ec765aa7ed75c8acfea42df31fdae71f97be,J
mmlu_pro:test:2374,psychology,10,203,2273,b189ec765aa7ed75c8acfea42df31fdae71f97be,E
mmlu_pro:test:2375,psychology,10,49,2274,b189ec765aa7ed75c8acfea42df31fdae71f97be,D
mmlu_pro:test:2376,psychology,7,79,2275,b189ec765aa7ed75c8acfea42df31fdae71f97be,F
mmlu_pro:test:2377,psychology,10,203,2276,b189ec765aa7ed75c8acfea42df31fdae71f97be,J
mmlu_pro:test:2379,psychology,10,126,2278,b189ec765aa7ed75c8acfea42df31fdae71f97be,I
mmlu_pro:test:2380,psychology,10,260,2279,b189ec765aa7ed75c8acfea42df31fdae71f97be,F
mmlu_pro:test:2381,psychology,10,190,2280,b189ec765aa7ed75c8acfea42df31fdae71f97be,D
mmlu_pro:test:2383,psychology,10,155,2282,b189ec765aa7ed75c8acfea42df31fdae71f97be,H
mmlu_pro:test:2384,psychology,9,168,2283,b189ec765aa7ed75c8acfea42df31fdae71f97be,G
mmlu_pro:test:2385,psychology,10,170,2284,b189ec765aa7ed75c8acfea42df31fdae71f97be,I
mmlu_pro:test:2386,psychology,4,108,2285,b189ec765aa7ed75c8acfea42df31fdae71f97be,D
mmlu_pro:test:2387,psychology,10,272,2286,b189ec765aa7ed75c8acfea42df31fdae71f97be,A
mmlu_pro:test:2388,psychology,9,373,2287,b189ec765aa7ed75c8acfea42df31fdae71f97be,G
mmlu_pro:test:2389,psychology,8,277,2288,b189ec765aa7ed75c8acfea42df31fdae71f97be,B
mmlu_pro:test:2390,psychology,10,149,2289,b189ec765aa7ed75c8acfea42df31fdae71f97be,H
mmlu_pro:test:2391,psychology,9,118,2290,b189ec765aa7ed75c8acfea42df31fdae71f97be,E
mmlu_pro:test:2392,psychology,10,106,2291,b189ec765aa7ed75c8acfea42df31fdae71f97be,I
mmlu_pro:test:2393,psychology,10,71,2292,b189ec765aa7ed75c8acfea42df31fdae71f97be,F
mmlu_pro:test:2394,psychology,10,192,2293,b189ec765aa7ed75c8acfea42df31fdae71f97be,A
mmlu_pro:test:2395,psychology,9,207,2294,b189ec765aa7ed75c8acfea42df31fdae71f97be,D
mmlu_pro:test:2396,psychology,9,28,2295,b189ec765aa7ed75c8acfea42df31fdae71f97be,H
mmlu_pro:test:2397,psychology,10,139,2296,b189ec765aa7ed75c8acfea42df31fdae71f97be,G
mmlu_pro:test:2398,psychology,10,269,2297,b189ec765aa7ed75c8acfea42df31fdae71f97be,H
mmlu_pro:test:2399,psychology,10,211,2298,b189ec765aa7ed75c8acfea42df31fdae71f97be,F
mmlu_pro:test:2400,psychology,10,94,2299,b189ec765aa7ed75c8acfea42df31fdae71f97be,B
mmlu_pro:test:2401,psychology,10,198,2300,b189ec765aa7ed75c8acfea42df31fdae71f97be,I
mmlu_pro:test:2403,psychology,10,169,2301,b189ec765aa7ed75c8acfea42df31fdae71f97be,J
mmlu_pro:test:2404,psychology,10,59,2302,b189ec765aa7ed75c8acfea42df31fdae71f97be,D
mmlu_pro:test:2405,psychology,10,154,2303,b189ec765aa7ed75c8acfea42df31fdae71f97be,E
mmlu_pro:test:2406,psychology,10,70,2304,b189ec765aa7ed75c8acfea42df31fdae71f97be,B
mmlu_pro:test:2407,psychology,10,245,2305,b189ec765aa7ed75c8acfea42df31fdae71f97be,A
mmlu_pro:test:2408,psychology,10,295,2306,b189ec765aa7ed75c8acfea42df31fdae71f97be,I
mmlu_pro:test:2409,psychology,10,72,2307,b189ec765aa7ed75c8acfea42df31fdae71f97be,E
mmlu_pro:test:2410,psychology,10,73,2308,b189ec765aa7ed75c8acfea42df31fdae71f97be,C
mmlu_pro:test:2411,psychology,10,86,2309,b189ec765aa7ed75c8acfea42df31fdae71f97be,E
mmlu_pro:test:2412,psychology,10,44,2310,b189ec765aa7ed75c8acfea42df31fdae71f97be,C
mmlu_pro:test:2413,psychology,10,85,2311,b189ec765aa7ed75c8acfea42df31fdae71f97be,I
mmlu_pro:test:2414,psychology,10,120,2312,b189ec765aa7ed75c8acfea42df31fdae71f97be,C
mmlu_pro:test:2415,psychology,10,35,2313,b189ec765aa7ed75c8acfea42df31fdae71f97be,E
mmlu_pro:test:2416,psychology,10,91,2314,b189ec765aa7ed75c8acfea42df31fdae71f97be,J
mmlu_pro:test:2417,psychology,10,60,2315,b189ec765aa7ed75c8acfea42df31fdae71f97be,J
mmlu_pro:test:2418,psychology,10,77,2316,b189ec765aa7ed75c8acfea42df31fdae71f97be,H
mmlu_pro:test:2419,psychology,10,46,2317,b189ec765aa7ed75c8acfea42df31fdae71f97be,F
mmlu_pro:test:2420,psychology,10,211,2318,b189ec765aa7ed75c8acfea42df31fdae71f97be,A
mmlu_pro:test:2421,psychology,10,92,2319,b189ec765aa7ed75c8acfea42df31fdae71f97be,D
mmlu_pro:test:2422,psychology,10,66,2320,b189ec765aa7ed75c8acfea42df31fdae71f97be,B
mmlu_pro:test:2423,psychology,10,152,2321,b189ec765aa7ed75c8acfea42df31fdae71f97be,C
mmlu_pro:test:2424,psychology,10,102,2322,b189ec765aa7ed75c8acfea42df31fdae71f97be,I
mmlu_pro:test:2425,psychology,10,65,2323,b189ec765aa7ed75c8acfea42df31fdae71f97be,B
mmlu_pro:test:2426,psychology,10,60,2324,b189ec765aa7ed75c8acfea42df31fdae71f97be,H
mmlu_pro:test:2427,psychology,10,84,2325,b189ec765aa7ed75c8acfea42df31fdae71f97be,G
mmlu_pro:test:2428,psychology,6,123,2326,b189ec765aa7ed75c8acfea42df31fdae71f97be,C
mmlu_pro:test:2429,psychology,10,118,2327,b189ec765aa7ed75c8acfea42df31fdae71f97be,B
mmlu_pro:test:2430,psychology,10,38,2328,b189ec765aa7ed75c8acfea42df31fdae71f97be,G
mmlu_pro:test:2431,psychology,9,88,2329,b189ec765aa7ed75c8acfea42df31fdae71f97be,I
mmlu_pro:test:2432,psychology,10,91,2330,b189ec765aa7ed75c8acfea42df31fdae71f97be,E
mmlu_pro:test:2434,psychology,10,373,2331,b189ec765aa7ed75c8acfea42df31fdae71f97be,F
mmlu_pro:test:2435,psychology,8,444,2332,b189ec765aa7ed75c8acfea42df31fdae71f97be,A
mmlu_pro:test:2436,psychology,10,56,2333,b189ec765aa7ed75c8acfea42df31fdae71f97be,D
mmlu_pro:test:2437,psychology,10,74,2334,b189ec765aa7ed75c8acfea42df31fdae71f97be,B
mmlu_pro:test:2438,psychology,10,213,2335,b189ec765aa7ed75c8acfea42df31fdae71f97be,B
mmlu_pro:test:2439,psychology,10,142,2336,b189ec765aa7ed75c8acfea42df31fdae71f97be,H
mmlu_pro:test:2440,psychology,10,82,2337,b189ec765aa7ed75c8acfea42df31fdae71f97be,C
mmlu_pro:test:2441,psychology,10,100,2338,b189ec765aa7ed75c8acfea42df31fdae71f97be,E
mmlu_pro:test:2442,psychology,10,168,2339,b189ec765aa7ed75c8acfea42df31fdae71f97be,G
mmlu_pro:test:2443,psychology,10,91,2340,b189ec765aa7ed75c8acfea42df31fdae71f97be,H
mmlu_pro:test:2444,psychology,9,91,2341,b189ec765aa7ed75c8acfea42df31fdae71f97be,C
mmlu_pro:test:2445,psychology,8,121,2342,b189ec765aa7ed75c8acfea42df31fdae71f97be,F
mmlu_pro:test:2446,psychology,6,97,2343,b189ec765aa7ed75c8acfea42df31fdae71f97be,D
mmlu_pro:test:2447,psychology,9,200,2344,b189ec765aa7ed75c8acfea42df31fdae71f97be,F
mmlu_pro:test:2448,psychology,10,211,2345,b189ec765aa7ed75c8acfea42df31fdae71f97be,I
mmlu_pro:test:2449,psychology,10,361,2346,b189ec765aa7ed75c8acfea42df31fdae71f97be,E
mmlu_pro:test:2450,psychology,10,89,2347,b189ec765aa7ed75c8acfea42df31fdae71f97be,G
mmlu_pro:test:2451,psychology,10,88,2348,b189ec765aa7ed75c8acfea42df31fdae71f97be,D
mmlu_pro:test:2452,psychology,10,59,2349,b189ec765aa7ed75c8acfea42df31fdae71f97be,J
mmlu_pro:test:2453,psychology,5,218,2350,b189ec765aa7ed75c8acfea42df31fdae71f97be,B
mmlu_pro:test:2454,psychology,8,291,2351,b189ec765aa7ed75c8acfea42df31fdae71f97be,B
mmlu_pro:test:2455,psychology,10,93,2352,b189ec765aa7ed75c8acfea42df31fdae71f97be,C
mmlu_pro:test:2456,psychology,7,120,2353,b189ec765aa7ed75c8acfea42df31fdae71f97be,B
mmlu_pro:test:2457,psychology,4,78,2354,b189ec765aa7ed75c8acfea42df31fdae71f97be,A
mmlu_pro:test:2458,psychology,10,34,2355,b189ec765aa7ed75c8acfea42df31fdae71f97be,F
mmlu_pro:test:2459,psychology,10,53,2356,b189ec765aa7ed75c8acfea42df31fdae71f97be,J
mmlu_pro:test:2460,psychology,10,46,2357,b189ec765aa7ed75c8acfea42df31fdae71f97be,D
mmlu_pro:test:2461,psychology,10,109,2358,b189ec765aa7ed75c8acfea42df31fdae71f97be,H
mmlu_pro:test:2462,psychology,6,131,2359,b189ec765aa7ed75c8acfea42df31fdae71f97be,F
mmlu_pro:test:2463,psychology,10,32,2360,b189ec765aa7ed75c8acfea42df31fdae71f97be,C
mmlu_pro:test:2464,psychology,10,75,2361,b189ec765aa7ed75c8acfea42df31fdae71f97be,G
mmlu_pro:test:2465,psychology,10,91,2362,b189ec765aa7ed75c8acfea42df31fdae71f97be,B
mmlu_pro:test:2466,psychology,10,83,2363,b189ec765aa7ed75c8acfea42df31fdae71f97be,E
mmlu_pro:test:2468,psychology,10,71,2365,b189ec765aa7ed75c8acfea42df31fdae71f97be,G
mmlu_pro:test:2469,psychology,10,58,2366,b189ec765aa7ed75c8acfea42df31fdae71f97be,D
mmlu_pro:test:2470,psychology,10,167,2367,b189ec765aa7ed75c8acfea42df31fdae71f97be,C
mmlu_pro:test:2471,psychology,10,211,2368,b189ec765aa7ed75c8acfea42df31fdae71f97be,C
mmlu_pro:test:2472,psychology,10,76,2369,b189ec765aa7ed75c8acfea42df31fdae71f97be,I
mmlu_pro:test:2473,psychology,10,141,2370,b189ec765aa7ed75c8acfea42df31fdae71f97be,C
mmlu_pro:test:2474,psychology,10,46,2371,b189ec765aa7ed75c8acfea42df31fdae71f97be,B
mmlu_pro:test:2475,psychology,10,67,2372,b189ec765aa7ed75c8acfea42df31fdae71f97be,C
mmlu_pro:test:2476,psychology,10,49,2373,b189ec765aa7ed75c8acfea42df31fdae71f97be,C
mmlu_pro:test:2477,psychology,10,72,2374,b189ec765aa7ed75c8acfea42df31fdae71f97be,I
mmlu_pro:test:2478,psychology,6,80,2375,b189ec765aa7ed75c8acfea42df31fdae71f97be,E
mmlu_pro:test:2479,psychology,10,70,2376,b189ec765aa7ed75c8acfea42df31fdae71f97be,I
mmlu_pro:test:2480,psychology,10,75,2377,b189ec765aa7ed75c8acfea42df31fdae71f97be,B
mmlu_pro:test:2481,psychology,10,108,2378,b189ec765aa7ed75c8acfea42df31fdae71f97be,D
mmlu_pro:test:2482,psychology,10,66,2379,b189ec765aa7ed75c8acfea42df31fdae71f97be,I
mmlu_pro:test:2483,psychology,10,48,2380,b189ec765aa7ed75c8acfea42df31fdae71f97be,J
mmlu_pro:test:2484,psychology,10,72,2381,b189ec765aa7ed75c8acfea42df31fdae71f97be,G
mmlu_pro:test:2485,psychology,10,55,2382,b189ec765aa7ed75c8acfea42df31fdae71f97be,A
mmlu_pro:test:2486,psychology,10,115,2383,b189ec765aa7ed75c8acfea42df31fdae71f97be,F
mmlu_pro:test:2487,psychology,10,122,2384,b189ec765aa7ed75c8acfea42df31fdae71f97be,A
mmlu_pro:test:2488,psychology,10,122,2385,b189ec765aa7ed75c8acfea42df31fdae71f97be,E
mmlu_pro:test:2489,psychology,10,58,2386,b189ec765aa7ed75c8acfea42df31fdae71f97be,H
mmlu_pro:test:2490,psychology,10,154,2387,b189ec765aa7ed75c8acfea42df31fdae71f97be,C
mmlu_pro:test:2491,psychology,10,62,2388,b189ec765aa7ed75c8acfea42df31fdae71f97be,H
mmlu_pro:test:2492,psychology,10,185,2389,b189ec765aa7ed75c8acfea42df31fdae71f97be,A
mmlu_pro:test:2493,psychology,10,55,2390,b189ec765aa7ed75c8acfea42df31fdae71f97be,I
mmlu_pro:test:2494,psychology,10,27,2391,b189ec765aa7ed75c8acfea42df31fdae71f97be,G
mmlu_pro:test:2495,psychology,10,126,2392,b189ec765aa7ed75c8acfea42df31fdae71f97be,D
mmlu_pro:test:2496,psychology,10,83,2393,b189ec765aa7ed75c8acfea42df31fdae71f97be,C
mmlu_pro:test:2497,psychology,10,80,2394,b189ec765aa7ed75c8acfea42df31fdae71f97be,A
mmlu_pro:test:2498,psychology,9,56,2395,b189ec765aa7ed75c8acfea42df31fdae71f97be,B
mmlu_pro:test:2499,psychology,10,46,2396,b189ec765aa7ed75c8acfea42df31fdae71f97be,D
mmlu_pro:test:2500,psychology,10,224,2397,b189ec765aa7ed75c8acfea42df31fdae71f97be,F
mmlu_pro:test:2501,psychology,10,237,2398,b189ec765aa7ed75c8acfea42df31fdae71f97be,C
mmlu_pro:test:2502,psychology,10,67,2399,b189ec765aa7ed75c8acfea42df31fdae71f97be,C
mmlu_pro:test:2503,psychology,10,223,2400,b189ec765aa7ed75c8acfea42df31fdae71f97be,J
mmlu_pro:test:2504,psychology,10,109,2401,b189ec765aa7ed75c8acfea42df31fdae71f97be,H
mmlu_pro:test:2505,psychology,9,245,2402,b189ec765aa7ed75c8acfea42df31fdae71f97be,G
mmlu_pro:test:2506,psychology,9,156,2403,b189ec765aa7ed75c8acfea42df31fdae71f97be,G
mmlu_pro:test:2507,psychology,10,179,2404,b189ec765aa7ed75c8acfea42df31fdae71f97be,E
mmlu_pro:test:2508,psychology,10,88,2405,b189ec765aa7ed75c8acfea42df31fdae71f97be,E
mmlu_pro:test:2509,psychology,9,97,2406,b189ec765aa7ed75c8acfea42df31fdae71f97be,C
mmlu_pro:test:2510,psychology,9,84,2407,b189ec765aa7ed75c8acfea42df31fdae71f97be,G
mmlu_pro:test:2511,psychology,4,64,2408,b189ec765aa7ed75c8acfea42df31fdae71f97be,C
mmlu_pro:test:2512,psychology,10,42,2409,b189ec765aa7ed75c8acfea42df31fdae71f97be,E
mmlu_pro:test:2513,psychology,10,104,2410,b189ec765aa7ed75c8acfea42df31fdae71f97be,F
mmlu_pro:test:2514,psychology,10,208,2411,b189ec765aa7ed75c8acfea42df31fdae71f97be,I
mmlu_pro:test:2515,psychology,10,121,2412,b189ec765aa7ed75c8acfea42df31fdae71f97be,B
mmlu_pro:test:2516,psychology,10,133,2413,b189ec765aa7ed75c8acfea42df31fdae71f97be,H
mmlu_pro:test:2517,psychology,9,60,2414,b189ec765aa7ed75c8acfea42df31fdae71f97be,B
mmlu_pro:test:2518,psychology,9,66,2415,b189ec765aa7ed75c8acfea42df31fdae71f97be,F
mmlu_pro:test:2519,psychology,10,80,2416,b189ec765aa7ed75c8acfea42df31fdae71f97be,J
mmlu_pro:test:2520,psychology,10,126,2417,b189ec765aa7ed75c8acfea42df31fdae71f97be,G
mmlu_pro:test:2521,psychology,10,73,2418,b189ec765aa7ed75c8acfea42df31fdae71f97be,B
mmlu_pro:test:2522,psychology,10,134,2419,b189ec765aa7ed75c8acfea42df31fdae71f97be,H
mmlu_pro:test:2523,psychology,10,74,2420,b189ec765aa7ed75c8acfea42df31fdae71f97be,D
mmlu_pro:test:2524,psychology,10,108,2421,b189ec765aa7ed75c8acfea42df31fdae71f97be,G
mmlu_pro:test:2525,psychology,9,234,2422,b189ec765aa7ed75c8acfea42df31fdae71f97be,B
mmlu_pro:test:2526,psychology,10,244,2423,b189ec765aa7ed75c8acfea42df31fdae71f97be,A
mmlu_pro:test:2527,psychology,10,174,2424,b189ec765aa7ed75c8acfea42df31fdae71f97be,H
mmlu_pro:test:2528,psychology,10,171,2425,b189ec765aa7ed75c8acfea42df31fdae71f97be,J
mmlu_pro:test:2529,psychology,10,273,2426,b189ec765aa7ed75c8acfea42df31fdae71f97be,E
mmlu_pro:test:2530,psychology,10,128,2427,b189ec765aa7ed75c8acfea42df31fdae71f97be,C
mmlu_pro:test:2531,psychology,10,241,2428,b189ec765aa7ed75c8acfea42df31fdae71f97be,B
mmlu_pro:test:2532,psychology,10,144,2429,b189ec765aa7ed75c8acfea42df31fdae71f97be,B
mmlu_pro:test:2533,psychology,10,128,2430,b189ec765aa7ed75c8acfea42df31fdae71f97be,E
mmlu_pro:test:2535,psychology,10,144,2432,b189ec765aa7ed75c8acfea42df31fdae71f97be,D
mmlu_pro:test:2536,psychology,10,43,2433,b189ec765aa7ed75c8acfea42df31fdae71f97be,J
mmlu_pro:test:2537,psychology,10,305,2434,b189ec765aa7ed75c8acfea42df31fdae71f97be,D
mmlu_pro:test:2538,psychology,9,76,2435,b189ec765aa7ed75c8acfea42df31fdae71f97be,A
mmlu_pro:test:2539,psychology,10,115,2436,b189ec765aa7ed75c8acfea42df31fdae71f97be,E
mmlu_pro:test:2540,psychology,10,74,2437,b189ec765aa7ed75c8acfea42df31fdae71f97be,G
mmlu_pro:test:2541,psychology,10,61,2438,b189ec765aa7ed75c8acfea42df31fdae71f97be,B
mmlu_pro:test:2542,psychology,10,148,2439,b189ec765aa7ed75c8acfea42df31fdae71f97be,H
mmlu_pro:test:2543,psychology,10,85,2440,b189ec765aa7ed75c8acfea42df31fdae71f97be,H
mmlu_pro:test:2544,psychology,8,195,2441,b189ec765aa7ed75c8acfea42df31fdae71f97be,E
mmlu_pro:test:2545,psychology,10,38,2442,b189ec765aa7ed75c8acfea42df31fdae71f97be,H
mmlu_pro:test:2546,psychology,10,76,2443,b189ec765aa7ed75c8acfea42df31fdae71f97be,I
mmlu_pro:test:2547,psychology,4,80,2444,b189ec765aa7ed75c8acfea42df31fdae71f97be,B
mmlu_pro:test:2548,psychology,10,115,2445,b189ec765aa7ed75c8acfea42df31fdae71f97be,G
mmlu_pro:test:2549,psychology,10,118,2446,b189ec765aa7ed75c8acfea42df31fdae71f97be,D
mmlu_pro:test:2550,psychology,10,82,2447,b189ec765aa7ed75c8acfea42df31fdae71f97be,A
mmlu_pro:test:2551,psychology,10,289,2448,b189ec765aa7ed75c8acfea42df31fdae71f97be,D
mmlu_pro:test:2552,psychology,10,86,2449,b189ec765aa7ed75c8acfea42df31fdae71f97be,B
mmlu_pro:test:2554,psychology,10,92,2451,b189ec765aa7ed75c8acfea42df31fdae71f97be,A
mmlu_pro:test:2555,psychology,10,81,2452,b189ec765aa7ed75c8acfea42df31fdae71f97be,A
mmlu_pro:test:2556,psychology,10,90,2453,b189ec765aa7ed75c8acfea42df31fdae71f97be,A
mmlu_pro:test:2557,psychology,10,97,2454,b189ec765aa7ed75c8acfea42df31fdae71f97be,H
mmlu_pro:test:2558,psychology,10,88,2455,b189ec765aa7ed75c8acfea42df31fdae71f97be,J
mmlu_pro:test:2559,psychology,10,66,2456,b189ec765aa7ed75c8acfea42df31fdae71f97be,A
mmlu_pro:test:2560,psychology,10,180,2457,b189ec765aa7ed75c8acfea42df31fdae71f97be,A
mmlu_pro:test:2561,psychology,10,119,2458,b189ec765aa7ed75c8acfea42df31fdae71f97be,B
mmlu_pro:test:2562,psychology,10,361,2459,b189ec765aa7ed75c8acfea42df31fdae71f97be,D
mmlu_pro:test:2563,psychology,10,90,2460,b189ec765aa7ed75c8acfea42df31fdae71f97be,I
mmlu_pro:test:2564,psychology,10,128,2461,b189ec765aa7ed75c8acfea42df31fdae71f97be,D
mmlu_pro:test:2565,psychology,9,60,2462,b189ec765aa7ed75c8acfea42df31fdae71f97be,F
mmlu_pro:test:2566,psychology,10,98,2463,b189ec765aa7ed75c8acfea42df31fdae71f97be,B
mmlu_pro:test:2567,psychology,8,195,2464,b189ec765aa7ed75c8acfea42df31fdae71f97be,F
mmlu_pro:test:2568,psychology,10,229,2465,b189ec765aa7ed75c8acfea42df31fdae71f97be,E
mmlu_pro:test:2569,psychology,10,116,2466,b189ec765aa7ed75c8acfea42df31fdae71f97be,A
mmlu_pro:test:2570,psychology,10,140,2467,b189ec765aa7ed75c8acfea42df31fdae71f97be,H
mmlu_pro:test:2571,psychology,10,143,2468,b189ec765aa7ed75c8acfea42df31fdae71f97be,E
mmlu_pro:test:2572,psychology,10,128,2469,b189ec765aa7ed75c8acfea42df31fdae71f97be,G
mmlu_pro:test:2573,psychology,10,87,2470,b189ec765aa7ed75c8acfea42df31fdae71f97be,B
mmlu_pro:test:2574,psychology,9,162,2471,b189ec765aa7ed75c8acfea42df31fdae71f97be,E
mmlu_pro:test:2575,psychology,8,189,2472,b189ec765aa7ed75c8acfea42df31fdae71f97be,D
mmlu_pro:test:2576,psychology,6,153,2473,b189ec765aa7ed75c8acfea42df31fdae71f97be,C
mmlu_pro:test:2577,psychology,10,140,2474,b189ec765aa7ed75c8acfea42df31fdae71f97be,H
mmlu_pro:test:2578,psychology,10,97,2475,b189ec765aa7ed75c8acfea42df31fdae71f97be,A
mmlu_pro:test:2579,psychology,10,56,2476,b189ec765aa7ed75c8acfea42df31fdae71f97be,B
mmlu_pro:test:2580,psychology,8,116,2477,b189ec765aa7ed75c8acfea42df31fdae71f97be,C
mmlu_pro:test:2581,psychology,10,219,2478,b189ec765aa7ed75c8acfea42df31fdae71f97be,B
mmlu_pro:test:2582,psychology,10,102,2479,b189ec765aa7ed75c8acfea42df31fdae71f97be,G
mmlu_pro:test:2583,psychology,10,28,2480,b189ec765aa7ed75c8acfea42df31fdae71f97be,C
mmlu_pro:test:2584,psychology,10,135,2481,b189ec765aa7ed75c8acfea42df31fdae71f97be,I
mmlu_pro:test:2586,psychology,10,153,2482,b189ec765aa7ed75c8acfea42df31fdae71f97be,C
mmlu_pro:test:2587,psychology,10,279,2483,b189ec765aa7ed75c8acfea42df31fdae71f97be,C
mmlu_pro:test:2588,psychology,10,46,2484,b189ec765aa7ed75c8acfea42df31fdae71f97be,C
mmlu_pro:test:2589,psychology,10,189,2485,b189ec765aa7ed75c8acfea42df31fdae71f97be,C
mmlu_pro:test:2590,psychology,10,91,2486,b189ec765aa7ed75c8acfea42df31fdae71f97be,B
mmlu_pro:test:2591,psychology,10,468,2487,b189ec765aa7ed75c8acfea42df31fdae71f97be,G
mmlu_pro:test:2592,psychology,9,123,2488,b189ec765aa7ed75c8acfea42df31fdae71f97be,F
mmlu_pro:test:2593,psychology,10,212,2489,b189ec765aa7ed75c8acfea42df31fdae71f97be,F
mmlu_pro:test:2594,psychology,10,62,2490,b189ec765aa7ed75c8acfea42df31fdae71f97be,B
mmlu_pro:test:2595,psychology,10,63,2491,b189ec765aa7ed75c8acfea42df31fdae71f97be,B
mmlu_pro:test:2596,psychology,10,120,2492,b189ec765aa7ed75c8acfea42df31fdae71f97be,G
mmlu_pro:test:2597,psychology,10,63,2493,b189ec765aa7ed75c8acfea42df31fdae71f97be,A
mmlu_pro:test:2598,psychology,10,108,2494,b189ec765aa7ed75c8acfea42df31fdae71f97be,F
mmlu_pro:test:2599,psychology,10,58,2495,b189ec765aa7ed75c8acfea42df31fdae71f97be,A
mmlu_pro:test:2600,psychology,10,103,2496,b189ec765aa7ed75c8acfea42df31fdae71f97be,B
mmlu_pro:test:2601,psychology,10,256,2497,b189ec765aa7ed75c8acfea42df31fdae71f97be,J
mmlu_pro:test:2602,psychology,9,168,2498,b189ec765aa7ed75c8acfea42df31fdae71f97be,B
mmlu_pro:test:2603,psychology,10,71,2499,b189ec765aa7ed75c8acfea42df31fdae71f97be,D
mmlu_pro:test:2604,psychology,10,108,2500,b189ec765aa7ed75c8acfea42df31fdae71f97be,D
mmlu_pro:test:2605,psychology,10,67,2501,b189ec765aa7ed75c8acfea42df31fdae71f97be,H
mmlu_pro:test:2606,psychology,10,84,2502,b189ec765aa7ed75c8acfea42df31fdae71f97be,F
mmlu_pro:test:2607,psychology,10,71,2503,b189ec765aa7ed75c8acfea42df31fdae71f97be,I
mmlu_pro:test:2608,psychology,10,92,2504,b189ec765aa7ed75c8acfea42df31fdae71f97be,F
mmlu_pro:test:2609,psychology,10,56,2505,b189ec765aa7ed75c8acfea42df31fdae71f97be,B
mmlu_pro:test:2610,psychology,10,48,2506,b189ec765aa7ed75c8acfea42df31fdae71f97be,J
mmlu_pro:test:2611,psychology,10,59,2507,b189ec765aa7ed75c8acfea42df31fdae71f97be,G
mmlu_pro:test:2612,psychology,10,149,2508,b189ec765aa7ed75c8acfea42df31fdae71f97be,E
mmlu_pro:test:2613,psychology,10,90,2509,b189ec765aa7ed75c8acfea42df31fdae71f97be,E
mmlu_pro:test:2614,psychology,10,52,2510,b189ec765aa7ed75c8acfea42df31fdae71f97be,G
mmlu_pro:test:2615,psychology,9,95,2511,b189ec765aa7ed75c8acfea42df31fdae71f97be,F
mmlu_pro:test:2616,psychology,10,230,2512,b189ec765aa7ed75c8acfea42df31fdae71f97be,B
mmlu_pro:test:2617,psychology,10,81,2513,b189ec765aa7ed75c8acfea42df31fdae71f97be,C
mmlu_pro:test:2618,psychology,10,111,2514,b189ec765aa7ed75c8acfea42df31fdae71f97be,F
mmlu_pro:test:2619,psychology,10,249,2515,b189ec765aa7ed75c8acfea42df31fdae71f97be,F
mmlu_pro:test:2620,psychology,10,181,2516,b189ec765aa7ed75c8acfea42df31fdae71f97be,H
mmlu_pro:test:2621,psychology,10,146,2517,b189ec765aa7ed75c8acfea42df31fdae71f97be,F
mmlu_pro:test:2622,psychology,10,75,2518,b189ec765aa7ed75c8acfea42df31fdae71f97be,A
mmlu_pro:test:2623,psychology,10,144,2519,b189ec765aa7ed75c8acfea42df31fdae71f97be,G
mmlu_pro:test:2624,psychology,6,155,2520,b189ec765aa7ed75c8acfea42df31fdae71f97be,E
mmlu_pro:test:2625,psychology,10,423,2521,b189ec765aa7ed75c8acfea42df31fdae71f97be,G
mmlu_pro:test:2626,psychology,10,217,2522,b189ec765aa7ed75c8acfea42df31fdae71f97be,J
mmlu_pro:test:2627,psychology,9,250,2523,b189ec765aa7ed75c8acfea42df31fdae71f97be,C
mmlu_pro:test:2630,psychology,4,177,2524,b189ec765aa7ed75c8acfea42df31fdae71f97be,A
mmlu_pro:test:2631,psychology,9,308,2525,b189ec765aa7ed75c8acfea42df31fdae71f97be,I
mmlu_pro:test:2632,psychology,10,121,2526,b189ec765aa7ed75c8acfea42df31fdae71f97be,E
mmlu_pro:test:2633,psychology,4,61,2527,b189ec765aa7ed75c8acfea42df31fdae71f97be,D
mmlu_pro:test:2634,psychology,9,223,2528,b189ec765aa7ed75c8acfea42df31fdae71f97be,B
mmlu_pro:test:2635,psychology,10,70,2529,b189ec765aa7ed75c8acfea42df31fdae71f97be,J
mmlu_pro:test:2637,psychology,9,181,2530,b189ec765aa7ed75c8acfea42df31fdae71f97be,G
mmlu_pro:test:2638,psychology,10,135,2531,b189ec765aa7ed75c8acfea42df31fdae71f97be,E
mmlu_pro:test:2639,psychology,10,121,2532,b189ec765aa7ed75c8acfea42df31fdae71f97be,H
mmlu_pro:test:2640,psychology,7,203,2533,b189ec765aa7ed75c8acfea42df31fdae71f97be,F
mmlu_pro:test:2642,psychology,10,474,2534,b189ec765aa7ed75c8acfea42df31fdae71f97be,A
mmlu_pro:test:2643,psychology,9,70,2535,b189ec765aa7ed75c8acfea42df31fdae71f97be,C
mmlu_pro:test:2644,psychology,10,71,2536,b189ec765aa7ed75c8acfea42df31fdae71f97be,J
mmlu_pro:test:2645,psychology,10,106,2537,b189ec765aa7ed75c8acfea42df31fdae71f97be,J
mmlu_pro:test:2646,psychology,10,97,2538,b189ec765aa7ed75c8acfea42df31fdae71f97be,I
mmlu_pro:test:2647,psychology,10,225,2539,b189ec765aa7ed75c8acfea42df31fdae71f97be,J
mmlu_pro:test:2648,psychology,9,55,2540,b189ec765aa7ed75c8acfea42df31fdae71f97be,D
mmlu_pro:test:2649,psychology,10,247,2541,b189ec765aa7ed75c8acfea42df31fdae71f97be,I
mmlu_pro:test:2650,psychology,10,126,2542,b189ec765aa7ed75c8acfea42df31fdae71f97be,H
mmlu_pro:test:2651,psychology,10,114,2543,b189ec765aa7ed75c8acfea42df31fdae71f97be,D
mmlu_pro:test:2652,psychology,10,190,2544,b189ec765aa7ed75c8acfea42df31fdae71f97be,B
mmlu_pro:test:2653,psychology,10,761,2545,b189ec765aa7ed75c8acfea42df31fdae71f97be,G
mmlu_pro:test:2654,psychology,10,197,2546,b189ec765aa7ed75c8acfea42df31fdae71f97be,H
mmlu_pro:test:2655,psychology,10,285,2547,b189ec765aa7ed75c8acfea42df31fdae71f97be,A
mmlu_pro:test:2656,psychology,10,145,2548,b189ec765aa7ed75c8acfea42df31fdae71f97be,I
mmlu_pro:test:2657,psychology,10,313,2549,b189ec765aa7ed75c8acfea42df31fdae71f97be,C
mmlu_pro:test:2659,psychology,10,157,2551,b189ec765aa7ed75c8acfea42df31fdae71f97be,I
mmlu_pro:test:2660,psychology,10,394,2552,b189ec765aa7ed75c8acfea42df31fdae71f97be,H
mmlu_pro:test:2661,psychology,10,103,2553,b189ec765aa7ed75c8acfea42df31fdae71f97be,B
mmlu_pro:test:2662,psychology,6,74,2554,b189ec765aa7ed75c8acfea42df31fdae71f97be,E
mmlu_pro:test:2663,psychology,10,123,2555,b189ec765aa7ed75c8acfea42df31fdae71f97be,C
mmlu_pro:test:2664,psychology,10,131,2556,b189ec765aa7ed75c8acfea42df31fdae71f97be,I
mmlu_pro:test:2666,psychology,10,102,2558,b189ec765aa7ed75c8acfea42df31fdae71f97be,B
mmlu_pro:test:2667,psychology,10,75,2559,b189ec765aa7ed75c8acfea42df31fdae71f97be,J
mmlu_pro:test:2668,psychology,10,72,2560,b189ec765aa7ed75c8acfea42df31fdae71f97be,E
mmlu_pro:test:2670,psychology,10,86,2562,b189ec765aa7ed75c8acfea42df31fdae71f97be,J
mmlu_pro:test:2671,psychology,10,95,2563,b189ec765aa7ed75c8acfea42df31fdae71f97be,A
mmlu_pro:test:2672,psychology,10,65,2564,b189ec765aa7ed75c8acfea42df31fdae71f97be,E
mmlu_pro:test:2673,psychology,10,41,2565,b189ec765aa7ed75c8acfea42df31fdae71f97be,A
mmlu_pro:test:2674,psychology,10,89,2566,b189ec765aa7ed75c8acfea42df31fdae71f97be,F
mmlu_pro:test:2675,psychology,10,59,2567,b189ec765aa7ed75c8acfea42df31fdae71f97be,B
mmlu_pro:test:2676,psychology,4,99,2568,b189ec765aa7ed75c8acfea42df31fdae71f97be,C
mmlu_pro:test:2677,psychology,10,40,2569,b189ec765aa7ed75c8acfea42df31fdae71f97be,H
mmlu_pro:test:2678,psychology,10,70,2570,b189ec765aa7ed75c8acfea42df31fdae71f97be,F
mmlu_pro:test:2679,psychology,10,72,2571,b189ec765aa7ed75c8acfea42df31fdae71f97be,G
mmlu_pro:test:2680,psychology,10,79,2572,b189ec765aa7ed75c8acfea42df31fdae71f97be,E
mmlu_pro:test:2681,psychology,10,122,2573,b189ec765aa7ed75c8acfea42df31fdae71f97be,I
mmlu_pro:test:2682,psychology,10,59,2574,b189ec765aa7ed75c8acfea42df31fdae71f97be,H
mmlu_pro:test:2683,psychology,9,76,2575,b189ec765aa7ed75c8acfea42df31fdae71f97be,F
mmlu_pro:test:2684,psychology,10,237,2576,b189ec765aa7ed75c8acfea42df31fdae71f97be,F
mmlu_pro:test:2686,psychology,10,93,2577,b189ec765aa7ed75c8acfea42df31fdae71f97be,C
mmlu_pro:test:2687,psychology,10,92,2578,b189ec765aa7ed75c8acfea42df31fdae71f97be,D
mmlu_pro:test:2688,psychology,10,51,2579,b189ec765aa7ed75c8acfea42df31fdae71f97be,D
mmlu_pro:test:2690,psychology,10,100,2580,b189ec765aa7ed75c8acfea42df31fdae71f97be,I
mmlu_pro:test:2691,psychology,9,342,2581,b189ec765aa7ed75c8acfea42df31fdae71f97be,H
mmlu_pro:test:2693,psychology,9,107,2583,b189ec765aa7ed75c8acfea42df31fdae71f97be,G
mmlu_pro:test:2694,psychology,10,75,2584,b189ec765aa7ed75c8acfea42df31fdae71f97be,F
mmlu_pro:test:2695,psychology,10,210,2585,b189ec765aa7ed75c8acfea42df31fdae71f97be,E
mmlu_pro:test:2696,psychology,10,256,2586,b189ec765aa7ed75c8acfea42df31fdae71f97be,E
mmlu_pro:test:2697,psychology,8,47,2587,b189ec765aa7ed75c8acfea42df31fdae71f97be,E
mmlu_pro:test:2698,psychology,9,167,2588,b189ec765aa7ed75c8acfea42df31fdae71f97be,H
mmlu_pro:test:2699,psychology,10,229,2589,b189ec765aa7ed75c8acfea42df31fdae71f97be,C
mmlu_pro:test:2700,psychology,9,65,2590,b189ec765aa7ed75c8acfea42df31fdae71f97be,E
mmlu_pro:test:2701,psychology,10,277,2591,b189ec765aa7ed75c8acfea42df31fdae71f97be,H
mmlu_pro:test:2702,psychology,10,76,2592,b189ec765aa7ed75c8acfea42df31fdae71f97be,C
mmlu_pro:test:2704,psychology,10,192,2594,b189ec765aa7ed75c8acfea42df31fdae71f97be,H
mmlu_pro:test:2705,psychology,10,172,2595,b189ec765aa7ed75c8acfea42df31fdae71f97be,F
mmlu_pro:test:2706,psychology,10,276,2596,b189ec765aa7ed75c8acfea42df31fdae71f97be,J
mmlu_pro:test:2707,psychology,10,261,2597,b189ec765aa7ed75c8acfea42df31fdae71f97be,B
mmlu_pro:test:2709,psychology,10,262,2598,b189ec765aa7ed75c8acfea42df31fdae71f97be,J
mmlu_pro:test:2710,psychology,4,108,2599,b189ec765aa7ed75c8acfea42df31fdae71f97be,A
mmlu_pro:test:2711,psychology,10,186,2600,b189ec765aa7ed75c8acfea42df31fdae71f97be,E
mmlu_pro:test:2713,psychology,10,108,2602,b189ec765aa7ed75c8acfea42df31fdae71f97be,C
mmlu_pro:test:2714,psychology,10,110,2603,b189ec765aa7ed75c8acfea42df31fdae71f97be,B
mmlu_pro:test:2715,psychology,4,203,2604,b189ec765aa7ed75c8acfea42df31fdae71f97be,A
mmlu_pro:test:2716,psychology,10,117,2605,b189ec765aa7ed75c8acfea42df31fdae71f97be,C
mmlu_pro:test:2717,psychology,9,80,2606,b189ec765aa7ed75c8acfea42df31fdae71f97be,G
mmlu_pro:test:2718,psychology,10,163,2607,b189ec765aa7ed75c8acfea42df31fdae71f97be,H
mmlu_pro:test:2719,psychology,10,239,2608,b189ec765aa7ed75c8acfea42df31fdae71f97be,D
mmlu_pro:test:2721,psychology,7,133,2609,b189ec765aa7ed75c8acfea42df31fdae71f97be,F
mmlu_pro:test:2722,psychology,10,31,2610,b189ec765aa7ed75c8acfea42df31fdae71f97be,F
mmlu_pro:test:2723,psychology,9,175,2611,b189ec765aa7ed75c8acfea42df31fdae71f97be,E
mmlu_pro:test:2724,psychology,10,190,2612,b189ec765aa7ed75c8acfea42df31fdae71f97be,D
mmlu_pro:test:2725,psychology,10,28,2613,b189ec765aa7ed75c8acfea42df31fdae71f97be,F
mmlu_pro:test:2726,psychology,9,255,2614,b189ec765aa7ed75c8acfea42df31fdae71f97be,C
mmlu_pro:test:2727,psychology,10,134,2615,b189ec765aa7ed75c8acfea42df31fdae71f97be,D
mmlu_pro:test:2728,psychology,10,171,2616,b189ec765aa7ed75c8acfea42df31fdae71f97be,J
mmlu_pro:test:2729,psychology,8,127,2617,b189ec765aa7ed75c8acfea42df31fdae71f97be,B
mmlu_pro:test:2730,psychology,7,38,2618,b189ec765aa7ed75c8acfea42df31fdae71f97be,B
mmlu_pro:test:2731,psychology,10,54,2619,b189ec765aa7ed75c8acfea42df31fdae71f97be,I
mmlu_pro:test:2732,psychology,10,80,2620,b189ec765aa7ed75c8acfea42df31fdae71f97be,E
mmlu_pro:test:2734,psychology,10,70,2622,b189ec765aa7ed75c8acfea42df31fdae71f97be,B
mmlu_pro:test:2735,psychology,10,44,2623,b189ec765aa7ed75c8acfea42df31fdae71f97be,B
mmlu_pro:test:2736,psychology,10,105,2624,b189ec765aa7ed75c8acfea42df31fdae71f97be,D
mmlu_pro:test:2738,psychology,8,67,2626,b189ec765aa7ed75c8acfea42df31fdae71f97be,C
mmlu_pro:test:2739,psychology,10,71,2627,b189ec765aa7ed75c8acfea42df31fdae71f97be,H
mmlu_pro:test:2740,psychology,9,95,2628,b189ec765aa7ed75c8acfea42df31fdae71f97be,H
mmlu_pro:test:2741,psychology,10,127,2629,b189ec765aa7ed75c8acfea42df31fdae71f97be,F
mmlu_pro:test:2742,psychology,10,69,2630,b189ec765aa7ed75c8acfea42df31fdae71f97be,H
mmlu_pro:test:2743,psychology,10,46,2631,b189ec765aa7ed75c8acfea42df31fdae71f97be,D
mmlu_pro:test:2744,psychology,10,95,2632,b189ec765aa7ed75c8acfea42df31fdae71f97be,F
mmlu_pro:test:2745,psychology,10,70,2633,b189ec765aa7ed75c8acfea42df31fdae71f97be,F
mmlu_pro:test:2746,psychology,10,123,2634,b189ec765aa7ed75c8acfea42df31fdae71f97be,I
mmlu_pro:test:2747,psychology,10,68,2635,b189ec765aa7ed75c8acfea42df31fdae71f97be,E
mmlu_pro:test:2748,psychology,10,87,2636,b189ec765aa7ed75c8acfea42df31fdae71f97be,F
mmlu_pro:test:2749,psychology,10,74,2637,b189ec765aa7ed75c8acfea42df31fdae71f97be,C
mmlu_pro:test:2750,psychology,10,64,2638,b189ec765aa7ed75c8acfea42df31fdae71f97be,B
mmlu_pro:test:2751,psychology,10,64,2639,b189ec765aa7ed75c8acfea42df31fdae71f97be,G
mmlu_pro:test:2752,psychology,10,89,2640,b189ec765aa7ed75c8acfea42df31fdae71f97be,D
mmlu_pro:test:2753,psychology,10,67,2641,b189ec765aa7ed75c8acfea42df31fdae71f97be,I
mmlu_pro:test:2754,psychology,10,434,2642,b189ec765aa7ed75c8acfea42df31fdae71f97be,H
mmlu_pro:test:2755,psychology,10,83,2643,b189ec765aa7ed75c8acfea42df31fdae71f97be,I
mmlu_pro:test:2756,psychology,10,59,2644,b189ec765aa7ed75c8acfea42df31fdae71f97be,E
mmlu_pro:test:2757,psychology,10,186,2645,b189ec765aa7ed75c8acfea42df31fdae71f97be,D
mmlu_pro:test:2758,psychology,10,434,2646,b189ec765aa7ed75c8acfea42df31fdae71f97be,I
mmlu_pro:test:2759,psychology,4,291,2647,b189ec765aa7ed75c8acfea42df31fdae71f97be,D
mmlu_pro:test:2760,psychology,9,80,2648,b189ec765aa7ed75c8acfea42df31fdae71f97be,A
mmlu_pro:test:2762,psychology,10,134,2649,b189ec765aa7ed75c8acfea42df31fdae71f97be,B
mmlu_pro:test:2763,psychology,10,25,2650,b189ec765aa7ed75c8acfea42df31fdae71f97be,D
mmlu_pro:test:2765,psychology,10,98,2651,b189ec765aa7ed75c8acfea42df31fdae71f97be,E
mmlu_pro:test:2766,psychology,10,341,2652,b189ec765aa7ed75c8acfea42df31fdae71f97be,I
mmlu_pro:test:2767,psychology,8,139,2653,b189ec765aa7ed75c8acfea42df31fdae71f97be,F
mmlu_pro:test:2768,psychology,10,89,2654,b189ec765aa7ed75c8acfea42df31fdae71f97be,H
mmlu_pro:test:2769,psychology,10,45,2655,b189ec765aa7ed75c8acfea42df31fdae71f97be,E
mmlu_pro:test:2771,psychology,9,148,2657,b189ec765aa7ed75c8acfea42df31fdae71f97be,H
mmlu_pro:test:2772,psychology,7,80,2658,b189ec765aa7ed75c8acfea42df31fdae71f97be,A
mmlu_pro:test:2773,psychology,9,167,2659,b189ec765aa7ed75c8acfea42df31fdae71f97be,G
mmlu_pro:test:2775,psychology,10,347,2660,b189ec765aa7ed75c8acfea42df31fdae71f97be,G
mmlu_pro:test:2778,psychology,10,357,2662,b189ec765aa7ed75c8acfea42df31fdae71f97be,A
mmlu_pro:test:2779,psychology,9,87,2663,b189ec765aa7ed75c8acfea42df31fdae71f97be,H
mmlu_pro:test:2780,psychology,10,510,2664,b189ec765aa7ed75c8acfea42df31fdae71f97be,F
mmlu_pro:test:2781,psychology,10,335,2665,b189ec765aa7ed75c8acfea42df31fdae71f97be,D
mmlu_pro:test:2782,psychology,10,53,2666,b189ec765aa7ed75c8acfea42df31fdae71f97be,D
mmlu_pro:test:2783,psychology,10,74,2667,b189ec765aa7ed75c8acfea42df31fdae71f97be,I
mmlu_pro:test:2784,psychology,10,91,2668,b189ec765aa7ed75c8acfea42df31fdae71f97be,A
mmlu_pro:test:2785,psychology,10,60,2669,b189ec765aa7ed75c8acfea42df31fdae71f97be,E
mmlu_pro:test:2786,psychology,10,44,2670,b189ec765aa7ed75c8acfea42df31fdae71f97be,B
mmlu_pro:test:2787,psychology,10,169,2671,b189ec765aa7ed75c8acfea42df31fdae71f97be,G
mmlu_pro:test:2788,psychology,10,107,2672,b189ec765aa7ed75c8acfea42df31fdae71f97be,B
mmlu_pro:test:2789,psychology,10,81,2673,b189ec765aa7ed75c8acfea42df31fdae71f97be,G
mmlu_pro:test:2790,psychology,10,203,2674,b189ec765aa7ed75c8acfea42df31fdae71f97be,F
mmlu_pro:test:2791,psychology,10,101,2675,b189ec765aa7ed75c8acfea42df31fdae71f97be,I
mmlu_pro:test:2792,psychology,10,67,2676,b189ec765aa7ed75c8acfea42df31fdae71f97be,E
mmlu_pro:test:2793,psychology,9,74,2677,b189ec765aa7ed75c8acfea42df31fdae71f97be,D
mmlu_pro:test:2794,psychology,10,125,2678,b189ec765aa7ed75c8acfea42df31fdae71f97be,B
mmlu_pro:test:2795,psychology,10,51,2679,b189ec765aa7ed75c8acfea42df31fdae71f97be,B
mmlu_pro:test:2796,psychology,9,50,2680,b189ec765aa7ed75c8acfea42df31fdae71f97be,D
mmlu_pro:test:2797,psychology,10,88,2681,b189ec765aa7ed75c8acfea42df31fdae71f97be,H
mmlu_pro:test:2798,psychology,10,120,2682,b189ec765aa7ed75c8acfea42df31fdae71f97be,B
mmlu_pro:test:2799,psychology,10,54,2683,b189ec765aa7ed75c8acfea42df31fdae71f97be,I
mmlu_pro:test:2800,psychology,10,61,2684,b189ec765aa7ed75c8acfea42df31fdae71f97be,C
mmlu_pro:test:2801,psychology,9,57,2685,b189ec765aa7ed75c8acfea42df31fdae71f97be,C
mmlu_pro:test:2802,psychology,10,94,2686,b189ec765aa7ed75c8acfea42df31fdae71f97be,G
mmlu_pro:test:2803,psychology,9,92,2687,b189ec765aa7ed75c8acfea42df31fdae71f97be,C
mmlu_pro:test:2804,biology,8,84,2688,b189ec765aa7ed75c8acfea42df31fdae71f97be,B
mmlu_pro:test:2805,biology,10,90,2689,b189ec765aa7ed75c8acfea42df31fdae71f97be,D
mmlu_pro:test:2806,biology,9,208,2690,b189ec765aa7ed75c8acfea42df31fdae71f97be,C
mmlu_pro:test:2807,biology,10,109,2691,b189ec765aa7ed75c8acfea42df31fdae71f97be,I
mmlu_pro:test:2808,biology,10,105,2692,b189ec765aa7ed75c8acfea42df31fdae71f97be,C
mmlu_pro:test:2809,biology,4,65,2693,b189ec765aa7ed75c8acfea42df31fdae71f97be,A
mmlu_pro:test:2810,biology,10,55,2694,b189ec765aa7ed75c8acfea42df31fdae71f97be,F
mmlu_pro:test:2811,biology,10,58,2695,b189ec765aa7ed75c8acfea42df31fdae71f97be,F
mmlu_pro:test:2812,biology,10,99,2696,b189ec765aa7ed75c8acfea42df31fdae71f97be,H
mmlu_pro:test:2813,biology,4,62,2697,b189ec765aa7ed75c8acfea42df31fdae71f97be,D
mmlu_pro:test:2814,biology,4,73,2698,b189ec765aa7ed75c8acfea42df31fdae71f97be,A
mmlu_pro:test:2815,biology,10,70,2699,b189ec765aa7ed75c8acfea42df31fdae71f97be,A
mmlu_pro:test:2816,biology,10,287,2700,b189ec765aa7ed75c8acfea42df31fdae71f97be,G
mmlu_pro:test:2817,biology,10,230,2701,b189ec765aa7ed75c8acfea42df31fdae71f97be,E
mmlu_pro:test:2818,biology,10,37,2702,b189ec765aa7ed75c8acfea42df31fdae71f97be,D
mmlu_pro:test:2819,biology,4,90,2703,b189ec765aa7ed75c8acfea42df31fdae71f97be,C
mmlu_pro:test:2820,biology,4,255,2704,b189ec765aa7ed75c8acfea42df31fdae71f97be,A
mmlu_pro:test:2821,biology,10,87,2705,b189ec765aa7ed75c8acfea42df31fdae71f97be,I
mmlu_pro:test:2823,biology,10,112,2706,b189ec765aa7ed75c8acfea42df31fdae71f97be,J
mmlu_pro:test:2824,biology,10,134,2707,b189ec765aa7ed75c8acfea42df31fdae71f97be,F
mmlu_pro:test:2825,biology,10,197,2708,b189ec765aa7ed75c8acfea42df31fdae71f97be,G
mmlu_pro:test:2826,biology,10,236,2709,b189ec765aa7ed75c8acfea42df31fdae71f97be,J
mmlu_pro:test:2827,biology,10,70,2710,b189ec765aa7ed75c8acfea42df31fdae71f97be,D
mmlu_pro:test:2828,biology,10,336,2711,b189ec765aa7ed75c8acfea42df31fdae71f97be,I
mmlu_pro:test:2829,biology,10,29,2712,b189ec765aa7ed75c8acfea42df31fdae71f97be,E
mmlu_pro:test:2830,biology,10,128,2713,b189ec765aa7ed75c8acfea42df31fdae71f97be,B
mmlu_pro:test:2831,biology,10,51,2714,b189ec765aa7ed75c8acfea42df31fdae71f97be,I
mmlu_pro:test:2832,biology,10,319,2715,b189ec765aa7ed75c8acfea42df31fdae71f97be,A
mmlu_pro:test:2833,biology,9,173,2716,b189ec765aa7ed75c8acfea42df31fdae71f97be,H
mmlu_pro:test:2835,biology,10,521,2718,b189ec765aa7ed75c8acfea42df31fdae71f97be,E
mmlu_pro:test:2836,biology,10,199,2719,b189ec765aa7ed75c8acfea42df31fdae71f97be,H
mmlu_pro:test:2838,biology,10,287,2720,b189ec765aa7ed75c8acfea42df31fdae71f97be,A
mmlu_pro:test:2839,biology,10,576,2721,b189ec765aa7ed75c8acfea42df31fdae71f97be,H
mmlu_pro:test:2840,biology,10,48,2722,b189ec765aa7ed75c8acfea42df31fdae71f97be,H
mmlu_pro:test:2841,biology,10,116,2723,b189ec765aa7ed75c8acfea42df31fdae71f97be,H
mmlu_pro:test:2842,biology,10,104,2724,b189ec765aa7ed75c8acfea42df31fdae71f97be,E
mmlu_pro:test:2843,biology,10,104,2725,b189ec765aa7ed75c8acfea42df31fdae71f97be,A
mmlu_pro:test:2844,biology,10,288,2726,b189ec765aa7ed75c8acfea42df31fdae71f97be,G
mmlu_pro:test:2845,biology,10,113,2727,b189ec765aa7ed75c8acfea42df31fdae71f97be,B
mmlu_pro:test:2846,biology,10,213,2728,b189ec765aa7ed75c8acfea42df31fdae71f97be,G
mmlu_pro:test:2847,biology,10,65,2729,b189ec765aa7ed75c8acfea42df31fdae71f97be,D
mmlu_pro:test:2848,biology,10,89,2730,b189ec765aa7ed75c8acfea42df31fdae71f97be,F
mmlu_pro:test:2850,biology,10,110,2732,b189ec765aa7ed75c8acfea42df31fdae71f97be,D
mmlu_pro:test:2851,biology,10,181,2733,b189ec765aa7ed75c8acfea42df31fdae71f97be,A
mmlu_pro:test:2852,biology,10,60,2734,b189ec765aa7ed75c8acfea42df31fdae71f97be,C
mmlu_pro:test:2853,biology,10,70,2735,b189ec765aa7ed75c8acfea42df31fdae71f97be,I
mmlu_pro:test:2855,biology,10,119,2737,b189ec765aa7ed75c8acfea42df31fdae71f97be,G
mmlu_pro:test:2856,biology,10,65,2738,b189ec765aa7ed75c8acfea42df31fdae71f97be,D
mmlu_pro:test:2857,biology,10,100,2739,b189ec765aa7ed75c8acfea42df31fdae71f97be,I
mmlu_pro:test:2859,biology,10,394,2741,b189ec765aa7ed75c8acfea42df31fdae71f97be,I
mmlu_pro:test:2860,biology,10,131,2742,b189ec765aa7ed75c8acfea42df31fdae71f97be,C
mmlu_pro:test:2861,biology,10,408,2743,b189ec765aa7ed75c8acfea42df31fdae71f97be,F
mmlu_pro:test:2862,biology,10,62,2744,b189ec765aa7ed75c8acfea42df31fdae71f97be,H
mmlu_pro:test:2863,biology,10,55,2745,b189ec765aa7ed75c8acfea42df31fdae71f97be,H
mmlu_pro:test:2865,biology,9,104,2747,b189ec765aa7ed75c8acfea42df31fdae71f97be,I
mmlu_pro:test:2866,biology,10,404,2748,b189ec765aa7ed75c8acfea42df31fdae71f97be,C
mmlu_pro:test:2867,biology,10,173,2749,b189ec765aa7ed75c8acfea42df31fdae71f97be,H
mmlu_pro:test:2868,biology,10,284,2750,b189ec765aa7ed75c8acfea42df31fdae71f97be,E
mmlu_pro:test:2869,biology,10,83,2751,b189ec765aa7ed75c8acfea42df31fdae71f97be,I
mmlu_pro:test:2870,biology,10,268,2752,b189ec765aa7ed75c8acfea42df31fdae71f97be,E
mmlu_pro:test:2871,biology,10,91,2753,b189ec765aa7ed75c8acfea42df31fdae71f97be,J
mmlu_pro:test:2872,biology,9,94,2754,b189ec765aa7ed75c8acfea42df31fdae71f97be,A
mmlu_pro:test:2873,biology,10,68,2755,b189ec765aa7ed75c8acfea42df31fdae71f97be,I
mmlu_pro:test:2874,biology,10,83,2756,b189ec765aa7ed75c8acfea42df31fdae71f97be,G
mmlu_pro:test:2875,biology,10,72,2757,b189ec765aa7ed75c8acfea42df31fdae71f97be,D
mmlu_pro:test:2876,biology,10,67,2758,b189ec765aa7ed75c8acfea42df31fdae71f97be,F
mmlu_pro:test:2877,biology,10,101,2759,b189ec765aa7ed75c8acfea42df31fdae71f97be,E
mmlu_pro:test:2878,biology,10,102,2760,b189ec765aa7ed75c8acfea42df31fdae71f97be,A
mmlu_pro:test:2879,biology,10,264,2761,b189ec765aa7ed75c8acfea42df31fdae71f97be,F
mmlu_pro:test:2880,biology,10,395,2762,b189ec765aa7ed75c8acfea42df31fdae71f97be,G
mmlu_pro:test:2881,biology,10,195,2763,b189ec765aa7ed75c8acfea42df31fdae71f97be,F
mmlu_pro:test:2882,biology,10,68,2764,b189ec765aa7ed75c8acfea42df31fdae71f97be,G
mmlu_pro:test:2883,biology,10,49,2765,b189ec765aa7ed75c8acfea42df31fdae71f97be,E
mmlu_pro:test:2884,biology,9,75,2766,b189ec765aa7ed75c8acfea42df31fdae71f97be,F
mmlu_pro:test:2886,biology,10,130,2768,b189ec765aa7ed75c8acfea42df31fdae71f97be,B
mmlu_pro:test:2887,biology,10,91,2769,b189ec765aa7ed75c8acfea42df31fdae71f97be,I
mmlu_pro:test:2888,biology,10,84,2770,b189ec765aa7ed75c8acfea42df31fdae71f97be,J
mmlu_pro:test:2889,biology,10,591,2771,b189ec765aa7ed75c8acfea42df31fdae71f97be,F
mmlu_pro:test:2890,biology,10,231,2772,b189ec765aa7ed75c8acfea42df31fdae71f97be,E
mmlu_pro:test:2891,biology,10,41,2773,b189ec765aa7ed75c8acfea42df31fdae71f97be,I
mmlu_pro:test:2892,biology,10,278,2774,b189ec765aa7ed75c8acfea42df31fdae71f97be,A
mmlu_pro:test:2893,biology,10,377,2775,b189ec765aa7ed75c8acfea42df31fdae71f97be,J
mmlu_pro:test:2894,biology,9,558,2776,b189ec765aa7ed75c8acfea42df31fdae71f97be,B
mmlu_pro:test:2895,biology,10,480,2777,b189ec765aa7ed75c8acfea42df31fdae71f97be,D
mmlu_pro:test:2897,biology,10,120,2779,b189ec765aa7ed75c8acfea42df31fdae71f97be,E
mmlu_pro:test:2898,biology,10,172,2780,b189ec765aa7ed75c8acfea42df31fdae71f97be,E
mmlu_pro:test:2899,biology,10,55,2781,b189ec765aa7ed75c8acfea42df31fdae71f97be,G
mmlu_pro:test:2900,biology,10,212,2782,b189ec765aa7ed75c8acfea42df31fdae71f97be,B
mmlu_pro:test:2901,biology,10,39,2783,b189ec765aa7ed75c8acfea42df31fdae71f97be,J
mmlu_pro:test:2902,biology,10,56,2784,b189ec765aa7ed75c8acfea42df31fdae71f97be,H
mmlu_pro:test:2903,biology,10,187,2785,b189ec765aa7ed75c8acfea42df31fdae71f97be,H
mmlu_pro:test:2904,biology,10,139,2786,b189ec765aa7ed75c8acfea42df31fdae71f97be,A
mmlu_pro:test:2905,biology,10,64,2787,b189ec765aa7ed75c8acfea42df31fdae71f97be,A
mmlu_pro:test:2906,biology,10,132,2788,b189ec765aa7ed75c8acfea42df31fdae71f97be,F
mmlu_pro:test:2907,biology,10,71,2789,b189ec765aa7ed75c8acfea42df31fdae71f97be,E
mmlu_pro:test:2908,biology,10,67,2790,b189ec765aa7ed75c8acfea42df31fdae71f97be,B
mmlu_pro:test:2909,biology,10,200,2791,b189ec765aa7ed75c8acfea42df31fdae71f97be,C
mmlu_pro:test:2910,biology,10,133,2792,b189ec765aa7ed75c8acfea42df31fdae71f97be,A
mmlu_pro:test:2911,biology,10,63,2793,b189ec765aa7ed75c8acfea42df31fdae71f97be,E
mmlu_pro:test:2912,biology,10,53,2794,b189ec765aa7ed75c8acfea42df31fdae71f97be,J
mmlu_pro:test:2913,biology,10,205,2795,b189ec765aa7ed75c8acfea42df31fdae71f97be,B
mmlu_pro:test:2914,biology,10,202,2796,b189ec765aa7ed75c8acfea42df31fdae71f97be,C
mmlu_pro:test:2915,biology,10,67,2797,b189ec765aa7ed75c8acfea42df31fdae71f97be,F
mmlu_pro:test:2916,biology,10,58,2798,b189ec765aa7ed75c8acfea42df31fdae71f97be,C
mmlu_pro:test:2917,biology,10,56,2799,b189ec765aa7ed75c8acfea42df31fdae71f97be,G
mmlu_pro:test:2918,biology,10,160,2800,b189ec765aa7ed75c8acfea42df31fdae71f97be,E
mmlu_pro:test:2919,biology,10,119,2801,b189ec765aa7ed75c8acfea42df31fdae71f97be,J
mmlu_pro:test:2920,biology,10,107,2802,b189ec765aa7ed75c8acfea42df31fdae71f97be,F
mmlu_pro:test:2921,biology,10,69,2803,b189ec765aa7ed75c8acfea42df31fdae71f97be,D
mmlu_pro:test:2922,biology,10,481,2804,b189ec765aa7ed75c8acfea42df31fdae71f97be,C
mmlu_pro:test:2923,biology,4,88,2805,b189ec765aa7ed75c8acfea42df31fdae71f97be,C
mmlu_pro:test:2924,biology,10,86,2806,b189ec765aa7ed75c8acfea42df31fdae71f97be,J
mmlu_pro:test:2927,biology,10,65,2809,b189ec765aa7ed75c8acfea42df31fdae71f97be,C
mmlu_pro:test:2928,biology,4,60,2810,b189ec765aa7ed75c8acfea42df31fdae71f97be,C
mmlu_pro:test:2929,biology,4,70,2811,b189ec765aa7ed75c8acfea42df31fdae71f97be,C
mmlu_pro:test:2930,biology,4,65,2812,b189ec765aa7ed75c8acfea42df31fdae71f97be,B
mmlu_pro:test:2931,biology,10,116,2813,b189ec765aa7ed75c8acfea42df31fdae71f97be,C
mmlu_pro:test:2932,biology,4,61,2814,b189ec765aa7ed75c8acfea42df31fdae71f97be,B
mmlu_pro:test:2933,biology,10,162,2815,b189ec765aa7ed75c8acfea42df31fdae71f97be,D
mmlu_pro:test:2934,biology,10,347,2816,b189ec765aa7ed75c8acfea42df31fdae71f97be,F
mmlu_pro:test:2935,biology,10,221,2817,b189ec765aa7ed75c8acfea42df31fdae71f97be,G
mmlu_pro:test:2936,biology,4,71,2818,b189ec765aa7ed75c8acfea42df31fdae71f97be,D
mmlu_pro:test:2938,biology,10,91,2820,b189ec765aa7ed75c8acfea42df31fdae71f97be,B
mmlu_pro:test:2940,biology,10,234,2822,b189ec765aa7ed75c8acfea42df31fdae71f97be,C
mmlu_pro:test:2941,biology,10,54,2823,b189ec765aa7ed75c8acfea42df31fdae71f97be,J
mmlu_pro:test:2942,biology,10,48,2824,b189ec765aa7ed75c8acfea42df31fdae71f97be,G
mmlu_pro:test:2943,biology,10,420,2825,b189ec765aa7ed75c8acfea42df31fdae71f97be,C
mmlu_pro:test:2945,biology,10,194,2827,b189ec765aa7ed75c8acfea42df31fdae71f97be,I
mmlu_pro:test:2946,biology,10,232,2828,b189ec765aa7ed75c8acfea42df31fdae71f97be,I
mmlu_pro:test:2947,biology,10,47,2829,b189ec765aa7ed75c8acfea42df31fdae71f97be,F
mmlu_pro:test:2948,biology,10,86,2830,b189ec765aa7ed75c8acfea42df31fdae71f97be,I
mmlu_pro:test:2949,biology,10,592,2831,b189ec765aa7ed75c8acfea42df31fdae71f97be,F
mmlu_pro:test:2950,biology,10,93,2832,b189ec765aa7ed75c8acfea42df31fdae71f97be,B
mmlu_pro:test:2951,biology,10,323,2833,b189ec765aa7ed75c8acfea42df31fdae71f97be,J
mmlu_pro:test:2952,biology,10,40,2834,b189ec765aa7ed75c8acfea42df31fdae71f97be,H
mmlu_pro:test:2953,biology,10,232,2835,b189ec765aa7ed75c8acfea42df31fdae71f97be,J
mmlu_pro:test:2954,biology,10,357,2836,b189ec765aa7ed75c8acfea42df31fdae71f97be,F
mmlu_pro:test:2955,biology,10,101,2837,b189ec765aa7ed75c8acfea42df31fdae71f97be,G
mmlu_pro:test:2956,biology,9,66,2838,b189ec765aa7ed75c8acfea42df31fdae71f97be,G
mmlu_pro:test:2958,biology,10,203,2840,b189ec765aa7ed75c8acfea42df31fdae71f97be,C
mmlu_pro:test:2959,biology,10,174,2841,b189ec765aa7ed75c8acfea42df31fdae71f97be,H
mmlu_pro:test:2960,biology,6,267,2842,b189ec765aa7ed75c8acfea42df31fdae71f97be,C
mmlu_pro:test:2961,biology,10,186,2843,b189ec765aa7ed75c8acfea42df31fdae71f97be,A
mmlu_pro:test:2962,biology,10,152,2844,b189ec765aa7ed75c8acfea42df31fdae71f97be,E
mmlu_pro:test:2963,biology,10,31,2845,b189ec765aa7ed75c8acfea42df31fdae71f97be,I
mmlu_pro:test:2964,biology,10,156,2846,b189ec765aa7ed75c8acfea42df31fdae71f97be,D
mmlu_pro:test:2965,biology,10,106,2847,b189ec765aa7ed75c8acfea42df31fdae71f97be,A
mmlu_pro:test:2966,biology,10,134,2848,b189ec765aa7ed75c8acfea42df31fdae71f97be,H
mmlu_pro:test:2967,biology,10,89,2849,b189ec765aa7ed75c8acfea42df31fdae71f97be,G
mmlu_pro:test:2968,biology,10,83,2850,b189ec765aa7ed75c8acfea42df31fdae71f97be,I
mmlu_pro:test:2969,biology,8,88,2851,b189ec765aa7ed75c8acfea42df31fdae71f97be,E
mmlu_pro:test:2970,biology,10,140,2852,b189ec765aa7ed75c8acfea42df31fdae71f97be,G
mmlu_pro:test:2971,biology,10,73,2853,b189ec765aa7ed75c8acfea42df31fdae71f97be,F
mmlu_pro:test:2972,biology,10,288,2854,b189ec765aa7ed75c8acfea42df31fdae71f97be,A
mmlu_pro:test:2973,biology,10,81,2855,b189ec765aa7ed75c8acfea42df31fdae71f97be,B
mmlu_pro:test:2974,biology,10,67,2856,b189ec765aa7ed75c8acfea42df31fdae71f97be,E
mmlu_pro:test:2975,biology,10,202,2857,b189ec765aa7ed75c8acfea42df31fdae71f97be,D
mmlu_pro:test:2976,biology,10,38,2858,b189ec765aa7ed75c8acfea42df31fdae71f97be,F
mmlu_pro:test:2977,biology,10,112,2859,b189ec765aa7ed75c8acfea42df31fdae71f97be,B
mmlu_pro:test:2978,biology,10,43,2860,b189ec765aa7ed75c8acfea42df31fdae71f97be,D
mmlu_pro:test:2979,biology,10,77,2861,b189ec765aa7ed75c8acfea42df31fdae71f97be,I
mmlu_pro:test:2980,biology,10,48,2862,b189ec765aa7ed75c8acfea42df31fdae71f97be,F
mmlu_pro:test:2981,biology,10,59,2863,b189ec765aa7ed75c8acfea42df31fdae71f97be,I
mmlu_pro:test:2982,biology,10,154,2864,b189ec765aa7ed75c8acfea42df31fdae71f97be,J
mmlu_pro:test:2983,biology,10,148,2865,b189ec765aa7ed75c8acfea42df31fdae71f97be,I
mmlu_pro:test:2984,biology,10,249,2866,b189ec765aa7ed75c8acfea42df31fdae71f97be,J
mmlu_pro:test:2985,biology,9,61,2867,b189ec765aa7ed75c8acfea42df31fdae71f97be,C
mmlu_pro:test:2986,biology,10,128,2868,b189ec765aa7ed75c8acfea42df31fdae71f97be,A
mmlu_pro:test:2987,biology,4,165,2869,b189ec765aa7ed75c8acfea42df31fdae71f97be,D
mmlu_pro:test:2989,biology,10,107,2871,b189ec765aa7ed75c8acfea42df31fdae71f97be,J
mmlu_pro:test:2990,biology,10,100,2872,b189ec765aa7ed75c8acfea42df31fdae71f97be,I
mmlu_pro:test:2991,biology,10,109,2873,b189ec765aa7ed75c8acfea42df31fdae71f97be,F
mmlu_pro:test:2992,biology,10,79,2874,b189ec765aa7ed75c8acfea42df31fdae71f97be,G
mmlu_pro:test:2993,biology,10,148,2875,b189ec765aa7ed75c8acfea42df31fdae71f97be,A
mmlu_pro:test:2994,biology,10,101,2876,b189ec765aa7ed75c8acfea42df31fdae71f97be,B
mmlu_pro:test:2995,biology,10,171,2877,b189ec765aa7ed75c8acfea42df31fdae71f97be,B
mmlu_pro:test:2996,biology,10,280,2878,b189ec765aa7ed75c8acfea42df31fdae71f97be,F
mmlu_pro:test:2997,biology,10,65,2879,b189ec765aa7ed75c8acfea42df31fdae71f97be,I
mmlu_pro:test:2998,biology,10,159,2880,b189ec765aa7ed75c8acfea42df31fdae71f97be,D
mmlu_pro:test:2999,biology,10,164,2881,b189ec765aa7ed75c8acfea42df31fdae71f97be,I
mmlu_pro:test:3000,biology,10,57,2882,b189ec765aa7ed75c8acfea42df31fdae71f97be,I
mmlu_pro:test:3001,biology,8,117,2883,b189ec765aa7ed75c8acfea42df31fdae71f97be,H
mmlu_pro:test:3002,biology,10,58,2884,b189ec765aa7ed75c8acfea42df31fdae71f97be,A
mmlu_pro:test:3003,biology,10,216,2885,b189ec765aa7ed75c8acfea42df31fdae71f97be,J
mmlu_pro:test:3004,biology,10,141,2886,b189ec765aa7ed75c8acfea42df31fdae71f97be,G
mmlu_pro:test:3005,biology,10,283,2887,b189ec765aa7ed75c8acfea42df31fdae71f97be,C
mmlu_pro:test:3006,biology,10,49,2888,b189ec765aa7ed75c8acfea42df31fdae71f97be,E
mmlu_pro:test:3007,biology,9,187,2889,b189ec765aa7ed75c8acfea42df31fdae71f97be,E
mmlu_pro:test:3008,biology,10,197,2890,b189ec765aa7ed75c8acfea42df31fdae71f97be,J
mmlu_pro:test:3009,biology,10,161,2891,b189ec765aa7ed75c8acfea42df31fdae71f97be,A
mmlu_pro:test:3010,biology,10,101,2892,b189ec765aa7ed75c8acfea42df31fdae71f97be,H
mmlu_pro:test:3011,biology,10,45,2893,b189ec765aa7ed75c8acfea42df31fdae71f97be,I
mmlu_pro:test:3012,biology,10,46,2894,b189ec765aa7ed75c8acfea42df31fdae71f97be,D
mmlu_pro:test:3013,biology,10,215,2895,b189ec765aa7ed75c8acfea42df31fdae71f97be,B
mmlu_pro:test:3014,biology,10,233,2896,b189ec765aa7ed75c8acfea42df31fdae71f97be,G
mmlu_pro:test:3015,biology,10,201,2897,b189ec765aa7ed75c8acfea42df31fdae71f97be,I
mmlu_pro:test:3016,biology,10,66,2898,b189ec765aa7ed75c8acfea42df31fdae71f97be,E
mmlu_pro:test:3017,biology,10,171,2899,b189ec765aa7ed75c8acfea42df31fdae71f97be,B
mmlu_pro:test:3018,biology,10,563,2900,b189ec765aa7ed75c8acfea42df31fdae71f97be,C
mmlu_pro:test:3019,biology,10,73,2901,b189ec765aa7ed75c8acfea42df31fdae71f97be,G
mmlu_pro:test:3021,biology,10,82,2903,b189ec765aa7ed75c8acfea42df31fdae71f97be,A
mmlu_pro:test:3022,biology,10,97,2904,b189ec765aa7ed75c8acfea42df31fdae71f97be,A
mmlu_pro:test:3023,biology,10,235,2905,b189ec765aa7ed75c8acfea42df31fdae71f97be,F
mmlu_pro:test:3024,biology,10,344,2906,b189ec765aa7ed75c8acfea42df31fdae71f97be,E
mmlu_pro:test:3025,biology,10,324,2907,b189ec765aa7ed75c8acfea42df31fdae71f97be,I
mmlu_pro:test:3026,biology,10,221,2908,b189ec765aa7ed75c8acfea42df31fdae71f97be,G
mmlu_pro:test:3027,biology,10,207,2909,b189ec765aa7ed75c8acfea42df31fdae71f97be,I
mmlu_pro:test:3028,biology,10,95,2910,b189ec765aa7ed75c8acfea42df31fdae71f97be,D
mmlu_pro:test:3029,biology,10,118,2911,b189ec765aa7ed75c8acfea42df31fdae71f97be,H
mmlu_pro:test:3030,biology,10,292,2912,b189ec765aa7ed75c8acfea42df31fdae71f97be,A
mmlu_pro:test:3031,biology,10,215,2913,b189ec765aa7ed75c8acfea42df31fdae71f97be,I
mmlu_pro:test:3032,biology,8,88,2914,b189ec765aa7ed75c8acfea42df31fdae71f97be,H
mmlu_pro:test:3034,biology,10,83,2916,b189ec765aa7ed75c8acfea42df31fdae71f97be,G
mmlu_pro:test:3035,biology,10,311,2917,b189ec765aa7ed75c8acfea42df31fdae71f97be,F
mmlu_pro:test:3036,biology,10,81,2918,b189ec765aa7ed75c8acfea42df31fdae71f97be,C
mmlu_pro:test:3037,biology,10,65,2919,b189ec765aa7ed75c8acfea42df31fdae71f97be,C
mmlu_pro:test:3038,biology,8,200,2920,b189ec765aa7ed75c8acfea42df31fdae71f97be,G
mmlu_pro:test:3039,biology,10,112,2921,b189ec765aa7ed75c8acfea42df31fdae71f97be,E
mmlu_pro:test:3040,biology,10,110,2922,b189ec765aa7ed75c8acfea42df31fdae71f97be,C
mmlu_pro:test:3041,biology,10,74,2923,b189ec765aa7ed75c8acfea42df31fdae71f97be,G
mmlu_pro:test:3042,biology,10,203,2924,b189ec765aa7ed75c8acfea42df31fdae71f97be,H
mmlu_pro:test:3043,biology,10,60,2925,b189ec765aa7ed75c8acfea42df31fdae71f97be,I
mmlu_pro:test:3044,biology,9,155,2926,b189ec765aa7ed75c8acfea42df31fdae71f97be,I
mmlu_pro:test:3045,biology,5,47,2927,b189ec765aa7ed75c8acfea42df31fdae71f97be,A
mmlu_pro:test:3046,biology,10,90,2928,b189ec765aa7ed75c8acfea42df31fdae71f97be,D
mmlu_pro:test:3048,biology,10,251,2930,b189ec765aa7ed75c8acfea42df31fdae71f97be,F
mmlu_pro:test:3049,biology,10,168,2931,b189ec765aa7ed75c8acfea42df31fdae71f97be,C
mmlu_pro:test:3050,biology,10,142,2932,b189ec765aa7ed75c8acfea42df31fdae71f97be,D
mmlu_pro:test:3051,biology,10,83,2933,b189ec765aa7ed75c8acfea42df31fdae71f97be,C
mmlu_pro:test:3052,biology,10,74,2934,b189ec765aa7ed75c8acfea42df31fdae71f97be,D
mmlu_pro:test:3053,biology,4,90,2935,b189ec765aa7ed75c8acfea42df31fdae71f97be,D
mmlu_pro:test:3054,biology,4,74,2936,b189ec765aa7ed75c8acfea42df31fdae71f97be,D
mmlu_pro:test:3055,biology,10,182,2937,b189ec765aa7ed75c8acfea42df31fdae71f97be,H
mmlu_pro:test:3056,biology,10,268,2938,b189ec765aa7ed75c8acfea42df31fdae71f97be,A
mmlu_pro:test:3057,biology,4,142,2939,b189ec765aa7ed75c8acfea42df31fdae71f97be,A
mmlu_pro:test:3058,biology,10,81,2940,b189ec765aa7ed75c8acfea42df31fdae71f97be,J
mmlu_pro:test:3059,biology,4,77,2941,b189ec765aa7ed75c8acfea42df31fdae71f97be,C
mmlu_pro:test:3060,biology,10,98,2942,b189ec765aa7ed75c8acfea42df31fdae71f97be,E
mmlu_pro:test:3061,biology,4,99,2943,b189ec765aa7ed75c8acfea42df31fdae71f97be,B
mmlu_pro:test:3062,biology,10,144,2944,b189ec765aa7ed75c8acfea42df31fdae71f97be,C
mmlu_pro:test:3063,biology,10,75,2945,b189ec765aa7ed75c8acfea42df31fdae71f97be,E
mmlu_pro:test:3064,biology,10,55,2946,b189ec765aa7ed75c8acfea42df31fdae71f97be,B
mmlu_pro:test:3065,biology,10,416,2947,b189ec765aa7ed75c8acfea42df31fdae71f97be,H
mmlu_pro:test:3066,biology,10,44,2948,b189ec765aa7ed75c8acfea42df31fdae71f97be,G
mmlu_pro:test:3067,biology,10,82,2949,b189ec765aa7ed75c8acfea42df31fdae71f97be,C
mmlu_pro:test:3068,biology,10,58,2950,b189ec765aa7ed75c8acfea42df31fdae71f97be,B
mmlu_pro:test:3069,biology,10,51,2951,b189ec765aa7ed75c8acfea42df31fdae71f97be,A
mmlu_pro:test:3070,biology,10,251,2952,b189ec765aa7ed75c8acfea42df31fdae71f97be,C
mmlu_pro:test:3071,biology,10,62,2953,b189ec765aa7ed75c8acfea42df31fdae71f97be,G
mmlu_pro:test:3072,biology,10,124,2954,b189ec765aa7ed75c8acfea42df31fdae71f97be,C
mmlu_pro:test:3073,biology,10,206,2955,b189ec765aa7ed75c8acfea42df31fdae71f97be,A
mmlu_pro:test:3074,biology,10,483,2956,b189ec765aa7ed75c8acfea42df31fdae71f97be,A
mmlu_pro:test:3075,biology,10,60,2957,b189ec765aa7ed75c8acfea42df31fdae71f97be,J
mmlu_pro:test:3076,biology,10,208,2958,b189ec765aa7ed75c8acfea42df31fdae71f97be,I
mmlu_pro:test:3077,biology,10,33,2959,b189ec765aa7ed75c8acfea42df31fdae71f97be,E
mmlu_pro:test:3079,biology,10,127,2961,b189ec765aa7ed75c8acfea42df31fdae71f97be,H
mmlu_pro:test:3080,biology,10,594,2962,b189ec765aa7ed75c8acfea42df31fdae71f97be,A
mmlu_pro:test:3081,biology,10,89,2963,b189ec765aa7ed75c8acfea42df31fdae71f97be,E
mmlu_pro:test:3082,biology,10,49,2964,b189ec765aa7ed75c8acfea42df31fdae71f97be,H
mmlu_pro:test:3083,biology,9,125,2965,b189ec765aa7ed75c8acfea42df31fdae71f97be,I
mmlu_pro:test:3084,biology,10,262,2966,b189ec765aa7ed75c8acfea42df31fdae71f97be,C
mmlu_pro:test:3085,biology,10,114,2967,b189ec765aa7ed75c8acfea42df31fdae71f97be,C
mmlu_pro:test:3086,biology,10,63,2968,b189ec765aa7ed75c8acfea42df31fdae71f97be,E
mmlu_pro:test:3087,biology,10,79,2969,b189ec765aa7ed75c8acfea42df31fdae71f97be,I
mmlu_pro:test:3088,biology,10,88,2970,b189ec765aa7ed75c8acfea42df31fdae71f97be,B
mmlu_pro:test:3089,biology,10,114,2971,b189ec765aa7ed75c8acfea42df31fdae71f97be,B
mmlu_pro:test:3090,biology,10,67,2972,b189ec765aa7ed75c8acfea42df31fdae71f97be,C
mmlu_pro:test:3091,biology,10,130,2973,b189ec765aa7ed75c8acfea42df31fdae71f97be,G
mmlu_pro:test:3092,biology,10,54,2974,b189ec765aa7ed75c8acfea42df31fdae71f97be,J
mmlu_pro:test:3094,biology,6,98,2975,b189ec765aa7ed75c8acfea42df31fdae71f97be,F
mmlu_pro:test:3095,biology,9,53,2976,b189ec765aa7ed75c8acfea42df31fdae71f97be,G
mmlu_pro:test:3096,biology,10,66,2977,b189ec765aa7ed75c8acfea42df31fdae71f97be,F
mmlu_pro:test:3097,biology,10,167,2978,b189ec765aa7ed75c8acfea42df31fdae71f97be,I
mmlu_pro:test:3098,biology,10,131,2979,b189ec765aa7ed75c8acfea42df31fdae71f97be,C
mmlu_pro:test:3099,biology,10,131,2980,b189ec765aa7ed75c8acfea42df31fdae71f97be,I
mmlu_pro:test:3100,biology,6,74,2981,b189ec765aa7ed75c8acfea42df31fdae71f97be,D
mmlu_pro:test:3101,biology,10,92,2982,b189ec765aa7ed75c8acfea42df31fdae71f97be,H
mmlu_pro:test:3102,biology,10,203,2983,b189ec765aa7ed75c8acfea42df31fdae71f97be,C
mmlu_pro:test:3103,biology,10,67,2984,b189ec765aa7ed75c8acfea42df31fdae71f97be,H
mmlu_pro:test:3104,biology,10,215,2985,b189ec765aa7ed75c8acfea42df31fdae71f97be,I
mmlu_pro:test:3105,biology,10,290,2986,b189ec765aa7ed75c8acfea42df31fdae71f97be,C
mmlu_pro:test:3106,biology,10,53,2987,b189ec765aa7ed75c8acfea42df31fdae71f97be,A
mmlu_pro:test:3108,biology,10,282,2988,b189ec765aa7ed75c8acfea42df31fdae71f97be,H
mmlu_pro:test:3109,biology,10,187,2989,b189ec765aa7ed75c8acfea42df31fdae71f97be,D
mmlu_pro:test:3110,biology,4,75,2990,b189ec765aa7ed75c8acfea42df31fdae71f97be,A
mmlu_pro:test:3112,biology,10,92,2992,b189ec765aa7ed75c8acfea42df31fdae71f97be,J
mmlu_pro:test:3113,biology,10,194,2993,b189ec765aa7ed75c8acfea42df31fdae71f97be,E
mmlu_pro:test:3114,biology,4,156,2994,b189ec765aa7ed75c8acfea42df31fdae71f97be,C
mmlu_pro:test:3115,biology,8,293,2995,b189ec765aa7ed75c8acfea42df31fdae71f97be,E
mmlu_pro:test:3116,biology,4,133,2996,b189ec765aa7ed75c8acfea42df31fdae71f97be,A
mmlu_pro:test:3117,biology,7,362,2997,b189ec765aa7ed75c8acfea42df31fdae71f97be,A
mmlu_pro:test:3118,biology,9,173,2998,b189ec765aa7ed75c8acfea42df31fdae71f97be,C
mmlu_pro:test:3119,biology,10,106,2999,b189ec765aa7ed75c8acfea42df31fdae71f97be,C
mmlu_pro:test:3120,biology,10,373,3000,b189ec765aa7ed75c8acfea42df31fdae71f97be,J
mmlu_pro:test:3121,biology,8,57,3001,b189ec765aa7ed75c8acfea42df31fdae71f97be,B
mmlu_pro:test:3122,biology,10,40,3002,b189ec765aa7ed75c8acfea42df31fdae71f97be,H
mmlu_pro:test:3123,biology,10,34,3003,b189ec765aa7ed75c8acfea42df31fdae71f97be,B
mmlu_pro:test:3124,biology,10,46,3004,b189ec765aa7ed75c8acfea42df31fdae71f97be,A
mmlu_pro:test:3125,biology,10,163,3005,b189ec765aa7ed75c8acfea42df31fdae71f97be,J
mmlu_pro:test:3126,biology,10,189,3006,b189ec765aa7ed75c8acfea42df31fdae71f97be,F
mmlu_pro:test:3127,biology,10,41,3007,b189ec765aa7ed75c8acfea42df31fdae71f97be,J
mmlu_pro:test:3128,biology,10,165,3008,b189ec765aa7ed75c8acfea42df31fdae71f97be,F
mmlu_pro:test:3129,biology,10,192,3009,b189ec765aa7ed75c8acfea42df31fdae71f97be,F
mmlu_pro:test:3130,biology,10,65,3010,b189ec765aa7ed75c8acfea42df31fdae71f97be,E
mmlu_pro:test:3131,biology,10,81,3011,b189ec765aa7ed75c8acfea42df31fdae71f97be,E
mmlu_pro:test:3132,biology,10,206,3012,b189ec765aa7ed75c8acfea42df31fdae71f97be,B
mmlu_pro:test:3133,biology,10,566,3013,b189ec765aa7ed75c8acfea42df31fdae71f97be,C
mmlu_pro:test:3134,biology,8,308,3014,b189ec765aa7ed75c8acfea42df31fdae71f97be,G
mmlu_pro:test:3135,biology,10,93,3015,b189ec765aa7ed75c8acfea42df31fdae71f97be,D
mmlu_pro:test:3136,biology,10,206,3016,b189ec765aa7ed75c8acfea42df31fdae71f97be,H
mmlu_pro:test:3137,biology,10,33,3017,b189ec765aa7ed75c8acfea42df31fdae71f97be,I
mmlu_pro:test:3138,biology,10,259,3018,b189ec765aa7ed75c8acfea42df31fdae71f97be,E
mmlu_pro:test:3139,biology,10,154,3019,b189ec765aa7ed75c8acfea42df31fdae71f97be,I
mmlu_pro:test:3140,biology,10,124,3020,b189ec765aa7ed75c8acfea42df31fdae71f97be,A
mmlu_pro:test:3141,biology,10,53,3021,b189ec765aa7ed75c8acfea42df31fdae71f97be,C
mmlu_pro:test:3142,biology,10,49,3022,b189ec765aa7ed75c8acfea42df31fdae71f97be,B
mmlu_pro:test:3143,biology,9,89,3023,b189ec765aa7ed75c8acfea42df31fdae71f97be,I
mmlu_pro:test:3144,biology,10,130,3024,b189ec765aa7ed75c8acfea42df31fdae71f97be,J
mmlu_pro:test:3145,biology,10,288,3025,b189ec765aa7ed75c8acfea42df31fdae71f97be,C
mmlu_pro:test:3146,biology,10,77,3026,b189ec765aa7ed75c8acfea42df31fdae71f97be,G
mmlu_pro:test:3147,biology,10,202,3027,b189ec765aa7ed75c8acfea42df31fdae71f97be,F
mmlu_pro:test:3148,biology,10,164,3028,b189ec765aa7ed75c8acfea42df31fdae71f97be,E
mmlu_pro:test:3149,biology,7,53,3029,b189ec765aa7ed75c8acfea42df31fdae71f97be,E
mmlu_pro:test:3150,biology,6,53,3030,b189ec765aa7ed75c8acfea42df31fdae71f97be,C
mmlu_pro:test:3152,biology,10,77,3032,b189ec765aa7ed75c8acfea42df31fdae71f97be,C
mmlu_pro:test:3153,biology,10,200,3033,b189ec765aa7ed75c8acfea42df31fdae71f97be,F
mmlu_pro:test:3154,biology,10,137,3034,b189ec765aa7ed75c8acfea42df31fdae71f97be,D
mmlu_pro:test:3155,biology,10,119,3035,b189ec765aa7ed75c8acfea42df31fdae71f97be,G
mmlu_pro:test:3157,biology,10,126,3037,b189ec765aa7ed75c8acfea42df31fdae71f97be,F
mmlu_pro:test:3158,biology,4,86,3038,b189ec765aa7ed75c8acfea42df31fdae71f97be,B
mmlu_pro:test:3159,biology,10,132,3039,b189ec765aa7ed75c8acfea42df31fdae71f97be,J
mmlu_pro:test:3160,biology,10,91,3040,b189ec765aa7ed75c8acfea42df31fdae71f97be,G
mmlu_pro:test:3161,biology,10,123,3041,b189ec765aa7ed75c8acfea42df31fdae71f97be,A
mmlu_pro:test:3163,biology,10,250,3043,b189ec765aa7ed75c8acfea42df31fdae71f97be,B
mmlu_pro:test:3164,biology,10,75,3044,b189ec765aa7ed75c8acfea42df31fdae71f97be,D
mmlu_pro:test:3165,biology,10,292,3045,b189ec765aa7ed75c8acfea42df31fdae71f97be,B
mmlu_pro:test:3166,biology,10,88,3046,b189ec765aa7ed75c8acfea42df31fdae71f97be,I
mmlu_pro:test:3167,biology,10,256,3047,b189ec765aa7ed75c8acfea42df31fdae71f97be,E
mmlu_pro:test:3168,biology,10,206,3048,b189ec765aa7ed75c8acfea42df31fdae71f97be,C
mmlu_pro:test:3169,biology,10,134,3049,b189ec765aa7ed75c8acfea42df31fdae71f97be,B
mmlu_pro:test:3170,biology,9,85,3050,b189ec765aa7ed75c8acfea42df31fdae71f97be,H
mmlu_pro:test:3171,biology,10,87,3051,b189ec765aa7ed75c8acfea42df31fdae71f97be,B
mmlu_pro:test:3172,biology,10,177,3052,b189ec765aa7ed75c8acfea42df31fdae71f97be,G
mmlu_pro:test:3173,biology,10,150,3053,b189ec765aa7ed75c8acfea42df31fdae71f97be,J
mmlu_pro:test:3174,biology,10,111,3054,b189ec765aa7ed75c8acfea42df31fdae71f97be,H
mmlu_pro:test:3176,biology,10,122,3056,b189ec765aa7ed75c8acfea42df31fdae71f97be,I
mmlu_pro:test:3177,biology,10,100,3057,b189ec765aa7ed75c8acfea42df31fdae71f97be,G
mmlu_pro:test:3178,biology,10,109,3058,b189ec765aa7ed75c8acfea42df31fdae71f97be,A
mmlu_pro:test:3179,biology,10,223,3059,b189ec765aa7ed75c8acfea42df31fdae71f97be,A
mmlu_pro:test:3180,biology,10,185,3060,b189ec765aa7ed75c8acfea42df31fdae71f97be,E
mmlu_pro:test:3181,biology,10,73,3061,b189ec765aa7ed75c8acfea42df31fdae71f97be,C
mmlu_pro:test:3182,biology,10,264,3062,b189ec765aa7ed75c8acfea42df31fdae71f97be,G
mmlu_pro:test:3183,biology,10,52,3063,b189ec765aa7ed75c8acfea42df31fdae71f97be,H
mmlu_pro:test:3184,biology,10,84,3064,b189ec765aa7ed75c8acfea42df31fdae71f97be,E
mmlu_pro:test:3185,biology,10,80,3065,b189ec765aa7ed75c8acfea42df31fdae71f97be,J
mmlu_pro:test:3186,biology,10,72,3066,b189ec765aa7ed75c8acfea42df31fdae71f97be,C
mmlu_pro:test:3187,biology,10,202,3067,b189ec765aa7ed75c8acfea42df31fdae71f97be,A
mmlu_pro:test:3188,biology,10,42,3068,b189ec765aa7ed75c8acfea42df31fdae71f97be,H
mmlu_pro:test:3189,biology,10,54,3069,b189ec765aa7ed75c8acfea42df31fdae71f97be,J
mmlu_pro:test:3190,biology,10,53,3070,b189ec765aa7ed75c8acfea42df31fdae71f97be,I
mmlu_pro:test:3191,biology,10,311,3071,b189ec765aa7ed75c8acfea42df31fdae71f97be,C
mmlu_pro:test:3192,biology,10,53,3072,b189ec765aa7ed75c8acfea42df31fdae71f97be,D
mmlu_pro:test:3193,biology,10,122,3073,b189ec765aa7ed75c8acfea42df31fdae71f97be,J
mmlu_pro:test:3194,biology,10,167,3074,b189ec765aa7ed75c8acfea42df31fdae71f97be,B
mmlu_pro:test:3195,biology,10,175,3075,b189ec765aa7ed75c8acfea42df31fdae71f97be,A
mmlu_pro:test:3196,biology,10,61,3076,b189ec765aa7ed75c8acfea42df31fdae71f97be,A
mmlu_pro:test:3197,biology,10,48,3077,b189ec765aa7ed75c8acfea42df31fdae71f97be,A
mmlu_pro:test:3198,biology,10,154,3078,b189ec765aa7ed75c8acfea42df31fdae71f97be,B
mmlu_pro:test:3199,biology,10,92,3079,b189ec765aa7ed75c8acfea42df31fdae71f97be,D
mmlu_pro:test:3200,biology,10,90,3080,b189ec765aa7ed75c8acfea42df31fdae71f97be,B
mmlu_pro:test:3201,biology,4,154,3081,b189ec765aa7ed75c8acfea42df31fdae71f97be,A
mmlu_pro:test:3202,biology,10,99,3082,b189ec765aa7ed75c8acfea42df31fdae71f97be,J
mmlu_pro:test:3203,biology,10,219,3083,b189ec765aa7ed75c8acfea42df31fdae71f97be,D
mmlu_pro:test:3204,biology,10,192,3084,b189ec765aa7ed75c8acfea42df31fdae71f97be,B
mmlu_pro:test:3205,biology,4,175,3085,b189ec765aa7ed75c8acfea42df31fdae71f97be,D
mmlu_pro:test:3206,biology,4,220,3086,b189ec765aa7ed75c8acfea42df31fdae71f97be,B
mmlu_pro:test:3207,biology,10,103,3087,b189ec765aa7ed75c8acfea42df31fdae71f97be,G
mmlu_pro:test:3208,biology,10,86,3088,b189ec765aa7ed75c8acfea42df31fdae71f97be,B
mmlu_pro:test:3209,biology,4,256,3089,b189ec765aa7ed75c8acfea42df31fdae71f97be,C
mmlu_pro:test:3210,biology,10,67,3090,b189ec765aa7ed75c8acfea42df31fdae71f97be,C
mmlu_pro:test:3212,biology,10,55,3091,b189ec765aa7ed75c8acfea42df31fdae71f97be,C
mmlu_pro:test:3213,biology,10,137,3092,b189ec765aa7ed75c8acfea42df31fdae71f97be,C
mmlu_pro:test:3214,biology,4,63,3093,b189ec765aa7ed75c8acfea42df31fdae71f97be,A
mmlu_pro:test:3216,biology,9,43,3095,b189ec765aa7ed75c8acfea42df31fdae71f97be,C
mmlu_pro:test:3217,biology,4,72,3096,b189ec765aa7ed75c8acfea42df31fdae71f97be,B
mmlu_pro:test:3218,biology,10,360,3097,b189ec765aa7ed75c8acfea42df31fdae71f97be,G
mmlu_pro:test:3219,biology,10,103,3098,b189ec765aa7ed75c8acfea42df31fdae71f97be,B
mmlu_pro:test:3220,biology,10,125,3099,b189ec765aa7ed75c8acfea42df31fdae71f97be,I
mmlu_pro:test:3221,biology,4,130,3100,b189ec765aa7ed75c8acfea42df31fdae71f97be,A
mmlu_pro:test:3222,biology,10,229,3101,b189ec765aa7ed75c8acfea42df31fdae71f97be,G
mmlu_pro:test:3224,biology,10,68,3103,b189ec765aa7ed75c8acfea42df31fdae71f97be,C
mmlu_pro:test:3226,biology,10,119,3105,b189ec765aa7ed75c8acfea42df31fdae71f97be,I
mmlu_pro:test:3227,biology,10,155,3106,b189ec765aa7ed75c8acfea42df31fdae71f97be,J
mmlu_pro:test:3228,biology,10,400,3107,b189ec765aa7ed75c8acfea42df31fdae71f97be,B
mmlu_pro:test:3229,biology,10,138,3108,b189ec765aa7ed75c8acfea42df31fdae71f97be,B
mmlu_pro:test:3230,biology,10,73,3109,b189ec765aa7ed75c8acfea42df31fdae71f97be,D
mmlu_pro:test:3231,biology,10,357,3110,b189ec765aa7ed75c8acfea42df31fdae71f97be,I
mmlu_pro:test:3232,biology,10,91,3111,b189ec765aa7ed75c8acfea42df31fdae71f97be,G
mmlu_pro:test:3233,biology,10,506,3112,b189ec765aa7ed75c8acfea42df31fdae71f97be,F
mmlu_pro:test:3234,biology,10,215,3113,b189ec765aa7ed75c8acfea42df31fdae71f97be,E
mmlu_pro:test:3235,biology,10,246,3114,b189ec765aa7ed75c8acfea42df31fdae71f97be,J
mmlu_pro:test:3236,biology,10,103,3115,b189ec765aa7ed75c8acfea42df31fdae71f97be,F
mmlu_pro:test:3237,biology,10,106,3116,b189ec765aa7ed75c8acfea42df31fdae71f97be,I
mmlu_pro:test:3238,biology,10,70,3117,b189ec765aa7ed75c8acfea42df31fdae71f97be,C
mmlu_pro:test:3239,biology,10,401,3118,b189ec765aa7ed75c8acfea42df31fdae71f97be,D
mmlu_pro:test:3240,biology,10,41,3119,b189ec765aa7ed75c8acfea42df31fdae71f97be,F
mmlu_pro:test:3241,biology,10,488,3120,b189ec765aa7ed75c8acfea42df31fdae71f97be,H
mmlu_pro:test:3242,biology,10,220,3121,b189ec765aa7ed75c8acfea42df31fdae71f97be,G
mmlu_pro:test:3243,biology,10,145,3122,b189ec765aa7ed75c8acfea42df31fdae71f97be,B
mmlu_pro:test:3244,biology,10,112,3123,b189ec765aa7ed75c8acfea42df31fdae71f97be,B
mmlu_pro:test:3245,biology,10,255,3124,b189ec765aa7ed75c8acfea42df31fdae71f97be,C
mmlu_pro:test:3246,biology,10,68,3125,b189ec765aa7ed75c8acfea42df31fdae71f97be,A
mmlu_pro:test:3247,biology,10,239,3126,b189ec765aa7ed75c8acfea42df31fdae71f97be,D
mmlu_pro:test:3248,biology,10,61,3127,b189ec765aa7ed75c8acfea42df31fdae71f97be,I
mmlu_pro:test:3249,biology,10,116,3128,b189ec765aa7ed75c8acfea42df31fdae71f97be,D
mmlu_pro:test:3250,biology,10,61,3129,b189ec765aa7ed75c8acfea42df31fdae71f97be,J
mmlu_pro:test:3251,biology,10,62,3130,b189ec765aa7ed75c8acfea42df31fdae71f97be,I
mmlu_pro:test:3252,biology,10,72,3131,b189ec765aa7ed75c8acfea42df31fdae71f97be,F
mmlu_pro:test:3253,biology,10,114,3132,b189ec765aa7ed75c8acfea42df31fdae71f97be,I
mmlu_pro:test:3254,biology,9,94,3133,b189ec765aa7ed75c8acfea42df31fdae71f97be,A
mmlu_pro:test:3255,biology,10,209,3134,b189ec765aa7ed75c8acfea42df31fdae71f97be,D
mmlu_pro:test:3256,biology,10,60,3135,b189ec765aa7ed75c8acfea42df31fdae71f97be,C
mmlu_pro:test:3257,biology,10,48,3136,b189ec765aa7ed75c8acfea42df31fdae71f97be,J
mmlu_pro:test:3258,biology,10,53,3137,b189ec765aa7ed75c8acfea42df31fdae71f97be,E
mmlu_pro:test:3259,biology,10,113,3138,b189ec765aa7ed75c8acfea42df31fdae71f97be,B
mmlu_pro:test:3260,biology,10,38,3139,b189ec765aa7ed75c8acfea42df31fdae71f97be,F
mmlu_pro:test:3262,biology,10,59,3141,b189ec765aa7ed75c8acfea42df31fdae71f97be,G
mmlu_pro:test:3263,biology,10,59,3142,b189ec765aa7ed75c8acfea42df31fdae71f97be,I
mmlu_pro:test:3264,biology,10,58,3143,b189ec765aa7ed75c8acfea42df31fdae71f97be,E
mmlu_pro:test:3265,biology,10,94,3144,b189ec765aa7ed75c8acfea42df31fdae71f97be,D
mmlu_pro:test:3266,biology,10,60,3145,b189ec765aa7ed75c8acfea42df31fdae71f97be,J
mmlu_pro:test:3267,biology,10,208,3146,b189ec765aa7ed75c8acfea42df31fdae71f97be,J
mmlu_pro:test:3268,biology,10,48,3147,b189ec765aa7ed75c8acfea42df31fdae71f97be,H
mmlu_pro:test:3269,biology,9,162,3148,b189ec765aa7ed75c8acfea42df31fdae71f97be,B
mmlu_pro:test:3270,biology,10,115,3149,b189ec765aa7ed75c8acfea42df31fdae71f97be,E
mmlu_pro:test:3271,biology,8,115,3150,b189ec765aa7ed75c8acfea42df31fdae71f97be,H
mmlu_pro:test:3272,biology,10,304,3151,b189ec765aa7ed75c8acfea42df31fdae71f97be,J
mmlu_pro:test:3273,biology,10,66,3152,b189ec765aa7ed75c8acfea42df31fdae71f97be,G
mmlu_pro:test:3274,biology,10,206,3153,b189ec765aa7ed75c8acfea42df31fdae71f97be,G
mmlu_pro:test:3275,biology,4,166,3154,b189ec765aa7ed75c8acfea42df31fdae71f97be,B
mmlu_pro:test:3276,biology,10,181,3155,b189ec765aa7ed75c8acfea42df31fdae71f97be,F
mmlu_pro:test:3277,biology,10,90,3156,b189ec765aa7ed75c8acfea42df31fdae71f97be,C
mmlu_pro:test:3278,biology,10,201,3157,b189ec765aa7ed75c8acfea42df31fdae71f97be,F
mmlu_pro:test:3279,biology,10,63,3158,b189ec765aa7ed75c8acfea42df31fdae71f97be,A
mmlu_pro:test:3280,biology,10,177,3159,b189ec765aa7ed75c8acfea42df31fdae71f97be,H
mmlu_pro:test:3281,biology,10,87,3160,b189ec765aa7ed75c8acfea42df31fdae71f97be,F
mmlu_pro:test:3282,biology,10,298,3161,b189ec765aa7ed75c8acfea42df31fdae71f97be,D
mmlu_pro:test:3283,biology,10,464,3162,b189ec765aa7ed75c8acfea42df31fdae71f97be,J
mmlu_pro:test:3284,biology,10,564,3163,b189ec765aa7ed75c8acfea42df31fdae71f97be,B
mmlu_pro:test:3285,biology,10,281,3164,b189ec765aa7ed75c8acfea42df31fdae71f97be,C
mmlu_pro:test:3286,biology,10,306,3165,b189ec765aa7ed75c8acfea42df31fdae71f97be,E
mmlu_pro:test:3287,biology,9,329,3166,b189ec765aa7ed75c8acfea42df31fdae71f97be,G
mmlu_pro:test:3288,biology,10,289,3167,b189ec765aa7ed75c8acfea42df31fdae71f97be,I
mmlu_pro:test:3289,biology,10,272,3168,b189ec765aa7ed75c8acfea42df31fdae71f97be,F
mmlu_pro:test:3290,biology,10,212,3169,b189ec765aa7ed75c8acfea42df31fdae71f97be,G
mmlu_pro:test:3291,biology,10,33,3170,b189ec765aa7ed75c8acfea42df31fdae71f97be,E
mmlu_pro:test:3292,biology,10,185,3171,b189ec765aa7ed75c8acfea42df31fdae71f97be,H
mmlu_pro:test:3293,biology,10,73,3172,b189ec765aa7ed75c8acfea42df31fdae71f97be,G
mmlu_pro:test:3294,biology,10,286,3173,b189ec765aa7ed75c8acfea42df31fdae71f97be,E
mmlu_pro:test:3295,biology,9,97,3174,b189ec765aa7ed75c8acfea42df31fdae71f97be,E
mmlu_pro:test:3296,biology,10,75,3175,b189ec765aa7ed75c8acfea42df31fdae71f97be,D
mmlu_pro:test:3297,biology,10,87,3176,b189ec765aa7ed75c8acfea42df31fdae71f97be,G
mmlu_pro:test:3298,biology,10,423,3177,b189ec765aa7ed75c8acfea42df31fdae71f97be,C
mmlu_pro:test:3299,biology,10,298,3178,b189ec765aa7ed75c8acfea42df31fdae71f97be,G
mmlu_pro:test:3300,biology,10,154,3179,b189ec765aa7ed75c8acfea42df31fdae71f97be,H
mmlu_pro:test:3301,biology,10,83,3180,b189ec765aa7ed75c8acfea42df31fdae71f97be,J
mmlu_pro:test:3302,biology,10,308,3181,b189ec765aa7ed75c8acfea42df31fdae71f97be,J
mmlu_pro:test:3303,biology,10,105,3182,b189ec765aa7ed75c8acfea42df31fdae71f97be,J
mmlu_pro:test:3304,biology,10,157,3183,b189ec765aa7ed75c8acfea42df31fdae71f97be,F
mmlu_pro:test:3305,biology,10,68,3184,b189ec765aa7ed75c8acfea42df31fdae71f97be,I
mmlu_pro:test:3306,biology,10,304,3185,b189ec765aa7ed75c8acfea42df31fdae71f97be,E
mmlu_pro:test:3307,biology,10,207,3186,b189ec765aa7ed75c8acfea42df31fdae71f97be,B
mmlu_pro:test:3308,biology,10,61,3187,b189ec765aa7ed75c8acfea42df31fdae71f97be,F
mmlu_pro:test:3309,biology,10,130,3188,b189ec765aa7ed75c8acfea42df31fdae71f97be,D
mmlu_pro:test:3310,biology,8,200,3189,b189ec765aa7ed75c8acfea42df31fdae71f97be,A
mmlu_pro:test:3312,biology,10,125,3191,b189ec765aa7ed75c8acfea42df31fdae71f97be,E
mmlu_pro:test:3313,biology,10,63,3192,b189ec765aa7ed75c8acfea42df31fdae71f97be,G
mmlu_pro:test:3314,biology,10,202,3193,b189ec765aa7ed75c8acfea42df31fdae71f97be,B
mmlu_pro:test:3315,biology,10,59,3194,b189ec765aa7ed75c8acfea42df31fdae71f97be,F
mmlu_pro:test:3316,biology,10,104,3195,b189ec765aa7ed75c8acfea42df31fdae71f97be,J
mmlu_pro:test:3317,biology,10,48,3196,b189ec765aa7ed75c8acfea42df31fdae71f97be,D
mmlu_pro:test:3318,biology,10,133,3197,b189ec765aa7ed75c8acfea42df31fdae71f97be,D
mmlu_pro:test:3319,biology,10,142,3198,b189ec765aa7ed75c8acfea42df31fdae71f97be,B
mmlu_pro:test:3320,biology,10,64,3199,b189ec765aa7ed75c8acfea42df31fdae71f97be,D
mmlu_pro:test:3321,biology,10,155,3200,b189ec765aa7ed75c8acfea42df31fdae71f97be,C
mmlu_pro:test:3322,biology,10,149,3201,b189ec765aa7ed75c8acfea42df31fdae71f97be,F
mmlu_pro:test:3323,biology,8,45,3202,b189ec765aa7ed75c8acfea42df31fdae71f97be,A
mmlu_pro:test:3324,biology,10,163,3203,b189ec765aa7ed75c8acfea42df31fdae71f97be,C
mmlu_pro:test:3325,biology,3,62,3204,b189ec765aa7ed75c8acfea42df31fdae71f97be,B
mmlu_pro:test:3326,biology,4,40,3205,b189ec765aa7ed75c8acfea42df31fdae71f97be,D
mmlu_pro:test:3327,biology,10,39,3206,b189ec765aa7ed75c8acfea42df31fdae71f97be,G
mmlu_pro:test:3328,biology,10,174,3207,b189ec765aa7ed75c8acfea42df31fdae71f97be,B
mmlu_pro:test:3329,biology,10,109,3208,b189ec765aa7ed75c8acfea42df31fdae71f97be,D
mmlu_pro:test:3330,biology,10,89,3209,b189ec765aa7ed75c8acfea42df31fdae71f97be,G
mmlu_pro:test:3331,biology,10,115,3210,b189ec765aa7ed75c8acfea42df31fdae71f97be,D
mmlu_pro:test:3332,biology,6,48,3211,b189ec765aa7ed75c8acfea42df31fdae71f97be,D
mmlu_pro:test:3334,biology,7,122,3213,b189ec765aa7ed75c8acfea42df31fdae71f97be,F
mmlu_pro:test:3335,biology,10,106,3214,b189ec765aa7ed75c8acfea42df31fdae71f97be,D
mmlu_pro:test:3336,biology,10,155,3215,b189ec765aa7ed75c8acfea42df31fdae71f97be,D
mmlu_pro:test:3337,biology,10,89,3216,b189ec765aa7ed75c8acfea42df31fdae71f97be,I
mmlu_pro:test:3338,biology,10,93,3217,b189ec765aa7ed75c8acfea42df31fdae71f97be,J
mmlu_pro:test:3339,biology,10,76,3218,b189ec765aa7ed75c8acfea42df31fdae71f97be,E
mmlu_pro:test:3340,biology,10,126,3219,b189ec765aa7ed75c8acfea42df31fdae71f97be,B
mmlu_pro:test:3341,biology,10,133,3220,b189ec765aa7ed75c8acfea42df31fdae71f97be,G
mmlu_pro:test:3343,biology,10,80,3222,b189ec765aa7ed75c8acfea42df31fdae71f97be,I
mmlu_pro:test:3344,biology,10,243,3223,b189ec765aa7ed75c8acfea42df31fdae71f97be,I
mmlu_pro:test:3345,biology,7,64,3224,b189ec765aa7ed75c8acfea42df31fdae71f97be,E
mmlu_pro:test:3346,biology,10,52,3225,b189ec765aa7ed75c8acfea42df31fdae71f97be,I
mmlu_pro:test:3347,biology,10,55,3226,b189ec765aa7ed75c8acfea42df31fdae71f97be,D
mmlu_pro:test:3348,biology,10,117,3227,b189ec765aa7ed75c8acfea42df31fdae71f97be,A
mmlu_pro:test:3349,biology,10,220,3228,b189ec765aa7ed75c8acfea42df31fdae71f97be,C
mmlu_pro:test:3350,biology,10,201,3229,b189ec765aa7ed75c8acfea42df31fdae71f97be,G
mmlu_pro:test:3351,biology,10,372,3230,b189ec765aa7ed75c8acfea42df31fdae71f97be,E
mmlu_pro:test:3352,biology,10,167,3231,b189ec765aa7ed75c8acfea42df31fdae71f97be,J
mmlu_pro:test:3353,biology,10,248,3232,b189ec765aa7ed75c8acfea42df31fdae71f97be,H
mmlu_pro:test:3354,biology,10,656,3233,b189ec765aa7ed75c8acfea42df31fdae71f97be,C
mmlu_pro:test:3355,biology,10,558,3234,b189ec765aa7ed75c8acfea42df31fdae71f97be,E
mmlu_pro:test:3356,biology,10,252,3235,b189ec765aa7ed75c8acfea42df31fdae71f97be,F
mmlu_pro:test:3357,biology,10,19,3236,b189ec765aa7ed75c8acfea42df31fdae71f97be,I
mmlu_pro:test:3358,biology,9,234,3237,b189ec765aa7ed75c8acfea42df31fdae71f97be,A
mmlu_pro:test:3359,biology,10,524,3238,b189ec765aa7ed75c8acfea42df31fdae71f97be,J
mmlu_pro:test:3360,biology,10,394,3239,b189ec765aa7ed75c8acfea42df31fdae71f97be,E
mmlu_pro:test:3361,biology,10,134,3240,b189ec765aa7ed75c8acfea42df31fdae71f97be,C
mmlu_pro:test:3362,biology,10,64,3241,b189ec765aa7ed75c8acfea42df31fdae71f97be,F
mmlu_pro:test:3363,biology,10,148,3242,b189ec765aa7ed75c8acfea42df31fdae71f97be,E
mmlu_pro:test:3364,biology,10,75,3243,b189ec765aa7ed75c8acfea42df31fdae71f97be,D
mmlu_pro:test:3365,biology,10,136,3244,b189ec765aa7ed75c8acfea42df31fdae71f97be,I
mmlu_pro:test:3366,biology,10,86,3245,b189ec765aa7ed75c8acfea42df31fdae71f97be,G
mmlu_pro:test:3367,biology,10,202,3246,b189ec765aa7ed75c8acfea42df31fdae71f97be,C
mmlu_pro:test:3368,biology,10,89,3247,b189ec765aa7ed75c8acfea42df31fdae71f97be,H
mmlu_pro:test:3369,biology,10,125,3248,b189ec765aa7ed75c8acfea42df31fdae71f97be,J
mmlu_pro:test:3370,biology,10,98,3249,b189ec765aa7ed75c8acfea42df31fdae71f97be,I
mmlu_pro:test:3371,biology,10,98,3250,b189ec765aa7ed75c8acfea42df31fdae71f97be,A
mmlu_pro:test:3372,biology,10,213,3251,b189ec765aa7ed75c8acfea42df31fdae71f97be,G
mmlu_pro:test:3373,biology,10,260,3252,b189ec765aa7ed75c8acfea42df31fdae71f97be,A
mmlu_pro:test:3374,biology,10,200,3253,b189ec765aa7ed75c8acfea42df31fdae71f97be,B
mmlu_pro:test:3375,biology,10,164,3254,b189ec765aa7ed75c8acfea42df31fdae71f97be,C
mmlu_pro:test:3376,biology,10,81,3255,b189ec765aa7ed75c8acfea42df31fdae71f97be,A
mmlu_pro:test:3377,biology,10,58,3256,b189ec765aa7ed75c8acfea42df31fdae71f97be,A
mmlu_pro:test:3378,biology,10,346,3257,b189ec765aa7ed75c8acfea42df31fdae71f97be,A
mmlu_pro:test:3379,biology,9,142,3258,b189ec765aa7ed75c8acfea42df31fdae71f97be,E
mmlu_pro:test:3380,biology,10,103,3259,b189ec765aa7ed75c8acfea42df31fdae71f97be,J
mmlu_pro:test:3381,biology,10,303,3260,b189ec765aa7ed75c8acfea42df31fdae71f97be,G
mmlu_pro:test:3382,biology,10,272,3261,b189ec765aa7ed75c8acfea42df31fdae71f97be,F
mmlu_pro:test:3383,biology,10,229,3262,b189ec765aa7ed75c8acfea42df31fdae71f97be,J
mmlu_pro:test:3384,biology,10,110,3263,b189ec765aa7ed75c8acfea42df31fdae71f97be,H
mmlu_pro:test:3385,biology,10,106,3264,b189ec765aa7ed75c8acfea42df31fdae71f97be,E
mmlu_pro:test:3386,biology,10,78,3265,b189ec765aa7ed75c8acfea42df31fdae71f97be,D
mmlu_pro:test:3387,biology,4,54,3266,b189ec765aa7ed75c8acfea42df31fdae71f97be,D
mmlu_pro:test:3388,biology,10,163,3267,b189ec765aa7ed75c8acfea42df31fdae71f97be,C
mmlu_pro:test:3389,biology,10,247,3268,b189ec765aa7ed75c8acfea42df31fdae71f97be,C
mmlu_pro:test:3390,biology,10,80,3269,b189ec765aa7ed75c8acfea42df31fdae71f97be,B
mmlu_pro:test:3391,biology,4,71,3270,b189ec765aa7ed75c8acfea42df31fdae71f97be,C
mmlu_pro:test:3392,biology,10,177,3271,b189ec765aa7ed75c8acfea42df31fdae71f97be,E
mmlu_pro:test:3393,biology,10,94,3272,b189ec765aa7ed75c8acfea42df31fdae71f97be,G
mmlu_pro:test:3394,biology,10,30,3273,b189ec765aa7ed75c8acfea42df31fdae71f97be,C
mmlu_pro:test:3395,biology,10,60,3274,b189ec765aa7ed75c8acfea42df31fdae71f97be,D
mmlu_pro:test:3396,biology,10,82,3275,b189ec765aa7ed75c8acfea42df31fdae71f97be,D
mmlu_pro:test:3397,biology,10,115,3276,b189ec765aa7ed75c8acfea42df31fdae71f97be,G
mmlu_pro:test:3398,biology,10,194,3277,b189ec765aa7ed75c8acfea42df31fdae71f97be,H
mmlu_pro:test:3399,biology,10,259,3278,b189ec765aa7ed75c8acfea42df31fdae71f97be,A
mmlu_pro:test:3400,biology,10,92,3279,b189ec765aa7ed75c8acfea42df31fdae71f97be,E
mmlu_pro:test:3402,biology,10,263,3281,b189ec765aa7ed75c8acfea42df31fdae71f97be,D
mmlu_pro:test:3403,biology,10,331,3282,b189ec765aa7ed75c8acfea42df31fdae71f97be,I
mmlu_pro:test:3404,biology,10,362,3283,b189ec765aa7ed75c8acfea42df31fdae71f97be,F
mmlu_pro:test:3405,biology,10,63,3284,b189ec765aa7ed75c8acfea42df31fdae71f97be,C
mmlu_pro:test:3406,biology,10,70,3285,b189ec765aa7ed75c8acfea42df31fdae71f97be,D
mmlu_pro:test:3407,biology,10,329,3286,b189ec765aa7ed75c8acfea42df31fdae71f97be,D
mmlu_pro:test:3408,biology,10,350,3287,b189ec765aa7ed75c8acfea42df31fdae71f97be,J
mmlu_pro:test:3409,biology,10,68,3288,b189ec765aa7ed75c8acfea42df31fdae71f97be,H
mmlu_pro:test:3410,biology,4,43,3289,b189ec765aa7ed75c8acfea42df31fdae71f97be,B
mmlu_pro:test:3411,biology,10,123,3290,b189ec765aa7ed75c8acfea42df31fdae71f97be,I
mmlu_pro:test:3412,biology,10,233,3291,b189ec765aa7ed75c8acfea42df31fdae71f97be,J
mmlu_pro:test:3413,biology,10,59,3292,b189ec765aa7ed75c8acfea42df31fdae71f97be,G
mmlu_pro:test:3415,biology,10,126,3294,b189ec765aa7ed75c8acfea42df31fdae71f97be,A
mmlu_pro:test:3416,biology,10,83,3295,b189ec765aa7ed75c8acfea42df31fdae71f97be,D
mmlu_pro:test:3417,biology,10,54,3296,b189ec765aa7ed75c8acfea42df31fdae71f97be,H
mmlu_pro:test:3418,biology,10,200,3297,b189ec765aa7ed75c8acfea42df31fdae71f97be,E
mmlu_pro:test:3419,biology,9,60,3298,b189ec765aa7ed75c8acfea42df31fdae71f97be,H
mmlu_pro:test:3420,biology,10,67,3299,b189ec765aa7ed75c8acfea42df31fdae71f97be,F
mmlu_pro:test:3421,biology,10,89,3300,b189ec765aa7ed75c8acfea42df31fdae71f97be,G
mmlu_pro:test:3422,biology,10,249,3301,b189ec765aa7ed75c8acfea42df31fdae71f97be,H
mmlu_pro:test:3423,biology,10,202,3302,b189ec765aa7ed75c8acfea42df31fdae71f97be,B
mmlu_pro:test:3424,biology,10,112,3303,b189ec765aa7ed75c8acfea42df31fdae71f97be,E
mmlu_pro:test:3425,biology,10,176,3304,b189ec765aa7ed75c8acfea42df31fdae71f97be,C
mmlu_pro:test:3426,biology,10,164,3305,b189ec765aa7ed75c8acfea42df31fdae71f97be,B
mmlu_pro:test:3427,biology,10,171,3306,b189ec765aa7ed75c8acfea42df31fdae71f97be,F
mmlu_pro:test:3428,biology,10,142,3307,b189ec765aa7ed75c8acfea42df31fdae71f97be,J
mmlu_pro:test:3429,biology,10,86,3308,b189ec765aa7ed75c8acfea42df31fdae71f97be,H
mmlu_pro:test:3430,biology,10,137,3309,b189ec765aa7ed75c8acfea42df31fdae71f97be,E
mmlu_pro:test:3431,biology,10,93,3310,b189ec765aa7ed75c8acfea42df31fdae71f97be,A
mmlu_pro:test:3432,biology,10,91,3311,b189ec765aa7ed75c8acfea42df31fdae71f97be,J
mmlu_pro:test:3433,biology,10,233,3312,b189ec765aa7ed75c8acfea42df31fdae71f97be,B
mmlu_pro:test:3434,biology,9,291,3313,b189ec765aa7ed75c8acfea42df31fdae71f97be,A
mmlu_pro:test:3435,biology,4,49,3314,b189ec765aa7ed75c8acfea42df31fdae71f97be,C
mmlu_pro:test:3436,biology,10,97,3315,b189ec765aa7ed75c8acfea42df31fdae71f97be,B
mmlu_pro:test:3438,biology,8,149,3317,b189ec765aa7ed75c8acfea42df31fdae71f97be,A
mmlu_pro:test:3439,biology,10,421,3318,b189ec765aa7ed75c8acfea42df31fdae71f97be,A
mmlu_pro:test:3440,biology,10,401,3319,b189ec765aa7ed75c8acfea42df31fdae71f97be,D
mmlu_pro:test:3441,biology,10,112,3320,b189ec765aa7ed75c8acfea42df31fdae71f97be,H
mmlu_pro:test:3442,biology,4,65,3321,b189ec765aa7ed75c8acfea42df31fdae71f97be,C
mmlu_pro:test:3443,biology,4,49,3322,b189ec765aa7ed75c8acfea42df31fdae71f97be,A
mmlu_pro:test:3444,biology,10,276,3323,b189ec765aa7ed75c8acfea42df31fdae71f97be,F
mmlu_pro:test:3445,biology,10,162,3324,b189ec765aa7ed75c8acfea42df31fdae71f97be,F
mmlu_pro:test:3446,biology,10,111,3325,b189ec765aa7ed75c8acfea42df31fdae71f97be,H
mmlu_pro:test:3447,biology,10,86,3326,b189ec765aa7ed75c8acfea42df31fdae71f97be,B
mmlu_pro:test:3448,biology,10,130,3327,b189ec765aa7ed75c8acfea42df31fdae71f97be,G
mmlu_pro:test:3449,biology,10,272,3328,b189ec765aa7ed75c8acfea42df31fdae71f97be,H
mmlu_pro:test:3450,biology,10,174,3329,b189ec765aa7ed75c8acfea42df31fdae71f97be,D
mmlu_pro:test:3451,biology,10,98,3330,b189ec765aa7ed75c8acfea42df31fdae71f97be,D
mmlu_pro:test:3452,biology,10,119,3331,b189ec765aa7ed75c8acfea42df31fdae71f97be,F
mmlu_pro:test:3453,biology,10,47,3332,b189ec765aa7ed75c8acfea42df31fdae71f97be,D
mmlu_pro:test:3455,biology,7,45,3334,b189ec765aa7ed75c8acfea42df31fdae71f97be,A
mmlu_pro:test:3456,biology,10,61,3335,b189ec765aa7ed75c8acfea42df31fdae71f97be,E
mmlu_pro:test:3457,biology,10,388,3336,b189ec765aa7ed75c8acfea42df31fdae71f97be,G
mmlu_pro:test:3458,biology,10,122,3337,b189ec765aa7ed75c8acfea42df31fdae71f97be,I
mmlu_pro:test:3459,biology,10,327,3338,b189ec765aa7ed75c8acfea42df31fdae71f97be,D
mmlu_pro:test:3460,biology,10,125,3339,b189ec765aa7ed75c8acfea42df31fdae71f97be,A
mmlu_pro:test:3461,biology,10,68,3340,b189ec765aa7ed75c8acfea42df31fdae71f97be,D
mmlu_pro:test:3462,biology,10,223,3341,b189ec765aa7ed75c8acfea42df31fdae71f97be,F
mmlu_pro:test:3463,biology,10,629,3342,b189ec765aa7ed75c8acfea42df31fdae71f97be,C
mmlu_pro:test:3464,biology,10,88,3343,b189ec765aa7ed75c8acfea42df31fdae71f97be,E
mmlu_pro:test:3465,biology,10,130,3344,b189ec765aa7ed75c8acfea42df31fdae71f97be,E
mmlu_pro:test:3466,biology,10,444,3345,b189ec765aa7ed75c8acfea42df31fdae71f97be,D
mmlu_pro:test:3467,biology,10,238,3346,b189ec765aa7ed75c8acfea42df31fdae71f97be,D
mmlu_pro:test:3468,biology,10,225,3347,b189ec765aa7ed75c8acfea42df31fdae71f97be,C
mmlu_pro:test:3469,biology,10,15,3348,b189ec765aa7ed75c8acfea42df31fdae71f97be,C
mmlu_pro:test:3470,biology,10,183,3349,b189ec765aa7ed75c8acfea42df31fdae71f97be,C
mmlu_pro:test:3471,biology,10,86,3350,b189ec765aa7ed75c8acfea42df31fdae71f97be,H
mmlu_pro:test:3472,biology,9,130,3351,b189ec765aa7ed75c8acfea42df31fdae71f97be,A
mmlu_pro:test:3473,biology,10,73,3352,b189ec765aa7ed75c8acfea42df31fdae71f97be,I
mmlu_pro:test:3474,biology,10,125,3353,b189ec765aa7ed75c8acfea42df31fdae71f97be,J
mmlu_pro:test:3475,biology,10,53,3354,b189ec765aa7ed75c8acfea42df31fdae71f97be,B
mmlu_pro:test:3476,biology,10,67,3355,b189ec765aa7ed75c8acfea42df31fdae71f97be,H
mmlu_pro:test:3477,biology,10,131,3356,b189ec765aa7ed75c8acfea42df31fdae71f97be,C
mmlu_pro:test:3478,biology,10,260,3357,b189ec765aa7ed75c8acfea42df31fdae71f97be,B
mmlu_pro:test:3479,biology,10,38,3358,b189ec765aa7ed75c8acfea42df31fdae71f97be,E
mmlu_pro:test:3480,biology,10,200,3359,b189ec765aa7ed75c8acfea42df31fdae71f97be,I
mmlu_pro:test:3481,biology,9,112,3360,b189ec765aa7ed75c8acfea42df31fdae71f97be,C
mmlu_pro:test:3482,biology,10,112,3361,b189ec765aa7ed75c8acfea42df31fdae71f97be,A
mmlu_pro:test:3483,biology,8,53,3362,b189ec765aa7ed75c8acfea42df31fdae71f97be,E
mmlu_pro:test:3484,biology,10,45,3363,b189ec765aa7ed75c8acfea42df31fdae71f97be,B
mmlu_pro:test:3485,biology,10,92,3364,b189ec765aa7ed75c8acfea42df31fdae71f97be,I
mmlu_pro:test:3486,biology,10,148,3365,b189ec765aa7ed75c8acfea42df31fdae71f97be,B
mmlu_pro:test:3487,biology,10,190,3366,b189ec765aa7ed75c8acfea42df31fdae71f97be,F
mmlu_pro:test:3488,biology,10,104,3367,b189ec765aa7ed75c8acfea42df31fdae71f97be,G
mmlu_pro:test:3489,biology,10,137,3368,b189ec765aa7ed75c8acfea42df31fdae71f97be,I
mmlu_pro:test:3490,biology,10,43,3369,b189ec765aa7ed75c8acfea42df31fdae71f97be,J
mmlu_pro:test:3492,biology,10,46,3371,b189ec765aa7ed75c8acfea42df31fdae71f97be,F
mmlu_pro:test:3493,biology,4,141,3372,b189ec765aa7ed75c8acfea42df31fdae71f97be,A
mmlu_pro:test:3494,biology,9,399,3373,b189ec765aa7ed75c8acfea42df31fdae71f97be,B
mmlu_pro:test:3495,biology,10,311,3374,b189ec765aa7ed75c8acfea42df31fdae71f97be,D
mmlu_pro:test:3496,biology,10,95,3375,b189ec765aa7ed75c8acfea42df31fdae71f97be,D
mmlu_pro:test:3497,biology,10,61,3376,b189ec765aa7ed75c8acfea42df31fdae71f97be,A
mmlu_pro:test:3498,biology,10,67,3377,b189ec765aa7ed75c8acfea42df31fdae71f97be,H
mmlu_pro:test:3499,biology,10,73,3378,b189ec765aa7ed75c8acfea42df31fdae71f97be,E
mmlu_pro:test:3500,biology,10,319,3379,b189ec765aa7ed75c8acfea42df31fdae71f97be,E
mmlu_pro:test:3501,biology,10,50,3380,b189ec765aa7ed75c8acfea42df31fdae71f97be,G
mmlu_pro:test:3502,biology,10,246,3381,b189ec765aa7ed75c8acfea42df31fdae71f97be,D
mmlu_pro:test:3503,biology,10,135,3382,b189ec765aa7ed75c8acfea42df31fdae71f97be,I
mmlu_pro:test:3504,biology,10,472,3383,b189ec765aa7ed75c8acfea42df31fdae71f97be,I
mmlu_pro:test:3505,biology,10,80,3384,b189ec765aa7ed75c8acfea42df31fdae71f97be,E
mmlu_pro:test:3506,biology,10,107,3385,b189ec765aa7ed75c8acfea42df31fdae71f97be,E
mmlu_pro:test:3507,biology,10,196,3386,b189ec765aa7ed75c8acfea42df31fdae71f97be,D
mmlu_pro:test:3508,biology,10,73,3387,b189ec765aa7ed75c8acfea42df31fdae71f97be,C
mmlu_pro:test:3509,biology,10,184,3388,b189ec765aa7ed75c8acfea42df31fdae71f97be,A
mmlu_pro:test:3511,biology,10,89,3390,b189ec765aa7ed75c8acfea42df31fdae71f97be,C
mmlu_pro:test:3512,biology,10,140,3391,b189ec765aa7ed75c8acfea42df31fdae71f97be,I
mmlu_pro:test:3513,biology,10,73,3392,b189ec765aa7ed75c8acfea42df31fdae71f97be,A
mmlu_pro:test:3514,biology,9,60,3393,b189ec765aa7ed75c8acfea42df31fdae71f97be,D
mmlu_pro:test:3515,biology,10,122,3394,b189ec765aa7ed75c8acfea42df31fdae71f97be,D
mmlu_pro:test:3516,biology,9,66,3395,b189ec765aa7ed75c8acfea42df31fdae71f97be,B
mmlu_pro:test:3517,biology,9,53,3396,b189ec765aa7ed75c8acfea42df31fdae71f97be,C
mmlu_pro:test:3518,biology,10,167,3397,b189ec765aa7ed75c8acfea42df31fdae71f97be,D
mmlu_pro:test:3519,biology,10,175,3398,b189ec765aa7ed75c8acfea42df31fdae71f97be,G
mmlu_pro:test:3520,biology,5,176,3399,b189ec765aa7ed75c8acfea42df31fdae71f97be,B
mmlu_pro:test:3521,biology,10,61,3400,b189ec765aa7ed75c8acfea42df31fdae71f97be,H
mmlu_pro:test:3522,biology,10,43,3401,b189ec765aa7ed75c8acfea42df31fdae71f97be,C
mmlu_pro:test:3523,biology,10,133,3402,b189ec765aa7ed75c8acfea42df31fdae71f97be,C
mmlu_pro:test:3524,biology,9,155,3403,b189ec765aa7ed75c8acfea42df31fdae71f97be,C
mmlu_pro:test:3525,biology,10,52,3404,b189ec765aa7ed75c8acfea42df31fdae71f97be,B
mmlu_pro:test:3526,chemistry,10,177,3405,b189ec765aa7ed75c8acfea42df31fdae71f97be,C
mmlu_pro:test:3528,chemistry,10,99,3407,b189ec765aa7ed75c8acfea42df31fdae71f97be,B
mmlu_pro:test:3529,chemistry,10,165,3408,b189ec765aa7ed75c8acfea42df31fdae71f97be,J
mmlu_pro:test:3530,chemistry,10,163,3409,b189ec765aa7ed75c8acfea42df31fdae71f97be,E
mmlu_pro:test:3531,chemistry,9,23,3410,b189ec765aa7ed75c8acfea42df31fdae71f97be,B
mmlu_pro:test:3532,chemistry,10,366,3411,b189ec765aa7ed75c8acfea42df31fdae71f97be,A
mmlu_pro:test:3533,chemistry,9,22,3412,b189ec765aa7ed75c8acfea42df31fdae71f97be,D
mmlu_pro:test:3534,chemistry,10,44,3413,b189ec765aa7ed75c8acfea42df31fdae71f97be,I
mmlu_pro:test:3535,chemistry,10,112,3414,b189ec765aa7ed75c8acfea42df31fdae71f97be,E
mmlu_pro:test:3536,chemistry,10,95,3415,b189ec765aa7ed75c8acfea42df31fdae71f97be,J
mmlu_pro:test:3537,chemistry,10,92,3416,b189ec765aa7ed75c8acfea42df31fdae71f97be,I
mmlu_pro:test:3538,chemistry,10,62,3417,b189ec765aa7ed75c8acfea42df31fdae71f97be,C
mmlu_pro:test:3540,chemistry,10,93,3419,b189ec765aa7ed75c8acfea42df31fdae71f97be,B
mmlu_pro:test:3541,chemistry,10,71,3420,b189ec765aa7ed75c8acfea42df31fdae71f97be,C
mmlu_pro:test:3542,chemistry,10,153,3421,b189ec765aa7ed75c8acfea42df31fdae71f97be,A
mmlu_pro:test:3543,chemistry,10,60,3422,b189ec765aa7ed75c8acfea42df31fdae71f97be,G
mmlu_pro:test:3545,chemistry,10,333,3424,b189ec765aa7ed75c8acfea42df31fdae71f97be,D
mmlu_pro:test:3546,chemistry,10,256,3425,b189ec765aa7ed75c8acfea42df31fdae71f97be,A
mmlu_pro:test:3547,chemistry,10,271,3426,b189ec765aa7ed75c8acfea42df31fdae71f97be,E
mmlu_pro:test:3548,chemistry,10,249,3427,b189ec765aa7ed75c8acfea42df31fdae71f97be,C
mmlu_pro:test:3549,chemistry,10,238,3428,b189ec765aa7ed75c8acfea42df31fdae71f97be,H
mmlu_pro:test:3550,chemistry,10,181,3429,b189ec765aa7ed75c8acfea42df31fdae71f97be,H
mmlu_pro:test:3551,chemistry,10,214,3430,b189ec765aa7ed75c8acfea42df31fdae71f97be,B
mmlu_pro:test:3552,chemistry,10,78,3431,b189ec765aa7ed75c8acfea42df31fdae71f97be,J
mmlu_pro:test:3553,chemistry,10,132,3432,b189ec765aa7ed75c8acfea42df31fdae71f97be,G
mmlu_pro:test:3554,chemistry,10,177,3433,b189ec765aa7ed75c8acfea42df31fdae71f97be,H
mmlu_pro:test:3555,chemistry,10,811,3434,b189ec765aa7ed75c8acfea42df31fdae71f97be,C
mmlu_pro:test:3556,chemistry,10,360,3435,b189ec765aa7ed75c8acfea42df31fdae71f97be,A
mmlu_pro:test:3557,chemistry,10,286,3436,b189ec765aa7ed75c8acfea42df31fdae71f97be,D
mmlu_pro:test:3558,chemistry,10,429,3437,b189ec765aa7ed75c8acfea42df31fdae71f97be,J
mmlu_pro:test:3559,chemistry,10,389,3438,b189ec765aa7ed75c8acfea42df31fdae71f97be,E
mmlu_pro:test:3560,chemistry,10,449,3439,b189ec765aa7ed75c8acfea42df31fdae71f97be,J
mmlu_pro:test:3561,chemistry,10,317,3440,b189ec765aa7ed75c8acfea42df31fdae71f97be,I
mmlu_pro:test:3562,chemistry,10,602,3441,b189ec765aa7ed75c8acfea42df31fdae71f97be,C
mmlu_pro:test:3563,chemistry,10,602,3442,b189ec765aa7ed75c8acfea42df31fdae71f97be,F
mmlu_pro:test:3564,chemistry,10,119,3443,b189ec765aa7ed75c8acfea42df31fdae71f97be,G
mmlu_pro:test:3565,chemistry,10,81,3444,b189ec765aa7ed75c8acfea42df31fdae71f97be,B
mmlu_pro:test:3566,chemistry,10,276,3445,b189ec765aa7ed75c8acfea42df31fdae71f97be,F
mmlu_pro:test:3567,chemistry,10,277,3446,b189ec765aa7ed75c8acfea42df31fdae71f97be,H
mmlu_pro:test:3568,chemistry,10,335,3447,b189ec765aa7ed75c8acfea42df31fdae71f97be,I
mmlu_pro:test:3569,chemistry,9,24,3448,b189ec765aa7ed75c8acfea42df31fdae71f97be,H
mmlu_pro:test:3570,chemistry,10,86,3449,b189ec765aa7ed75c8acfea42df31fdae71f97be,C
mmlu_pro:test:3571,chemistry,10,56,3450,b189ec765aa7ed75c8acfea42df31fdae71f97be,E
mmlu_pro:test:3572,chemistry,10,231,3451,b189ec765aa7ed75c8acfea42df31fdae71f97be,E
mmlu_pro:test:3573,chemistry,10,290,3452,b189ec765aa7ed75c8acfea42df31fdae71f97be,E
mmlu_pro:test:3574,chemistry,10,114,3453,b189ec765aa7ed75c8acfea42df31fdae71f97be,A
mmlu_pro:test:3576,chemistry,10,93,3455,b189ec765aa7ed75c8acfea42df31fdae71f97be,F
mmlu_pro:test:3577,chemistry,9,199,3456,b189ec765aa7ed75c8acfea42df31fdae71f97be,F
mmlu_pro:test:3578,chemistry,10,296,3457,b189ec765aa7ed75c8acfea42df31fdae71f97be,I
mmlu_pro:test:3579,chemistry,10,334,3458,b189ec765aa7ed75c8acfea42df31fdae71f97be,C
mmlu_pro:test:3580,chemistry,10,332,3459,b189ec765aa7ed75c8acfea42df31fdae71f97be,I
mmlu_pro:test:3581,chemistry,10,140,3460,b189ec765aa7ed75c8acfea42df31fdae71f97be,A
mmlu_pro:test:3582,chemistry,10,124,3461,b189ec765aa7ed75c8acfea42df31fdae71f97be,B
mmlu_pro:test:3583,chemistry,10,325,3462,b189ec765aa7ed75c8acfea42df31fdae71f97be,G
mmlu_pro:test:3584,chemistry,10,144,3463,b189ec765aa7ed75c8acfea42df31fdae71f97be,H
mmlu_pro:test:3585,chemistry,10,147,3464,b189ec765aa7ed75c8acfea42df31fdae71f97be,A
mmlu_pro:test:3586,chemistry,10,122,3465,b189ec765aa7ed75c8acfea42df31fdae71f97be,A
mmlu_pro:test:3587,chemistry,10,297,3466,b189ec765aa7ed75c8acfea42df31fdae71f97be,F
mmlu_pro:test:3588,chemistry,10,172,3467,b189ec765aa7ed75c8acfea42df31fdae71f97be,E
mmlu_pro:test:3589,chemistry,10,287,3468,b189ec765aa7ed75c8acfea42df31fdae71f97be,B
mmlu_pro:test:3590,chemistry,10,81,3469,b189ec765aa7ed75c8acfea42df31fdae71f97be,A
mmlu_pro:test:3591,chemistry,10,87,3470,b189ec765aa7ed75c8acfea42df31fdae71f97be,D
mmlu_pro:test:3592,chemistry,10,190,3471,b189ec765aa7ed75c8acfea42df31fdae71f97be,H
mmlu_pro:test:3593,chemistry,10,149,3472,b189ec765aa7ed75c8acfea42df31fdae71f97be,H
mmlu_pro:test:3594,chemistry,10,264,3473,b189ec765aa7ed75c8acfea42df31fdae71f97be,J
mmlu_pro:test:3595,chemistry,10,109,3474,b189ec765aa7ed75c8acfea42df31fdae71f97be,E
mmlu_pro:test:3596,chemistry,10,205,3475,b189ec765aa7ed75c8acfea42df31fdae71f97be,G
mmlu_pro:test:3597,chemistry,10,159,3476,b189ec765aa7ed75c8acfea42df31fdae71f97be,B
mmlu_pro:test:3598,chemistry,10,395,3477,b189ec765aa7ed75c8acfea42df31fdae71f97be,E
mmlu_pro:test:3599,chemistry,10,127,3478,b189ec765aa7ed75c8acfea42df31fdae71f97be,I
mmlu_pro:test:3600,chemistry,10,77,3479,b189ec765aa7ed75c8acfea42df31fdae71f97be,G
mmlu_pro:test:3601,chemistry,10,242,3480,b189ec765aa7ed75c8acfea42df31fdae71f97be,H
mmlu_pro:test:3602,chemistry,10,419,3481,b189ec765aa7ed75c8acfea42df31fdae71f97be,B
mmlu_pro:test:3603,chemistry,10,231,3482,b189ec765aa7ed75c8acfea42df31fdae71f97be,F
mmlu_pro:test:3604,chemistry,10,145,3483,b189ec765aa7ed75c8acfea42df31fdae71f97be,C
mmlu_pro:test:3605,chemistry,10,417,3484,b189ec765aa7ed75c8acfea42df31fdae71f97be,D
mmlu_pro:test:3606,chemistry,10,236,3485,b189ec765aa7ed75c8acfea42df31fdae71f97be,J
mmlu_pro:test:3607,chemistry,10,295,3486,b189ec765aa7ed75c8acfea42df31fdae71f97be,F
mmlu_pro:test:3608,chemistry,10,225,3487,b189ec765aa7ed75c8acfea42df31fdae71f97be,J
mmlu_pro:test:3609,chemistry,10,234,3488,b189ec765aa7ed75c8acfea42df31fdae71f97be,B
mmlu_pro:test:3611,chemistry,10,252,3490,b189ec765aa7ed75c8acfea42df31fdae71f97be,G
mmlu_pro:test:3612,chemistry,10,166,3491,b189ec765aa7ed75c8acfea42df31fdae71f97be,C
mmlu_pro:test:3613,chemistry,10,102,3492,b189ec765aa7ed75c8acfea42df31fdae71f97be,J
mmlu_pro:test:3614,chemistry,10,184,3493,b189ec765aa7ed75c8acfea42df31fdae71f97be,E
mmlu_pro:test:3615,chemistry,10,283,3494,b189ec765aa7ed75c8acfea42df31fdae71f97be,F
mmlu_pro:test:3616,chemistry,10,51,3495,b189ec765aa7ed75c8acfea42df31fdae71f97be,H
mmlu_pro:test:3617,chemistry,10,488,3496,b189ec765aa7ed75c8acfea42df31fdae71f97be,I
mmlu_pro:test:3618,chemistry,10,289,3497,b189ec765aa7ed75c8acfea42df31fdae71f97be,J
mmlu_pro:test:3619,chemistry,10,183,3498,b189ec765aa7ed75c8acfea42df31fdae71f97be,D
mmlu_pro:test:3620,chemistry,10,113,3499,b189ec765aa7ed75c8acfea42df31fdae71f97be,C
mmlu_pro:test:3621,chemistry,10,307,3500,b189ec765aa7ed75c8acfea42df31fdae71f97be,A
mmlu_pro:test:3622,chemistry,10,337,3501,b189ec765aa7ed75c8acfea42df31fdae71f97be,D
mmlu_pro:test:3623,chemistry,10,212,3502,b189ec765aa7ed75c8acfea42df31fdae71f97be,B
mmlu_pro:test:3624,chemistry,10,243,3503,b189ec765aa7ed75c8acfea42df31fdae71f97be,I
mmlu_pro:test:3625,chemistry,8,87,3504,b189ec765aa7ed75c8acfea42df31fdae71f97be,H
mmlu_pro:test:3627,chemistry,10,66,3506,b189ec765aa7ed75c8acfea42df31fdae71f97be,A
mmlu_pro:test:3628,chemistry,10,67,3507,b189ec765aa7ed75c8acfea42df31fdae71f97be,D
mmlu_pro:test:3629,chemistry,8,41,3508,b189ec765aa7ed75c8acfea42df31fdae71f97be,D
mmlu_pro:test:3630,chemistry,9,37,3509,b189ec765aa7ed75c8acfea42df31fdae71f97be,B
mmlu_pro:test:3631,chemistry,9,77,3510,b189ec765aa7ed75c8acfea42df31fdae71f97be,H
mmlu_pro:test:3632,chemistry,10,79,3511,b189ec765aa7ed75c8acfea42df31fdae71f97be,J
mmlu_pro:test:3633,chemistry,10,161,3512,b189ec765aa7ed75c8acfea42df31fdae71f97be,G
mmlu_pro:test:3634,chemistry,6,158,3513,b189ec765aa7ed75c8acfea42df31fdae71f97be,A
mmlu_pro:test:3635,chemistry,4,67,3514,b189ec765aa7ed75c8acfea42df31fdae71f97be,C
mmlu_pro:test:3636,chemistry,10,135,3515,b189ec765aa7ed75c8acfea42df31fdae71f97be,J
mmlu_pro:test:3637,chemistry,10,230,3516,b189ec765aa7ed75c8acfea42df31fdae71f97be,H
mmlu_pro:test:3638,chemistry,10,191,3517,b189ec765aa7ed75c8acfea42df31fdae71f97be,H
mmlu_pro:test:3639,chemistry,10,817,3518,b189ec765aa7ed75c8acfea42df31fdae71f97be,B
mmlu_pro:test:3640,chemistry,10,306,3519,b189ec765aa7ed75c8acfea42df31fdae71f97be,E
mmlu_pro:test:3641,chemistry,10,325,3520,b189ec765aa7ed75c8acfea42df31fdae71f97be,D
mmlu_pro:test:3642,chemistry,10,364,3521,b189ec765aa7ed75c8acfea42df31fdae71f97be,H
mmlu_pro:test:3643,chemistry,10,143,3522,b189ec765aa7ed75c8acfea42df31fdae71f97be,F
mmlu_pro:test:3644,chemistry,10,218,3523,b189ec765aa7ed75c8acfea42df31fdae71f97be,E
mmlu_pro:test:3645,chemistry,4,197,3524,b189ec765aa7ed75c8acfea42df31fdae71f97be,B
mmlu_pro:test:3646,chemistry,10,275,3525,b189ec765aa7ed75c8acfea42df31fdae71f97be,C
mmlu_pro:test:3647,chemistry,10,61,3526,b189ec765aa7ed75c8acfea42df31fdae71f97be,J
mmlu_pro:test:3648,chemistry,10,321,3527,b189ec765aa7ed75c8acfea42df31fdae71f97be,F
mmlu_pro:test:3649,chemistry,10,230,3528,b189ec765aa7ed75c8acfea42df31fdae71f97be,E
mmlu_pro:test:3650,chemistry,10,579,3529,b189ec765aa7ed75c8acfea42df31fdae71f97be,C
mmlu_pro:test:3651,chemistry,10,708,3530,b189ec765aa7ed75c8acfea42df31fdae71f97be,H
mmlu_pro:test:3652,chemistry,10,333,3531,b189ec765aa7ed75c8acfea42df31fdae71f97be,G
mmlu_pro:test:3653,chemistry,10,257,3532,b189ec765aa7ed75c8acfea42df31fdae71f97be,A
mmlu_pro:test:3654,chemistry,10,382,3533,b189ec765aa7ed75c8acfea42df31fdae71f97be,A
mmlu_pro:test:3655,chemistry,10,260,3534,b189ec765aa7ed75c8acfea42df31fdae71f97be,B
mmlu_pro:test:3656,chemistry,10,513,3535,b189ec765aa7ed75c8acfea42df31fdae71f97be,B
mmlu_pro:test:3657,chemistry,10,162,3536,b189ec765aa7ed75c8acfea42df31fdae71f97be,A
mmlu_pro:test:3658,chemistry,10,320,3537,b189ec765aa7ed75c8acfea42df31fdae71f97be,I
mmlu_pro:test:3660,chemistry,9,66,3539,b189ec765aa7ed75c8acfea42df31fdae71f97be,B
mmlu_pro:test:3661,chemistry,6,54,3540,b189ec765aa7ed75c8acfea42df31fdae71f97be,E
mmlu_pro:test:3663,chemistry,10,240,3542,b189ec765aa7ed75c8acfea42df31fdae71f97be,B
mmlu_pro:test:3664,chemistry,10,381,3543,b189ec765aa7ed75c8acfea42df31fdae71f97be,F
mmlu_pro:test:3665,chemistry,10,144,3544,b189ec765aa7ed75c8acfea42df31fdae71f97be,F
mmlu_pro:test:3666,chemistry,10,141,3545,b189ec765aa7ed75c8acfea42df31fdae71f97be,H
mmlu_pro:test:3667,chemistry,10,199,3546,b189ec765aa7ed75c8acfea42df31fdae71f97be,B
mmlu_pro:test:3668,chemistry,10,171,3547,b189ec765aa7ed75c8acfea42df31fdae71f97be,B
mmlu_pro:test:3669,chemistry,10,261,3548,b189ec765aa7ed75c8acfea42df31fdae71f97be,A
mmlu_pro:test:3670,chemistry,10,383,3549,b189ec765aa7ed75c8acfea42df31fdae71f97be,F
mmlu_pro:test:3671,chemistry,10,181,3550,b189ec765aa7ed75c8acfea42df31fdae71f97be,F
mmlu_pro:test:3672,chemistry,10,233,3551,b189ec765aa7ed75c8acfea42df31fdae71f97be,H
mmlu_pro:test:3673,chemistry,10,201,3552,b189ec765aa7ed75c8acfea42df31fdae71f97be,C
mmlu_pro:test:3674,chemistry,10,134,3553,b189ec765aa7ed75c8acfea42df31fdae71f97be,A
mmlu_pro:test:3675,chemistry,10,186,3554,b189ec765aa7ed75c8acfea42df31fdae71f97be,A
mmlu_pro:test:3676,chemistry,10,281,3555,b189ec765aa7ed75c8acfea42df31fdae71f97be,J
mmlu_pro:test:3677,chemistry,10,252,3556,b189ec765aa7ed75c8acfea42df31fdae71f97be,D
mmlu_pro:test:3678,chemistry,10,308,3557,b189ec765aa7ed75c8acfea42df31fdae71f97be,C
mmlu_pro:test:3679,chemistry,10,186,3558,b189ec765aa7ed75c8acfea42df31fdae71f97be,A
mmlu_pro:test:3680,chemistry,10,648,3559,b189ec765aa7ed75c8acfea42df31fdae71f97be,H
mmlu_pro:test:3681,chemistry,10,280,3560,b189ec765aa7ed75c8acfea42df31fdae71f97be,I
mmlu_pro:test:3683,chemistry,10,211,3562,b189ec765aa7ed75c8acfea42df31fdae71f97be,I
mmlu_pro:test:3684,chemistry,10,140,3563,b189ec765aa7ed75c8acfea42df31fdae71f97be,J
mmlu_pro:test:3685,chemistry,10,207,3564,b189ec765aa7ed75c8acfea42df31fdae71f97be,A
mmlu_pro:test:3686,chemistry,10,121,3565,b189ec765aa7ed75c8acfea42df31fdae71f97be,J
mmlu_pro:test:3687,chemistry,10,130,3566,b189ec765aa7ed75c8acfea42df31fdae71f97be,B
mmlu_pro:test:3689,chemistry,10,149,3567,b189ec765aa7ed75c8acfea42df31fdae71f97be,H
mmlu_pro:test:3690,chemistry,10,236,3568,b189ec765aa7ed75c8acfea42df31fdae71f97be,B
mmlu_pro:test:3691,chemistry,10,308,3569,b189ec765aa7ed75c8acfea42df31fdae71f97be,D
mmlu_pro:test:3692,chemistry,10,190,3570,b189ec765aa7ed75c8acfea42df31fdae71f97be,A
mmlu_pro:test:3693,chemistry,10,176,3571,b189ec765aa7ed75c8acfea42df31fdae71f97be,J
mmlu_pro:test:3694,chemistry,10,162,3572,b189ec765aa7ed75c8acfea42df31fdae71f97be,G
mmlu_pro:test:3695,chemistry,10,307,3573,b189ec765aa7ed75c8acfea42df31fdae71f97be,F
mmlu_pro:test:3696,chemistry,10,204,3574,b189ec765aa7ed75c8acfea42df31fdae71f97be,E
mmlu_pro:test:3697,chemistry,8,411,3575,b189ec765aa7ed75c8acfea42df31fdae71f97be,E
mmlu_pro:test:3698,chemistry,10,362,3576,b189ec765aa7ed75c8acfea42df31fdae71f97be,A
mmlu_pro:test:3699,chemistry,10,112,3577,b189ec765aa7ed75c8acfea42df31fdae71f97be,A
mmlu_pro:test:3700,chemistry,10,226,3578,b189ec765aa7ed75c8acfea42df31fdae71f97be,B
mmlu_pro:test:3701,chemistry,10,351,3579,b189ec765aa7ed75c8acfea42df31fdae71f97be,D
mmlu_pro:test:3703,chemistry,9,84,3580,b189ec765aa7ed75c8acfea42df31fdae71f97be,A
mmlu_pro:test:3704,chemistry,10,272,3581,b189ec765aa7ed75c8acfea42df31fdae71f97be,F
mmlu_pro:test:3705,chemistry,10,698,3582,b189ec765aa7ed75c8acfea42df31fdae71f97be,J
mmlu_pro:test:3706,chemistry,10,168,3583,b189ec765aa7ed75c8acfea42df31fdae71f97be,B
mmlu_pro:test:3707,chemistry,10,150,3584,b189ec765aa7ed75c8acfea42df31fdae71f97be,J
mmlu_pro:test:3708,chemistry,10,121,3585,b189ec765aa7ed75c8acfea42df31fdae71f97be,E
mmlu_pro:test:3709,chemistry,10,240,3586,b189ec765aa7ed75c8acfea42df31fdae71f97be,D
mmlu_pro:test:3710,chemistry,10,327,3587,b189ec765aa7ed75c8acfea42df31fdae71f97be,H
mmlu_pro:test:3711,chemistry,10,121,3588,b189ec765aa7ed75c8acfea42df31fdae71f97be,B
mmlu_pro:test:3712,chemistry,10,252,3589,b189ec765aa7ed75c8acfea42df31fdae71f97be,E
mmlu_pro:test:3713,chemistry,10,87,3590,b189ec765aa7ed75c8acfea42df31fdae71f97be,E
mmlu_pro:test:3714,chemistry,10,425,3591,b189ec765aa7ed75c8acfea42df31fdae71f97be,G
mmlu_pro:test:3715,chemistry,10,26,3592,b189ec765aa7ed75c8acfea42df31fdae71f97be,J
mmlu_pro:test:3716,chemistry,9,113,3593,b189ec765aa7ed75c8acfea42df31fdae71f97be,H
mmlu_pro:test:3717,chemistry,7,47,3594,b189ec765aa7ed75c8acfea42df31fdae71f97be,E
mmlu_pro:test:3718,chemistry,10,148,3595,b189ec765aa7ed75c8acfea42df31fdae71f97be,G
mmlu_pro:test:3719,chemistry,10,84,3596,b189ec765aa7ed75c8acfea42df31fdae71f97be,B
mmlu_pro:test:3720,chemistry,10,124,3597,b189ec765aa7ed75c8acfea42df31fdae71f97be,G
mmlu_pro:test:3721,chemistry,10,149,3598,b189ec765aa7ed75c8acfea42df31fdae71f97be,B
mmlu_pro:test:3722,chemistry,10,52,3599,b189ec765aa7ed75c8acfea42df31fdae71f97be,C
mmlu_pro:test:3723,chemistry,9,163,3600,b189ec765aa7ed75c8acfea42df31fdae71f97be,D
mmlu_pro:test:3724,chemistry,10,102,3601,b189ec765aa7ed75c8acfea42df31fdae71f97be,F
mmlu_pro:test:3725,chemistry,10,52,3602,b189ec765aa7ed75c8acfea42df31fdae71f97be,A
mmlu_pro:test:3726,chemistry,10,75,3603,b189ec765aa7ed75c8acfea42df31fdae71f97be,A
mmlu_pro:test:3727,chemistry,9,194,3604,b189ec765aa7ed75c8acfea42df31fdae71f97be,F
mmlu_pro:test:3728,chemistry,10,411,3605,b189ec765aa7ed75c8acfea42df31fdae71f97be,G
mmlu_pro:test:3729,chemistry,10,236,3606,b189ec765aa7ed75c8acfea42df31fdae71f97be,C
mmlu_pro:test:3730,chemistry,10,251,3607,b189ec765aa7ed75c8acfea42df31fdae71f97be,D
mmlu_pro:test:3731,chemistry,10,359,3608,b189ec765aa7ed75c8acfea42df31fdae71f97be,G
mmlu_pro:test:3732,chemistry,10,141,3609,b189ec765aa7ed75c8acfea42df31fdae71f97be,J
mmlu_pro:test:3733,chemistry,10,98,3610,b189ec765aa7ed75c8acfea42df31fdae71f97be,D
mmlu_pro:test:3734,chemistry,10,438,3611,b189ec765aa7ed75c8acfea42df31fdae71f97be,I
mmlu_pro:test:3736,chemistry,10,378,3613,b189ec765aa7ed75c8acfea42df31fdae71f97be,G
mmlu_pro:test:3737,chemistry,10,314,3614,b189ec765aa7ed75c8acfea42df31fdae71f97be,H
mmlu_pro:test:3738,chemistry,10,267,3615,b189ec765aa7ed75c8acfea42df31fdae71f97be,G
mmlu_pro:test:3739,chemistry,10,244,3616,b189ec765aa7ed75c8acfea42df31fdae71f97be,D
mmlu_pro:test:3740,chemistry,10,389,3617,b189ec765aa7ed75c8acfea42df31fdae71f97be,G
mmlu_pro:test:3741,chemistry,10,292,3618,b189ec765aa7ed75c8acfea42df31fdae71f97be,E
mmlu_pro:test:3742,chemistry,10,158,3619,b189ec765aa7ed75c8acfea42df31fdae71f97be,B
mmlu_pro:test:3743,chemistry,10,129,3620,b189ec765aa7ed75c8acfea42df31fdae71f97be,G
mmlu_pro:test:3744,chemistry,10,177,3621,b189ec765aa7ed75c8acfea42df31fdae71f97be,A
mmlu_pro:test:3745,chemistry,10,120,3622,b189ec765aa7ed75c8acfea42df31fdae71f97be,C
mmlu_pro:test:3746,chemistry,10,226,3623,b189ec765aa7ed75c8acfea42df31fdae71f97be,J
mmlu_pro:test:3747,chemistry,10,222,3624,b189ec765aa7ed75c8acfea42df31fdae71f97be,I
mmlu_pro:test:3748,chemistry,10,84,3625,b189ec765aa7ed75c8acfea42df31fdae71f97be,F
mmlu_pro:test:3749,chemistry,10,168,3626,b189ec765aa7ed75c8acfea42df31fdae71f97be,C
mmlu_pro:test:3751,chemistry,10,187,3628,b189ec765aa7ed75c8acfea42df31fdae71f97be,D
mmlu_pro:test:3753,chemistry,10,112,3630,b189ec765aa7ed75c8acfea42df31fdae71f97be,C
mmlu_pro:test:3754,chemistry,10,25,3631,b189ec765aa7ed75c8acfea42df31fdae71f97be,H
mmlu_pro:test:3755,chemistry,10,138,3632,b189ec765aa7ed75c8acfea42df31fdae71f97be,I
mmlu_pro:test:3756,chemistry,10,126,3633,b189ec765aa7ed75c8acfea42df31fdae71f97be,A
mmlu_pro:test:3757,chemistry,10,384,3634,b189ec765aa7ed75c8acfea42df31fdae71f97be,E
mmlu_pro:test:3758,chemistry,10,135,3635,b189ec765aa7ed75c8acfea42df31fdae71f97be,E
mmlu_pro:test:3759,chemistry,10,307,3636,b189ec765aa7ed75c8acfea42df31fdae71f97be,D
mmlu_pro:test:3760,chemistry,10,259,3637,b189ec765aa7ed75c8acfea42df31fdae71f97be,D
mmlu_pro:test:3761,chemistry,10,90,3638,b189ec765aa7ed75c8acfea42df31fdae71f97be,G
mmlu_pro:test:3762,chemistry,10,220,3639,b189ec765aa7ed75c8acfea42df31fdae71f97be,B
mmlu_pro:test:3763,chemistry,10,179,3640,b189ec765aa7ed75c8acfea42df31fdae71f97be,C
mmlu_pro:test:3764,chemistry,10,181,3641,b189ec765aa7ed75c8acfea42df31fdae71f97be,I
mmlu_pro:test:3765,chemistry,10,356,3642,b189ec765aa7ed75c8acfea42df31fdae71f97be,F
mmlu_pro:test:3766,chemistry,10,284,3643,b189ec765aa7ed75c8acfea42df31fdae71f97be,B
mmlu_pro:test:3768,chemistry,10,168,3645,b189ec765aa7ed75c8acfea42df31fdae71f97be,D
mmlu_pro:test:3769,chemistry,10,272,3646,b189ec765aa7ed75c8acfea42df31fdae71f97be,D
mmlu_pro:test:3771,chemistry,9,158,3648,b189ec765aa7ed75c8acfea42df31fdae71f97be,A
mmlu_pro:test:3772,chemistry,10,148,3649,b189ec765aa7ed75c8acfea42df31fdae71f97be,J
mmlu_pro:test:3773,chemistry,10,82,3650,b189ec765aa7ed75c8acfea42df31fdae71f97be,B
mmlu_pro:test:3774,chemistry,10,304,3651,b189ec765aa7ed75c8acfea42df31fdae71f97be,B
mmlu_pro:test:3775,chemistry,10,122,3652,b189ec765aa7ed75c8acfea42df31fdae71f97be,F
mmlu_pro:test:3776,chemistry,10,342,3653,b189ec765aa7ed75c8acfea42df31fdae71f97be,G
mmlu_pro:test:3777,chemistry,10,223,3654,b189ec765aa7ed75c8acfea42df31fdae71f97be,G
mmlu_pro:test:3778,chemistry,10,226,3655,b189ec765aa7ed75c8acfea42df31fdae71f97be,G
mmlu_pro:test:3779,chemistry,10,228,3656,b189ec765aa7ed75c8acfea42df31fdae71f97be,I
mmlu_pro:test:3780,chemistry,10,264,3657,b189ec765aa7ed75c8acfea42df31fdae71f97be,B
mmlu_pro:test:3781,chemistry,10,244,3658,b189ec765aa7ed75c8acfea42df31fdae71f97be,J
mmlu_pro:test:3782,chemistry,10,430,3659,b189ec765aa7ed75c8acfea42df31fdae71f97be,J
mmlu_pro:test:3783,chemistry,10,303,3660,b189ec765aa7ed75c8acfea42df31fdae71f97be,H
mmlu_pro:test:3784,chemistry,4,310,3661,b189ec765aa7ed75c8acfea42df31fdae71f97be,B
mmlu_pro:test:3785,chemistry,10,135,3662,b189ec765aa7ed75c8acfea42df31fdae71f97be,C
mmlu_pro:test:3786,chemistry,10,159,3663,b189ec765aa7ed75c8acfea42df31fdae71f97be,B
mmlu_pro:test:3787,chemistry,10,146,3664,b189ec765aa7ed75c8acfea42df31fdae71f97be,C
mmlu_pro:test:3789,chemistry,4,139,3666,b189ec765aa7ed75c8acfea42df31fdae71f97be,D
mmlu_pro:test:3790,chemistry,10,103,3667,b189ec765aa7ed75c8acfea42df31fdae71f97be,B
mmlu_pro:test:3791,chemistry,10,290,3668,b189ec765aa7ed75c8acfea42df31fdae71f97be,F
mmlu_pro:test:3792,chemistry,10,349,3669,b189ec765aa7ed75c8acfea42df31fdae71f97be,I
mmlu_pro:test:3793,chemistry,10,90,3670,b189ec765aa7ed75c8acfea42df31fdae71f97be,A
mmlu_pro:test:3794,chemistry,10,211,3671,b189ec765aa7ed75c8acfea42df31fdae71f97be,E
mmlu_pro:test:3795,chemistry,10,232,3672,b189ec765aa7ed75c8acfea42df31fdae71f97be,A
mmlu_pro:test:3796,chemistry,10,489,3673,b189ec765aa7ed75c8acfea42df31fdae71f97be,G
mmlu_pro:test:3797,chemistry,10,236,3674,b189ec765aa7ed75c8acfea42df31fdae71f97be,B
mmlu_pro:test:3798,chemistry,10,450,3675,b189ec765aa7ed75c8acfea42df31fdae71f97be,E
mmlu_pro:test:3799,chemistry,10,342,3676,b189ec765aa7ed75c8acfea42df31fdae71f97be,F
mmlu_pro:test:3800,chemistry,10,164,3677,b189ec765aa7ed75c8acfea42df31fdae71f97be,H
mmlu_pro:test:3801,chemistry,9,362,3678,b189ec765aa7ed75c8acfea42df31fdae71f97be,A
mmlu_pro:test:3802,chemistry,10,421,3679,b189ec765aa7ed75c8acfea42df31fdae71f97be,J
mmlu_pro:test:3803,chemistry,10,139,3680,b189ec765aa7ed75c8acfea42df31fdae71f97be,A
mmlu_pro:test:3804,chemistry,8,102,3681,b189ec765aa7ed75c8acfea42df31fdae71f97be,E
mmlu_pro:test:3805,chemistry,10,181,3682,b189ec765aa7ed75c8acfea42df31fdae71f97be,D
mmlu_pro:test:3806,chemistry,10,132,3683,b189ec765aa7ed75c8acfea42df31fdae71f97be,H
mmlu_pro:test:3807,chemistry,10,163,3684,b189ec765aa7ed75c8acfea42df31fdae71f97be,B
mmlu_pro:test:3808,chemistry,8,49,3685,b189ec765aa7ed75c8acfea42df31fdae71f97be,G
mmlu_pro:test:3809,chemistry,9,195,3686,b189ec765aa7ed75c8acfea42df31fdae71f97be,E
mmlu_pro:test:3810,chemistry,10,72,3687,b189ec765aa7ed75c8acfea42df31fdae71f97be,H
mmlu_pro:test:3811,chemistry,10,46,3688,b189ec765aa7ed75c8acfea42df31fdae71f97be,A
mmlu_pro:test:3812,chemistry,9,87,3689,b189ec765aa7ed75c8acfea42df31fdae71f97be,I
mmlu_pro:test:3813,chemistry,10,63,3690,b189ec765aa7ed75c8acfea42df31fdae71f97be,H
mmlu_pro:test:3814,chemistry,10,127,3691,b189ec765aa7ed75c8acfea42df31fdae71f97be,D
mmlu_pro:test:3815,chemistry,10,261,3692,b189ec765aa7ed75c8acfea42df31fdae71f97be,D
mmlu_pro:test:3816,chemistry,10,238,3693,b189ec765aa7ed75c8acfea42df31fdae71f97be,H
mmlu_pro:test:3817,chemistry,10,967,3694,b189ec765aa7ed75c8acfea42df31fdae71f97be,G
mmlu_pro:test:3818,chemistry,10,227,3695,b189ec765aa7ed75c8acfea42df31fdae71f97be,A
mmlu_pro:test:3819,chemistry,10,239,3696,b189ec765aa7ed75c8acfea42df31fdae71f97be,B
mmlu_pro:test:3820,chemistry,10,184,3697,b189ec765aa7ed75c8acfea42df31fdae71f97be,J
mmlu_pro:test:3821,chemistry,10,234,3698,b189ec765aa7ed75c8acfea42df31fdae71f97be,C
mmlu_pro:test:3822,chemistry,10,175,3699,b189ec765aa7ed75c8acfea42df31fdae71f97be,G
mmlu_pro:test:3823,chemistry,10,105,3700,b189ec765aa7ed75c8acfea42df31fdae71f97be,A
mmlu_pro:test:3824,chemistry,10,253,3701,b189ec765aa7ed75c8acfea42df31fdae71f97be,B
mmlu_pro:test:3825,chemistry,10,368,3702,b189ec765aa7ed75c8acfea42df31fdae71f97be,J
mmlu_pro:test:3826,chemistry,10,479,3703,b189ec765aa7ed75c8acfea42df31fdae71f97be,C
mmlu_pro:test:3827,chemistry,10,300,3704,b189ec765aa7ed75c8acfea42df31fdae71f97be,E
mmlu_pro:test:3828,chemistry,10,460,3705,b189ec765aa7ed75c8acfea42df31fdae71f97be,B
mmlu_pro:test:3829,chemistry,10,244,3706,b189ec765aa7ed75c8acfea42df31fdae71f97be,H
mmlu_pro:test:3830,chemistry,10,241,3707,b189ec765aa7ed75c8acfea42df31fdae71f97be,J
mmlu_pro:test:3831,chemistry,10,286,3708,b189ec765aa7ed75c8acfea42df31fdae71f97be,F
mmlu_pro:test:3832,chemistry,10,136,3709,b189ec765aa7ed75c8acfea42df31fdae71f97be,A
mmlu_pro:test:3833,chemistry,10,167,3710,b189ec765aa7ed75c8acfea42df31fdae71f97be,A
mmlu_pro:test:3834,chemistry,10,920,3711,b189ec765aa7ed75c8acfea42df31fdae71f97be,B
mmlu_pro:test:3835,chemistry,10,539,3712,b189ec765aa7ed75c8acfea42df31fdae71f97be,F
mmlu_pro:test:3836,chemistry,10,56,3713,b189ec765aa7ed75c8acfea42df31fdae71f97be,D
mmlu_pro:test:3837,chemistry,10,218,3714,b189ec765aa7ed75c8acfea42df31fdae71f97be,A
mmlu_pro:test:3838,chemistry,10,251,3715,b189ec765aa7ed75c8acfea42df31fdae71f97be,F
mmlu_pro:test:3839,chemistry,10,199,3716,b189ec765aa7ed75c8acfea42df31fdae71f97be,C
mmlu_pro:test:3840,chemistry,10,185,3717,b189ec765aa7ed75c8acfea42df31fdae71f97be,C
mmlu_pro:test:3841,chemistry,10,274,3718,b189ec765aa7ed75c8acfea42df31fdae71f97be,A
mmlu_pro:test:3842,chemistry,10,141,3719,b189ec765aa7ed75c8acfea42df31fdae71f97be,H
mmlu_pro:test:3843,chemistry,10,162,3720,b189ec765aa7ed75c8acfea42df31fdae71f97be,G
mmlu_pro:test:3844,chemistry,10,180,3721,b189ec765aa7ed75c8acfea42df31fdae71f97be,F
mmlu_pro:test:3845,chemistry,10,282,3722,b189ec765aa7ed75c8acfea42df31fdae71f97be,B
mmlu_pro:test:3846,chemistry,10,236,3723,b189ec765aa7ed75c8acfea42df31fdae71f97be,A
mmlu_pro:test:3847,chemistry,10,617,3724,b189ec765aa7ed75c8acfea42df31fdae71f97be,F
mmlu_pro:test:3848,chemistry,10,259,3725,b189ec765aa7ed75c8acfea42df31fdae71f97be,H
mmlu_pro:test:3849,chemistry,10,380,3726,b189ec765aa7ed75c8acfea42df31fdae71f97be,H
mmlu_pro:test:3850,chemistry,10,142,3727,b189ec765aa7ed75c8acfea42df31fdae71f97be,H
mmlu_pro:test:3851,chemistry,10,155,3728,b189ec765aa7ed75c8acfea42df31fdae71f97be,G
mmlu_pro:test:3852,chemistry,10,82,3729,b189ec765aa7ed75c8acfea42df31fdae71f97be,D
mmlu_pro:test:3853,chemistry,10,122,3730,b189ec765aa7ed75c8acfea42df31fdae71f97be,H
mmlu_pro:test:3854,chemistry,10,371,3731,b189ec765aa7ed75c8acfea42df31fdae71f97be,D
mmlu_pro:test:3855,chemistry,10,120,3732,b189ec765aa7ed75c8acfea42df31fdae71f97be,C
mmlu_pro:test:3856,chemistry,10,333,3733,b189ec765aa7ed75c8acfea42df31fdae71f97be,G
mmlu_pro:test:3857,chemistry,10,178,3734,b189ec765aa7ed75c8acfea42df31fdae71f97be,C
mmlu_pro:test:3858,chemistry,10,217,3735,b189ec765aa7ed75c8acfea42df31fdae71f97be,F
mmlu_pro:test:3859,chemistry,10,482,3736,b189ec765aa7ed75c8acfea42df31fdae71f97be,E
mmlu_pro:test:3860,chemistry,10,173,3737,b189ec765aa7ed75c8acfea42df31fdae71f97be,A
mmlu_pro:test:3861,chemistry,10,200,3738,b189ec765aa7ed75c8acfea42df31fdae71f97be,B
mmlu_pro:test:3862,chemistry,10,201,3739,b189ec765aa7ed75c8acfea42df31fdae71f97be,J
mmlu_pro:test:3863,chemistry,10,119,3740,b189ec765aa7ed75c8acfea42df31fdae71f97be,J
mmlu_pro:test:3864,chemistry,10,84,3741,b189ec765aa7ed75c8acfea42df31fdae71f97be,G
mmlu_pro:test:3865,chemistry,10,136,3742,b189ec765aa7ed75c8acfea42df31fdae71f97be,H
mmlu_pro:test:3866,chemistry,8,200,3743,b189ec765aa7ed75c8acfea42df31fdae71f97be,C
mmlu_pro:test:3867,chemistry,10,135,3744,b189ec765aa7ed75c8acfea42df31fdae71f97be,G
mmlu_pro:test:3868,chemistry,10,542,3745,b189ec765aa7ed75c8acfea42df31fdae71f97be,C
mmlu_pro:test:3869,chemistry,10,707,3746,b189ec765aa7ed75c8acfea42df31fdae71f97be,J
mmlu_pro:test:3870,chemistry,10,110,3747,b189ec765aa7ed75c8acfea42df31fdae71f97be,I
mmlu_pro:test:3871,chemistry,10,236,3748,b189ec765aa7ed75c8acfea42df31fdae71f97be,C
mmlu_pro:test:3872,chemistry,10,458,3749,b189ec765aa7ed75c8acfea42df31fdae71f97be,D
mmlu_pro:test:3873,chemistry,10,228,3750,b189ec765aa7ed75c8acfea42df31fdae71f97be,F
mmlu_pro:test:3874,chemistry,10,206,3751,b189ec765aa7ed75c8acfea42df31fdae71f97be,H
mmlu_pro:test:3875,chemistry,10,139,3752,b189ec765aa7ed75c8acfea42df31fdae71f97be,B
mmlu_pro:test:3876,chemistry,10,253,3753,b189ec765aa7ed75c8acfea42df31fdae71f97be,F
mmlu_pro:test:3877,chemistry,10,161,3754,b189ec765aa7ed75c8acfea42df31fdae71f97be,G
mmlu_pro:test:3878,chemistry,10,157,3755,b189ec765aa7ed75c8acfea42df31fdae71f97be,I
mmlu_pro:test:3879,chemistry,10,153,3756,b189ec765aa7ed75c8acfea42df31fdae71f97be,F
mmlu_pro:test:3880,chemistry,10,261,3757,b189ec765aa7ed75c8acfea42df31fdae71f97be,A
mmlu_pro:test:3881,chemistry,10,417,3758,b189ec765aa7ed75c8acfea42df31fdae71f97be,D
mmlu_pro:test:3882,chemistry,10,134,3759,b189ec765aa7ed75c8acfea42df31fdae71f97be,I
mmlu_pro:test:3883,chemistry,10,154,3760,b189ec765aa7ed75c8acfea42df31fdae71f97be,G
mmlu_pro:test:3884,chemistry,10,204,3761,b189ec765aa7ed75c8acfea42df31fdae71f97be,A
mmlu_pro:test:3885,chemistry,10,272,3762,b189ec765aa7ed75c8acfea42df31fdae71f97be,G
mmlu_pro:test:3886,chemistry,10,358,3763,b189ec765aa7ed75c8acfea42df31fdae71f97be,A
mmlu_pro:test:3887,chemistry,10,127,3764,b189ec765aa7ed75c8acfea42df31fdae71f97be,G
mmlu_pro:test:3889,chemistry,6,182,3766,b189ec765aa7ed75c8acfea42df31fdae71f97be,B
mmlu_pro:test:3890,chemistry,4,75,3767,b189ec765aa7ed75c8acfea42df31fdae71f97be,A
mmlu_pro:test:3891,chemistry,10,153,3768,b189ec765aa7ed75c8acfea42df31fdae71f97be,D
mmlu_pro:test:3892,chemistry,10,99,3769,b189ec765aa7ed75c8acfea42df31fdae71f97be,F
mmlu_pro:test:3893,chemistry,10,87,3770,b189ec765aa7ed75c8acfea42df31fdae71f97be,I
mmlu_pro:test:3894,chemistry,10,162,3771,b189ec765aa7ed75c8acfea42df31fdae71f97be,B
mmlu_pro:test:3895,chemistry,10,89,3772,b189ec765aa7ed75c8acfea42df31fdae71f97be,E
mmlu_pro:test:3896,chemistry,10,187,3773,b189ec765aa7ed75c8acfea42df31fdae71f97be,G
mmlu_pro:test:3897,chemistry,10,286,3774,b189ec765aa7ed75c8acfea42df31fdae71f97be,I
mmlu_pro:test:3898,chemistry,10,348,3775,b189ec765aa7ed75c8acfea42df31fdae71f97be,H
mmlu_pro:test:3899,chemistry,10,189,3776,b189ec765aa7ed75c8acfea42df31fdae71f97be,E
mmlu_pro:test:3900,chemistry,10,187,3777,b189ec765aa7ed75c8acfea42df31fdae71f97be,C
mmlu_pro:test:3902,chemistry,10,206,3779,b189ec765aa7ed75c8acfea42df31fdae71f97be,J
mmlu_pro:test:3903,chemistry,10,122,3780,b189ec765aa7ed75c8acfea42df31fdae71f97be,E
mmlu_pro:test:3904,chemistry,10,74,3781,b189ec765aa7ed75c8acfea42df31fdae71f97be,E
mmlu_pro:test:3905,chemistry,10,108,3782,b189ec765aa7ed75c8acfea42df31fdae71f97be,J
mmlu_pro:test:3906,chemistry,10,83,3783,b189ec765aa7ed75c8acfea42df31fdae71f97be,I
mmlu_pro:test:3907,chemistry,10,693,3784,b189ec765aa7ed75c8acfea42df31fdae71f97be,I
mmlu_pro:test:3908,chemistry,4,224,3785,b189ec765aa7ed75c8acfea42df31fdae71f97be,C
mmlu_pro:test:3909,chemistry,10,150,3786,b189ec765aa7ed75c8acfea42df31fdae71f97be,A
mmlu_pro:test:3910,chemistry,10,916,3787,b189ec765aa7ed75c8acfea42df31fdae71f97be,D
mmlu_pro:test:3911,chemistry,10,326,3788,b189ec765aa7ed75c8acfea42df31fdae71f97be,C
mmlu_pro:test:3912,chemistry,10,267,3789,b189ec765aa7ed75c8acfea42df31fdae71f97be,H
mmlu_pro:test:3913,chemistry,10,406,3790,b189ec765aa7ed75c8acfea42df31fdae71f97be,H
mmlu_pro:test:3914,chemistry,10,257,3791,b189ec765aa7ed75c8acfea42df31fdae71f97be,I
mmlu_pro:test:3915,chemistry,10,442,3792,b189ec765aa7ed75c8acfea42df31fdae71f97be,C
mmlu_pro:test:3916,chemistry,10,216,3793,b189ec765aa7ed75c8acfea42df31fdae71f97be,H
mmlu_pro:test:3917,chemistry,10,177,3794,b189ec765aa7ed75c8acfea42df31fdae71f97be,B
mmlu_pro:test:3918,chemistry,10,320,3795,b189ec765aa7ed75c8acfea42df31fdae71f97be,F
mmlu_pro:test:3919,chemistry,10,239,3796,b189ec765aa7ed75c8acfea42df31fdae71f97be,I
mmlu_pro:test:3920,chemistry,10,93,3797,b189ec765aa7ed75c8acfea42df31fdae71f97be,G
mmlu_pro:test:3921,chemistry,10,66,3798,b189ec765aa7ed75c8acfea42df31fdae71f97be,G
mmlu_pro:test:3922,chemistry,10,157,3799,b189ec765aa7ed75c8acfea42df31fdae71f97be,C
mmlu_pro:test:3923,chemistry,10,247,3800,b189ec765aa7ed75c8acfea42df31fdae71f97be,H
mmlu_pro:test:3924,chemistry,10,204,3801,b189ec765aa7ed75c8acfea42df31fdae71f97be,H
mmlu_pro:test:3925,chemistry,10,503,3802,b189ec765aa7ed75c8acfea42df31fdae71f97be,B
mmlu_pro:test:3926,chemistry,10,218,3803,b189ec765aa7ed75c8acfea42df31fdae71f97be,J
mmlu_pro:test:3927,chemistry,10,250,3804,b189ec765aa7ed75c8acfea42df31fdae71f97be,D
mmlu_pro:test:3928,chemistry,10,304,3805,b189ec765aa7ed75c8acfea42df31fdae71f97be,F
mmlu_pro:test:3929,chemistry,10,194,3806,b189ec765aa7ed75c8acfea42df31fdae71f97be,J
mmlu_pro:test:3930,chemistry,10,165,3807,b189ec765aa7ed75c8acfea42df31fdae71f97be,C
mmlu_pro:test:3931,chemistry,10,272,3808,b189ec765aa7ed75c8acfea42df31fdae71f97be,B
mmlu_pro:test:3932,chemistry,10,217,3809,b189ec765aa7ed75c8acfea42df31fdae71f97be,D
mmlu_pro:test:3933,chemistry,10,125,3810,b189ec765aa7ed75c8acfea42df31fdae71f97be,H
mmlu_pro:test:3934,chemistry,10,216,3811,b189ec765aa7ed75c8acfea42df31fdae71f97be,A
mmlu_pro:test:3935,chemistry,10,283,3812,b189ec765aa7ed75c8acfea42df31fdae71f97be,F
mmlu_pro:test:3936,chemistry,10,108,3813,b189ec765aa7ed75c8acfea42df31fdae71f97be,G
mmlu_pro:test:3937,chemistry,10,366,3814,b189ec765aa7ed75c8acfea42df31fdae71f97be,A
mmlu_pro:test:3938,chemistry,10,268,3815,b189ec765aa7ed75c8acfea42df31fdae71f97be,A
mmlu_pro:test:3939,chemistry,10,165,3816,b189ec765aa7ed75c8acfea42df31fdae71f97be,F
mmlu_pro:test:3940,chemistry,10,71,3817,b189ec765aa7ed75c8acfea42df31fdae71f97be,E
mmlu_pro:test:3941,chemistry,10,433,3818,b189ec765aa7ed75c8acfea42df31fdae71f97be,B
mmlu_pro:test:3942,chemistry,10,246,3819,b189ec765aa7ed75c8acfea42df31fdae71f97be,I
mmlu_pro:test:3943,chemistry,10,106,3820,b189ec765aa7ed75c8acfea42df31fdae71f97be,G
mmlu_pro:test:3944,chemistry,10,59,3821,b189ec765aa7ed75c8acfea42df31fdae71f97be,F
mmlu_pro:test:3945,chemistry,10,280,3822,b189ec765aa7ed75c8acfea42df31fdae71f97be,A
mmlu_pro:test:3946,chemistry,10,133,3823,b189ec765aa7ed75c8acfea42df31fdae71f97be,J
mmlu_pro:test:3947,chemistry,10,193,3824,b189ec765aa7ed75c8acfea42df31fdae71f97be,J
mmlu_pro:test:3948,chemistry,10,488,3825,b189ec765aa7ed75c8acfea42df31fdae71f97be,C
mmlu_pro:test:3949,chemistry,10,214,3826,b189ec765aa7ed75c8acfea42df31fdae71f97be,H
mmlu_pro:test:3950,chemistry,10,265,3827,b189ec765aa7ed75c8acfea42df31fdae71f97be,G
mmlu_pro:test:3951,chemistry,10,138,3828,b189ec765aa7ed75c8acfea42df31fdae71f97be,G
mmlu_pro:test:3952,chemistry,10,477,3829,b189ec765aa7ed75c8acfea42df31fdae71f97be,H
mmlu_pro:test:3953,chemistry,10,172,3830,b189ec765aa7ed75c8acfea42df31fdae71f97be,E
mmlu_pro:test:3954,chemistry,10,283,3831,b189ec765aa7ed75c8acfea42df31fdae71f97be,F
mmlu_pro:test:3956,chemistry,10,257,3833,b189ec765aa7ed75c8acfea42df31fdae71f97be,F
mmlu_pro:test:3957,chemistry,10,216,3834,b189ec765aa7ed75c8acfea42df31fdae71f97be,B
mmlu_pro:test:3958,chemistry,10,161,3835,b189ec765aa7ed75c8acfea42df31fdae71f97be,H
mmlu_pro:test:3959,chemistry,10,408,3836,b189ec765aa7ed75c8acfea42df31fdae71f97be,I
mmlu_pro:test:3960,chemistry,10,270,3837,b189ec765aa7ed75c8acfea42df31fdae71f97be,I
mmlu_pro:test:3961,chemistry,10,119,3838,b189ec765aa7ed75c8acfea42df31fdae71f97be,A
mmlu_pro:test:3962,chemistry,10,127,3839,b189ec765aa7ed75c8acfea42df31fdae71f97be,G
mmlu_pro:test:3963,chemistry,10,308,3840,b189ec765aa7ed75c8acfea42df31fdae71f97be,J
mmlu_pro:test:3964,chemistry,10,252,3841,b189ec765aa7ed75c8acfea42df31fdae71f97be,J
mmlu_pro:test:3965,chemistry,10,146,3842,b189ec765aa7ed75c8acfea42df31fdae71f97be,A
mmlu_pro:test:3966,chemistry,10,162,3843,b189ec765aa7ed75c8acfea42df31fdae71f97be,D
mmlu_pro:test:3967,chemistry,10,132,3844,b189ec765aa7ed75c8acfea42df31fdae71f97be,I
mmlu_pro:test:3968,chemistry,10,586,3845,b189ec765aa7ed75c8acfea42df31fdae71f97be,F
mmlu_pro:test:3969,chemistry,4,232,3846,b189ec765aa7ed75c8acfea42df31fdae71f97be,B
mmlu_pro:test:3970,chemistry,10,177,3847,b189ec765aa7ed75c8acfea42df31fdae71f97be,B
mmlu_pro:test:3971,chemistry,10,244,3848,b189ec765aa7ed75c8acfea42df31fdae71f97be,E
mmlu_pro:test:3972,chemistry,4,67,3849,b189ec765aa7ed75c8acfea42df31fdae71f97be,B
mmlu_pro:test:3973,chemistry,10,198,3850,b189ec765aa7ed75c8acfea42df31fdae71f97be,D
mmlu_pro:test:3974,chemistry,4,208,3851,b189ec765aa7ed75c8acfea42df31fdae71f97be,D
mmlu_pro:test:3975,chemistry,4,206,3852,b189ec765aa7ed75c8acfea42df31fdae71f97be,C
mmlu_pro:test:3976,chemistry,10,222,3853,b189ec765aa7ed75c8acfea42df31fdae71f97be,E
mmlu_pro:test:3977,chemistry,10,89,3854,b189ec765aa7ed75c8acfea42df31fdae71f97be,D
mmlu_pro:test:3978,chemistry,10,233,3855,b189ec765aa7ed75c8acfea42df31fdae71f97be,B
mmlu_pro:test:3979,chemistry,10,322,3856,b189ec765aa7ed75c8acfea42df31fdae71f97be,D
mmlu_pro:test:3981,chemistry,10,38,3857,b189ec765aa7ed75c8acfea42df31fdae71f97be,A
mmlu_pro:test:3982,chemistry,10,87,3858,b189ec765aa7ed75c8acfea42df31fdae71f97be,B
mmlu_pro:test:3983,chemistry,6,75,3859,b189ec765aa7ed75c8acfea42df31fdae71f97be,C
mmlu_pro:test:3984,chemistry,9,75,3860,b189ec765aa7ed75c8acfea42df31fdae71f97be,H
mmlu_pro:test:3985,chemistry,10,147,3861,b189ec765aa7ed75c8acfea42df31fdae71f97be,E
mmlu_pro:test:3986,chemistry,6,121,3862,b189ec765aa7ed75c8acfea42df31fdae71f97be,D
mmlu_pro:test:3987,chemistry,9,212,3863,b189ec765aa7ed75c8acfea42df31fdae71f97be,C
mmlu_pro:test:3988,chemistry,10,138,3864,b189ec765aa7ed75c8acfea42df31fdae71f97be,J
mmlu_pro:test:3989,chemistry,10,40,3865,b189ec765aa7ed75c8acfea42df31fdae71f97be,A
mmlu_pro:test:3990,chemistry,10,121,3866,b189ec765aa7ed75c8acfea42df31fdae71f97be,B
mmlu_pro:test:3991,chemistry,10,174,3867,b189ec765aa7ed75c8acfea42df31fdae71f97be,H
mmlu_pro:test:3992,chemistry,10,542,3868,b189ec765aa7ed75c8acfea42df31fdae71f97be,B
mmlu_pro:test:3993,chemistry,10,265,3869,b189ec765aa7ed75c8acfea42df31fdae71f97be,J
mmlu_pro:test:3994,chemistry,10,267,3870,b189ec765aa7ed75c8acfea42df31fdae71f97be,I
mmlu_pro:test:3995,chemistry,10,178,3871,b189ec765aa7ed75c8acfea42df31fdae71f97be,D
mmlu_pro:test:3996,chemistry,10,332,3872,b189ec765aa7ed75c8acfea42df31fdae71f97be,H
mmlu_pro:test:3997,chemistry,10,548,3873,b189ec765aa7ed75c8acfea42df31fdae71f97be,J
mmlu_pro:test:3998,chemistry,10,97,3874,b189ec765aa7ed75c8acfea42df31fdae71f97be,B
mmlu_pro:test:3999,chemistry,10,528,3875,b189ec765aa7ed75c8acfea42df31fdae71f97be,G
mmlu_pro:test:4001,chemistry,10,318,3877,b189ec765aa7ed75c8acfea42df31fdae71f97be,H
mmlu_pro:test:4002,chemistry,10,192,3878,b189ec765aa7ed75c8acfea42df31fdae71f97be,H
mmlu_pro:test:4003,chemistry,10,371,3879,b189ec765aa7ed75c8acfea42df31fdae71f97be,A
mmlu_pro:test:4004,chemistry,10,223,3880,b189ec765aa7ed75c8acfea42df31fdae71f97be,H
mmlu_pro:test:4005,chemistry,10,392,3881,b189ec765aa7ed75c8acfea42df31fdae71f97be,I
mmlu_pro:test:4006,chemistry,10,229,3882,b189ec765aa7ed75c8acfea42df31fdae71f97be,D
mmlu_pro:test:4007,chemistry,10,124,3883,b189ec765aa7ed75c8acfea42df31fdae71f97be,B
mmlu_pro:test:4008,chemistry,10,121,3884,b189ec765aa7ed75c8acfea42df31fdae71f97be,I
mmlu_pro:test:4009,chemistry,10,203,3885,b189ec765aa7ed75c8acfea42df31fdae71f97be,J
mmlu_pro:test:4010,chemistry,10,128,3886,b189ec765aa7ed75c8acfea42df31fdae71f97be,B
mmlu_pro:test:4011,chemistry,10,284,3887,b189ec765aa7ed75c8acfea42df31fdae71f97be,B
mmlu_pro:test:4012,chemistry,10,228,3888,b189ec765aa7ed75c8acfea42df31fdae71f97be,J
mmlu_pro:test:4013,chemistry,10,203,3889,b189ec765aa7ed75c8acfea42df31fdae71f97be,C
mmlu_pro:test:4014,chemistry,10,154,3890,b189ec765aa7ed75c8acfea42df31fdae71f97be,D
mmlu_pro:test:4015,chemistry,10,173,3891,b189ec765aa7ed75c8acfea42df31fdae71f97be,C
mmlu_pro:test:4016,chemistry,10,286,3892,b189ec765aa7ed75c8acfea42df31fdae71f97be,J
mmlu_pro:test:4017,chemistry,8,159,3893,b189ec765aa7ed75c8acfea42df31fdae71f97be,E
mmlu_pro:test:4018,chemistry,10,256,3894,b189ec765aa7ed75c8acfea42df31fdae71f97be,F
mmlu_pro:test:4019,chemistry,10,149,3895,b189ec765aa7ed75c8acfea42df31fdae71f97be,G
mmlu_pro:test:4020,chemistry,10,153,3896,b189ec765aa7ed75c8acfea42df31fdae71f97be,A
mmlu_pro:test:4021,chemistry,10,143,3897,b189ec765aa7ed75c8acfea42df31fdae71f97be,G
mmlu_pro:test:4022,chemistry,10,362,3898,b189ec765aa7ed75c8acfea42df31fdae71f97be,H
mmlu_pro:test:4023,chemistry,10,428,3899,b189ec765aa7ed75c8acfea42df31fdae71f97be,E
mmlu_pro:test:4024,chemistry,10,270,3900,b189ec765aa7ed75c8acfea42df31fdae71f97be,J
mmlu_pro:test:4025,chemistry,10,175,3901,b189ec765aa7ed75c8acfea42df31fdae71f97be,A
mmlu_pro:test:4027,chemistry,10,312,3902,b189ec765aa7ed75c8acfea42df31fdae71f97be,E
mmlu_pro:test:4028,chemistry,10,144,3903,b189ec765aa7ed75c8acfea42df31fdae71f97be,H
mmlu_pro:test:4029,chemistry,10,50,3904,b189ec765aa7ed75c8acfea42df31fdae71f97be,E
mmlu_pro:test:4030,chemistry,10,157,3905,b189ec765aa7ed75c8acfea42df31fdae71f97be,J
mmlu_pro:test:4031,chemistry,10,83,3906,b189ec765aa7ed75c8acfea42df31fdae71f97be,I
mmlu_pro:test:4032,chemistry,10,93,3907,b189ec765aa7ed75c8acfea42df31fdae71f97be,F
mmlu_pro:test:4033,chemistry,10,96,3908,b189ec765aa7ed75c8acfea42df31fdae71f97be,C
mmlu_pro:test:4034,chemistry,10,164,3909,b189ec765aa7ed75c8acfea42df31fdae71f97be,F
mmlu_pro:test:4035,chemistry,10,232,3910,b189ec765aa7ed75c8acfea42df31fdae71f97be,C
mmlu_pro:test:4036,chemistry,8,103,3911,b189ec765aa7ed75c8acfea42df31fdae71f97be,C
mmlu_pro:test:4037,chemistry,10,146,3912,b189ec765aa7ed75c8acfea42df31fdae71f97be,D
mmlu_pro:test:4038,chemistry,10,161,3913,b189ec765aa7ed75c8acfea42df31fdae71f97be,B
mmlu_pro:test:4040,chemistry,10,135,3915,b189ec765aa7ed75c8acfea42df31fdae71f97be,H
mmlu_pro:test:4041,chemistry,10,189,3916,b189ec765aa7ed75c8acfea42df31fdae71f97be,E
mmlu_pro:test:4043,chemistry,10,119,3918,b189ec765aa7ed75c8acfea42df31fdae71f97be,C
mmlu_pro:test:4044,chemistry,10,422,3919,b189ec765aa7ed75c8acfea42df31fdae71f97be,I
mmlu_pro:test:4045,chemistry,10,457,3920,b189ec765aa7ed75c8acfea42df31fdae71f97be,F
mmlu_pro:test:4046,chemistry,10,348,3921,b189ec765aa7ed75c8acfea42df31fdae71f97be,I
mmlu_pro:test:4047,chemistry,10,196,3922,b189ec765aa7ed75c8acfea42df31fdae71f97be,B
mmlu_pro:test:4048,chemistry,10,83,3923,b189ec765aa7ed75c8acfea42df31fdae71f97be,D
mmlu_pro:test:4049,chemistry,4,198,3924,b189ec765aa7ed75c8acfea42df31fdae71f97be,B
mmlu_pro:test:4050,chemistry,10,125,3925,b189ec765aa7ed75c8acfea42df31fdae71f97be,C
mmlu_pro:test:4051,chemistry,10,263,3926,b189ec765aa7ed75c8acfea42df31fdae71f97be,I
mmlu_pro:test:4052,chemistry,10,285,3927,b189ec765aa7ed75c8acfea42df31fdae71f97be,E
mmlu_pro:test:4053,chemistry,10,53,3928,b189ec765aa7ed75c8acfea42df31fdae71f97be,I
mmlu_pro:test:4054,chemistry,10,108,3929,b189ec765aa7ed75c8acfea42df31fdae71f97be,F
mmlu_pro:test:4055,chemistry,10,227,3930,b189ec765aa7ed75c8acfea42df31fdae71f97be,D
mmlu_pro:test:4056,chemistry,10,261,3931,b189ec765aa7ed75c8acfea42df31fdae71f97be,J
mmlu_pro:test:4057,chemistry,9,504,3932,b189ec765aa7ed75c8acfea42df31fdae71f97be,B
mmlu_pro:test:4058,chemistry,10,495,3933,b189ec765aa7ed75c8acfea42df31fdae71f97be,A
mmlu_pro:test:4059,chemistry,10,245,3934,b189ec765aa7ed75c8acfea42df31fdae71f97be,I
mmlu_pro:test:4060,chemistry,10,276,3935,b189ec765aa7ed75c8acfea42df31fdae71f97be,B
mmlu_pro:test:4061,chemistry,10,195,3936,b189ec765aa7ed75c8acfea42df31fdae71f97be,H
mmlu_pro:test:4062,chemistry,10,130,3937,b189ec765aa7ed75c8acfea42df31fdae71f97be,E
mmlu_pro:test:4063,chemistry,10,209,3938,b189ec765aa7ed75c8acfea42df31fdae71f97be,F
mmlu_pro:test:4064,chemistry,10,178,3939,b189ec765aa7ed75c8acfea42df31fdae71f97be,D
mmlu_pro:test:4065,chemistry,10,358,3940,b189ec765aa7ed75c8acfea42df31fdae71f97be,G
mmlu_pro:test:4066,chemistry,10,481,3941,b189ec765aa7ed75c8acfea42df31fdae71f97be,A
mmlu_pro:test:4067,chemistry,10,333,3942,b189ec765aa7ed75c8acfea42df31fdae71f97be,H
mmlu_pro:test:4068,chemistry,10,203,3943,b189ec765aa7ed75c8acfea42df31fdae71f97be,E
mmlu_pro:test:4069,chemistry,10,333,3944,b189ec765aa7ed75c8acfea42df31fdae71f97be,J
mmlu_pro:test:4070,chemistry,10,55,3945,b189ec765aa7ed75c8acfea42df31fdae71f97be,G
mmlu_pro:test:4071,chemistry,10,123,3946,b189ec765aa7ed75c8acfea42df31fdae71f97be,I
mmlu_pro:test:4072,chemistry,10,157,3947,b189ec765aa7ed75c8acfea42df31fdae71f97be,B
mmlu_pro:test:4073,chemistry,10,310,3948,b189ec765aa7ed75c8acfea42df31fdae71f97be,F
mmlu_pro:test:4074,chemistry,10,99,3949,b189ec765aa7ed75c8acfea42df31fdae71f97be,G
mmlu_pro:test:4075,chemistry,10,282,3950,b189ec765aa7ed75c8acfea42df31fdae71f97be,J
mmlu_pro:test:4076,chemistry,10,117,3951,b189ec765aa7ed75c8acfea42df31fdae71f97be,G
mmlu_pro:test:4077,chemistry,10,516,3952,b189ec765aa7ed75c8acfea42df31fdae71f97be,C
mmlu_pro:test:4078,chemistry,10,221,3953,b189ec765aa7ed75c8acfea42df31fdae71f97be,D
mmlu_pro:test:4079,chemistry,10,73,3954,b189ec765aa7ed75c8acfea42df31fdae71f97be,J
mmlu_pro:test:4080,chemistry,10,110,3955,b189ec765aa7ed75c8acfea42df31fdae71f97be,H
mmlu_pro:test:4081,chemistry,10,168,3956,b189ec765aa7ed75c8acfea42df31fdae71f97be,G
mmlu_pro:test:4082,chemistry,9,81,3957,b189ec765aa7ed75c8acfea42df31fdae71f97be,H
mmlu_pro:test:4084,chemistry,10,113,3958,b189ec765aa7ed75c8acfea42df31fdae71f97be,E
mmlu_pro:test:4085,chemistry,10,75,3959,b189ec765aa7ed75c8acfea42df31fdae71f97be,F
mmlu_pro:test:4086,chemistry,10,348,3960,b189ec765aa7ed75c8acfea42df31fdae71f97be,B
mmlu_pro:test:4087,chemistry,10,129,3961,b189ec765aa7ed75c8acfea42df31fdae71f97be,I
mmlu_pro:test:4088,chemistry,10,160,3962,b189ec765aa7ed75c8acfea42df31fdae71f97be,H
mmlu_pro:test:4089,chemistry,10,183,3963,b189ec765aa7ed75c8acfea42df31fdae71f97be,C
mmlu_pro:test:4090,chemistry,10,306,3964,b189ec765aa7ed75c8acfea42df31fdae71f97be,C
mmlu_pro:test:4091,chemistry,10,288,3965,b189ec765aa7ed75c8acfea42df31fdae71f97be,E
mmlu_pro:test:4092,chemistry,10,96,3966,b189ec765aa7ed75c8acfea42df31fdae71f97be,F
mmlu_pro:test:4093,chemistry,10,131,3967,b189ec765aa7ed75c8acfea42df31fdae71f97be,B
mmlu_pro:test:4094,chemistry,10,236,3968,b189ec765aa7ed75c8acfea42df31fdae71f97be,D
mmlu_pro:test:4095,chemistry,4,163,3969,b189ec765aa7ed75c8acfea42df31fdae71f97be,D
mmlu_pro:test:4096,chemistry,10,297,3970,b189ec765aa7ed75c8acfea42df31fdae71f97be,I
mmlu_pro:test:4097,chemistry,10,123,3971,b189ec765aa7ed75c8acfea42df31fdae71f97be,H
mmlu_pro:test:4098,chemistry,10,806,3972,b189ec765aa7ed75c8acfea42df31fdae71f97be,B
mmlu_pro:test:4099,chemistry,10,236,3973,b189ec765aa7ed75c8acfea42df31fdae71f97be,G
mmlu_pro:test:4100,chemistry,10,342,3974,b189ec765aa7ed75c8acfea42df31fdae71f97be,I
mmlu_pro:test:4101,chemistry,10,456,3975,b189ec765aa7ed75c8acfea42df31fdae71f97be,D
mmlu_pro:test:4102,chemistry,10,427,3976,b189ec765aa7ed75c8acfea42df31fdae71f97be,E
mmlu_pro:test:4103,chemistry,10,304,3977,b189ec765aa7ed75c8acfea42df31fdae71f97be,H
mmlu_pro:test:4104,chemistry,10,270,3978,b189ec765aa7ed75c8acfea42df31fdae71f97be,C
mmlu_pro:test:4105,chemistry,10,111,3979,b189ec765aa7ed75c8acfea42df31fdae71f97be,I
mmlu_pro:test:4106,chemistry,10,202,3980,b189ec765aa7ed75c8acfea42df31fdae71f97be,I
mmlu_pro:test:4107,chemistry,10,371,3981,b189ec765aa7ed75c8acfea42df31fdae71f97be,G
mmlu_pro:test:4108,chemistry,10,115,3982,b189ec765aa7ed75c8acfea42df31fdae71f97be,C
mmlu_pro:test:4109,chemistry,10,90,3983,b189ec765aa7ed75c8acfea42df31fdae71f97be,H
mmlu_pro:test:4110,chemistry,10,218,3984,b189ec765aa7ed75c8acfea42df31fdae71f97be,E
mmlu_pro:test:4111,chemistry,10,67,3985,b189ec765aa7ed75c8acfea42df31fdae71f97be,E
mmlu_pro:test:4112,chemistry,10,67,3986,b189ec765aa7ed75c8acfea42df31fdae71f97be,B
mmlu_pro:test:4113,chemistry,10,146,3987,b189ec765aa7ed75c8acfea42df31fdae71f97be,A
mmlu_pro:test:4114,chemistry,10,628,3988,b189ec765aa7ed75c8acfea42df31fdae71f97be,A
mmlu_pro:test:4115,chemistry,10,153,3989,b189ec765aa7ed75c8acfea42df31fdae71f97be,C
mmlu_pro:test:4116,chemistry,10,101,3990,b189ec765aa7ed75c8acfea42df31fdae71f97be,C
mmlu_pro:test:4117,chemistry,10,272,3991,b189ec765aa7ed75c8acfea42df31fdae71f97be,A
mmlu_pro:test:4118,chemistry,10,202,3992,b189ec765aa7ed75c8acfea42df31fdae71f97be,E
mmlu_pro:test:4119,chemistry,10,297,3993,b189ec765aa7ed75c8acfea42df31fdae71f97be,G
mmlu_pro:test:4120,chemistry,10,224,3994,b189ec765aa7ed75c8acfea42df31fdae71f97be,C
mmlu_pro:test:4121,chemistry,10,186,3995,b189ec765aa7ed75c8acfea42df31fdae71f97be,F
mmlu_pro:test:4122,chemistry,10,142,3996,b189ec765aa7ed75c8acfea42df31fdae71f97be,F
mmlu_pro:test:4123,chemistry,10,264,3997,b189ec765aa7ed75c8acfea42df31fdae71f97be,I
mmlu_pro:test:4124,chemistry,10,85,3998,b189ec765aa7ed75c8acfea42df31fdae71f97be,F
mmlu_pro:test:4125,chemistry,10,139,3999,b189ec765aa7ed75c8acfea42df31fdae71f97be,G
mmlu_pro:test:4126,chemistry,10,414,4000,b189ec765aa7ed75c8acfea42df31fdae71f97be,H
mmlu_pro:test:4127,chemistry,10,132,4001,b189ec765aa7ed75c8acfea42df31fdae71f97be,J
mmlu_pro:test:4128,chemistry,10,212,4002,b189ec765aa7ed75c8acfea42df31fdae71f97be,A
mmlu_pro:test:4129,chemistry,10,222,4003,b189ec765aa7ed75c8acfea42df31fdae71f97be,B
mmlu_pro:test:4130,chemistry,10,214,4004,b189ec765aa7ed75c8acfea42df31fdae71f97be,G
mmlu_pro:test:4131,chemistry,10,68,4005,b189ec765aa7ed75c8acfea42df31fdae71f97be,B
mmlu_pro:test:4133,chemistry,4,225,4007,b189ec765aa7ed75c8acfea42df31fdae71f97be,D
mmlu_pro:test:4134,chemistry,10,237,4008,b189ec765aa7ed75c8acfea42df31fdae71f97be,I
mmlu_pro:test:4135,chemistry,10,193,4009,b189ec765aa7ed75c8acfea42df31fdae71f97be,C
mmlu_pro:test:4136,chemistry,10,330,4010,b189ec765aa7ed75c8acfea42df31fdae71f97be,J
mmlu_pro:test:4137,chemistry,10,246,4011,b189ec765aa7ed75c8acfea42df31fdae71f97be,B
mmlu_pro:test:4138,chemistry,10,348,4012,b189ec765aa7ed75c8acfea42df31fdae71f97be,I
mmlu_pro:test:4139,chemistry,10,484,4013,b189ec765aa7ed75c8acfea42df31fdae71f97be,D
mmlu_pro:test:4140,chemistry,10,417,4014,b189ec765aa7ed75c8acfea42df31fdae71f97be,E
mmlu_pro:test:4141,chemistry,10,127,4015,b189ec765aa7ed75c8acfea42df31fdae71f97be,A
mmlu_pro:test:4142,chemistry,10,176,4016,b189ec765aa7ed75c8acfea42df31fdae71f97be,D
mmlu_pro:test:4143,chemistry,10,550,4017,b189ec765aa7ed75c8acfea42df31fdae71f97be,A
mmlu_pro:test:4144,chemistry,10,138,4018,b189ec765aa7ed75c8acfea42df31fdae71f97be,A
mmlu_pro:test:4145,chemistry,10,202,4019,b189ec765aa7ed75c8acfea42df31fdae71f97be,F
mmlu_pro:test:4146,chemistry,10,529,4020,b189ec765aa7ed75c8acfea42df31fdae71f97be,H
mmlu_pro:test:4147,chemistry,10,333,4021,b189ec765aa7ed75c8acfea42df31fdae71f97be,E
mmlu_pro:test:4148,chemistry,10,159,4022,b189ec765aa7ed75c8acfea42df31fdae71f97be,D
mmlu_pro:test:4149,chemistry,10,276,4023,b189ec765aa7ed75c8acfea42df31fdae71f97be,A
mmlu_pro:test:4151,chemistry,10,223,4025,b189ec765aa7ed75c8acfea42df31fdae71f97be,G
mmlu_pro:test:4152,chemistry,10,183,4026,b189ec765aa7ed75c8acfea42df31fdae71f97be,F
mmlu_pro:test:4153,chemistry,10,103,4027,b189ec765aa7ed75c8acfea42df31fdae71f97be,C
mmlu_pro:test:4154,chemistry,10,194,4028,b189ec765aa7ed75c8acfea42df31fdae71f97be,D
mmlu_pro:test:4155,chemistry,10,221,4029,b189ec765aa7ed75c8acfea42df31fdae71f97be,I
mmlu_pro:test:4156,chemistry,10,285,4030,b189ec765aa7ed75c8acfea42df31fdae71f97be,A
mmlu_pro:test:4157,chemistry,10,270,4031,b189ec765aa7ed75c8acfea42df31fdae71f97be,G
mmlu_pro:test:4158,chemistry,9,99,4032,b189ec765aa7ed75c8acfea42df31fdae71f97be,D
mmlu_pro:test:4159,chemistry,10,242,4033,b189ec765aa7ed75c8acfea42df31fdae71f97be,F
mmlu_pro:test:4160,chemistry,10,148,4034,b189ec765aa7ed75c8acfea42df31fdae71f97be,E
mmlu_pro:test:4162,chemistry,10,150,4036,b189ec765aa7ed75c8acfea42df31fdae71f97be,E
mmlu_pro:test:4163,chemistry,10,139,4037,b189ec765aa7ed75c8acfea42df31fdae71f97be,D
mmlu_pro:test:4164,chemistry,9,82,4038,b189ec765aa7ed75c8acfea42df31fdae71f97be,C
mmlu_pro:test:4165,chemistry,10,58,4039,b189ec765aa7ed75c8acfea42df31fdae71f97be,G
mmlu_pro:test:4166,chemistry,10,263,4040,b189ec765aa7ed75c8acfea42df31fdae71f97be,C
mmlu_pro:test:4167,chemistry,10,71,4041,b189ec765aa7ed75c8acfea42df31fdae71f97be,D
mmlu_pro:test:4168,chemistry,7,128,4042,b189ec765aa7ed75c8acfea42df31fdae71f97be,B
mmlu_pro:test:4169,chemistry,10,102,4043,b189ec765aa7ed75c8acfea42df31fdae71f97be,F
mmlu_pro:test:4170,chemistry,10,472,4044,b189ec765aa7ed75c8acfea42df31fdae71f97be,D
mmlu_pro:test:4171,chemistry,10,474,4045,b189ec765aa7ed75c8acfea42df31fdae71f97be,F
mmlu_pro:test:4172,chemistry,10,324,4046,b189ec765aa7ed75c8acfea42df31fdae71f97be,E
mmlu_pro:test:4173,chemistry,10,215,4047,b189ec765aa7ed75c8acfea42df31fdae71f97be,H
mmlu_pro:test:4174,chemistry,10,233,4048,b189ec765aa7ed75c8acfea42df31fdae71f97be,B
mmlu_pro:test:4175,chemistry,10,627,4049,b189ec765aa7ed75c8acfea42df31fdae71f97be,C
mmlu_pro:test:4176,chemistry,10,90,4050,b189ec765aa7ed75c8acfea42df31fdae71f97be,D
mmlu_pro:test:4177,chemistry,10,186,4051,b189ec765aa7ed75c8acfea42df31fdae71f97be,B
mmlu_pro:test:4178,chemistry,10,119,4052,b189ec765aa7ed75c8acfea42df31fdae71f97be,E
mmlu_pro:test:4179,chemistry,10,191,4053,b189ec765aa7ed75c8acfea42df31fdae71f97be,H
mmlu_pro:test:4180,chemistry,10,184,4054,b189ec765aa7ed75c8acfea42df31fdae71f97be,G
mmlu_pro:test:4181,chemistry,10,290,4055,b189ec765aa7ed75c8acfea42df31fdae71f97be,D
mmlu_pro:test:4183,chemistry,10,389,4057,b189ec765aa7ed75c8acfea42df31fdae71f97be,H
mmlu_pro:test:4184,chemistry,10,258,4058,b189ec765aa7ed75c8acfea42df31fdae71f97be,F
mmlu_pro:test:4185,chemistry,10,602,4059,b189ec765aa7ed75c8acfea42df31fdae71f97be,G
mmlu_pro:test:4186,chemistry,10,178,4060,b189ec765aa7ed75c8acfea42df31fdae71f97be,A
mmlu_pro:test:4187,chemistry,10,143,4061,b189ec765aa7ed75c8acfea42df31fdae71f97be,B
mmlu_pro:test:4188,chemistry,10,294,4062,b189ec765aa7ed75c8acfea42df31fdae71f97be,F
mmlu_pro:test:4189,chemistry,10,93,4063,b189ec765aa7ed75c8acfea42df31fdae71f97be,D
mmlu_pro:test:4190,chemistry,10,42,4064,b189ec765aa7ed75c8acfea42df31fdae71f97be,A
mmlu_pro:test:4191,chemistry,10,105,4065,b189ec765aa7ed75c8acfea42df31fdae71f97be,F
mmlu_pro:test:4192,chemistry,10,329,4066,b189ec765aa7ed75c8acfea42df31fdae71f97be,J
mmlu_pro:test:4193,chemistry,10,376,4067,b189ec765aa7ed75c8acfea42df31fdae71f97be,D
mmlu_pro:test:4194,chemistry,10,129,4068,b189ec765aa7ed75c8acfea42df31fdae71f97be,H
mmlu_pro:test:4195,chemistry,10,247,4069,b189ec765aa7ed75c8acfea42df31fdae71f97be,A
mmlu_pro:test:4196,chemistry,10,312,4070,b189ec765aa7ed75c8acfea42df31fdae71f97be,C
mmlu_pro:test:4197,chemistry,10,178,4071,b189ec765aa7ed75c8acfea42df31fdae71f97be,A
mmlu_pro:test:4198,chemistry,10,314,4072,b189ec765aa7ed75c8acfea42df31fdae71f97be,E
mmlu_pro:test:4199,chemistry,10,197,4073,b189ec765aa7ed75c8acfea42df31fdae71f97be,C
mmlu_pro:test:4200,chemistry,10,239,4074,b189ec765aa7ed75c8acfea42df31fdae71f97be,C
mmlu_pro:test:4201,chemistry,10,257,4075,b189ec765aa7ed75c8acfea42df31fdae71f97be,G
mmlu_pro:test:4202,chemistry,10,119,4076,b189ec765aa7ed75c8acfea42df31fdae71f97be,H
mmlu_pro:test:4203,chemistry,10,459,4077,b189ec765aa7ed75c8acfea42df31fdae71f97be,D
mmlu_pro:test:4204,chemistry,10,169,4078,b189ec765aa7ed75c8acfea42df31fdae71f97be,G
mmlu_pro:test:4205,chemistry,10,167,4079,b189ec765aa7ed75c8acfea42df31fdae71f97be,D
mmlu_pro:test:4206,chemistry,10,251,4080,b189ec765aa7ed75c8acfea42df31fdae71f97be,C
mmlu_pro:test:4207,chemistry,10,437,4081,b189ec765aa7ed75c8acfea42df31fdae71f97be,A
mmlu_pro:test:4208,chemistry,10,192,4082,b189ec765aa7ed75c8acfea42df31fdae71f97be,C
mmlu_pro:test:4209,chemistry,10,229,4083,b189ec765aa7ed75c8acfea42df31fdae71f97be,H
mmlu_pro:test:4210,chemistry,10,206,4084,b189ec765aa7ed75c8acfea42df31fdae71f97be,F
mmlu_pro:test:4211,chemistry,10,138,4085,b189ec765aa7ed75c8acfea42df31fdae71f97be,G
mmlu_pro:test:4212,chemistry,10,107,4086,b189ec765aa7ed75c8acfea42df31fdae71f97be,C
mmlu_pro:test:4213,chemistry,10,305,4087,b189ec765aa7ed75c8acfea42df31fdae71f97be,G
mmlu_pro:test:4214,chemistry,10,231,4088,b189ec765aa7ed75c8acfea42df31fdae71f97be,J
mmlu_pro:test:4215,chemistry,10,98,4089,b189ec765aa7ed75c8acfea42df31fdae71f97be,D
mmlu_pro:test:4216,chemistry,10,178,4090,b189ec765aa7ed75c8acfea42df31fdae71f97be,A
mmlu_pro:test:4217,chemistry,10,136,4091,b189ec765aa7ed75c8acfea42df31fdae71f97be,E
mmlu_pro:test:4218,chemistry,10,198,4092,b189ec765aa7ed75c8acfea42df31fdae71f97be,H
mmlu_pro:test:4219,chemistry,10,100,4093,b189ec765aa7ed75c8acfea42df31fdae71f97be,D
mmlu_pro:test:4220,chemistry,10,433,4094,b189ec765aa7ed75c8acfea42df31fdae71f97be,J
mmlu_pro:test:4221,chemistry,10,216,4095,b189ec765aa7ed75c8acfea42df31fdae71f97be,A
mmlu_pro:test:4223,chemistry,10,554,4096,b189ec765aa7ed75c8acfea42df31fdae71f97be,E
mmlu_pro:test:4224,chemistry,10,307,4097,b189ec765aa7ed75c8acfea42df31fdae71f97be,D
mmlu_pro:test:4225,chemistry,10,537,4098,b189ec765aa7ed75c8acfea42df31fdae71f97be,G
mmlu_pro:test:4226,chemistry,10,207,4099,b189ec765aa7ed75c8acfea42df31fdae71f97be,J
mmlu_pro:test:4227,chemistry,10,264,4100,b189ec765aa7ed75c8acfea42df31fdae71f97be,C
mmlu_pro:test:4228,chemistry,10,109,4101,b189ec765aa7ed75c8acfea42df31fdae71f97be,I
mmlu_pro:test:4229,chemistry,10,304,4102,b189ec765aa7ed75c8acfea42df31fdae71f97be,C
mmlu_pro:test:4230,chemistry,10,137,4103,b189ec765aa7ed75c8acfea42df31fdae71f97be,H
mmlu_pro:test:4231,chemistry,10,237,4104,b189ec765aa7ed75c8acfea42df31fdae71f97be,E
mmlu_pro:test:4232,chemistry,10,291,4105,b189ec765aa7ed75c8acfea42df31fdae71f97be,B
mmlu_pro:test:4233,chemistry,10,116,4106,b189ec765aa7ed75c8acfea42df31fdae71f97be,H
mmlu_pro:test:4234,chemistry,10,451,4107,b189ec765aa7ed75c8acfea42df31fdae71f97be,B
mmlu_pro:test:4235,chemistry,10,293,4108,b189ec765aa7ed75c8acfea42df31fdae71f97be,B
mmlu_pro:test:4236,chemistry,10,650,4109,b189ec765aa7ed75c8acfea42df31fdae71f97be,G
mmlu_pro:test:4237,chemistry,10,356,4110,b189ec765aa7ed75c8acfea42df31fdae71f97be,F
mmlu_pro:test:4238,chemistry,10,104,4111,b189ec765aa7ed75c8acfea42df31fdae71f97be,G
mmlu_pro:test:4239,chemistry,10,459,4112,b189ec765aa7ed75c8acfea42df31fdae71f97be,D
mmlu_pro:test:4240,chemistry,4,341,4113,b189ec765aa7ed75c8acfea42df31fdae71f97be,B
mmlu_pro:test:4241,chemistry,10,285,4114,b189ec765aa7ed75c8acfea42df31fdae71f97be,J
mmlu_pro:test:4242,chemistry,10,202,4115,b189ec765aa7ed75c8acfea42df31fdae71f97be,A
mmlu_pro:test:4243,chemistry,10,271,4116,b189ec765aa7ed75c8acfea42df31fdae71f97be,E
mmlu_pro:test:4244,chemistry,10,45,4117,b189ec765aa7ed75c8acfea42df31fdae71f97be,I
mmlu_pro:test:4245,chemistry,10,33,4118,b189ec765aa7ed75c8acfea42df31fdae71f97be,B
mmlu_pro:test:4246,chemistry,9,112,4119,b189ec765aa7ed75c8acfea42df31fdae71f97be,A
mmlu_pro:test:4247,chemistry,10,226,4120,b189ec765aa7ed75c8acfea42df31fdae71f97be,J
mmlu_pro:test:4248,chemistry,10,147,4121,b189ec765aa7ed75c8acfea42df31fdae71f97be,J
mmlu_pro:test:4249,chemistry,9,82,4122,b189ec765aa7ed75c8acfea42df31fdae71f97be,E
mmlu_pro:test:4250,chemistry,10,63,4123,b189ec765aa7ed75c8acfea42df31fdae71f97be,E
mmlu_pro:test:4251,chemistry,5,208,4124,b189ec765aa7ed75c8acfea42df31fdae71f97be,C
mmlu_pro:test:4252,chemistry,10,96,4125,b189ec765aa7ed75c8acfea42df31fdae71f97be,F
mmlu_pro:test:4253,chemistry,10,202,4126,b189ec765aa7ed75c8acfea42df31fdae71f97be,B
mmlu_pro:test:4254,chemistry,10,103,4127,b189ec765aa7ed75c8acfea42df31fdae71f97be,A
mmlu_pro:test:4255,chemistry,10,138,4128,b189ec765aa7ed75c8acfea42df31fdae71f97be,H
mmlu_pro:test:4256,chemistry,10,195,4129,b189ec765aa7ed75c8acfea42df31fdae71f97be,B
mmlu_pro:test:4257,chemistry,10,185,4130,b189ec765aa7ed75c8acfea42df31fdae71f97be,F
mmlu_pro:test:4258,chemistry,10,207,4131,b189ec765aa7ed75c8acfea42df31fdae71f97be,F
mmlu_pro:test:4259,chemistry,10,187,4132,b189ec765aa7ed75c8acfea42df31fdae71f97be,J
mmlu_pro:test:4260,chemistry,10,204,4133,b189ec765aa7ed75c8acfea42df31fdae71f97be,C
mmlu_pro:test:4261,chemistry,10,308,4134,b189ec765aa7ed75c8acfea42df31fdae71f97be,F
mmlu_pro:test:4262,chemistry,10,113,4135,b189ec765aa7ed75c8acfea42df31fdae71f97be,I
mmlu_pro:test:4263,chemistry,10,444,4136,b189ec765aa7ed75c8acfea42df31fdae71f97be,G
mmlu_pro:test:4264,chemistry,10,166,4137,b189ec765aa7ed75c8acfea42df31fdae71f97be,H
mmlu_pro:test:4265,chemistry,10,256,4138,b189ec765aa7ed75c8acfea42df31fdae71f97be,A
mmlu_pro:test:4266,chemistry,10,126,4139,b189ec765aa7ed75c8acfea42df31fdae71f97be,I
mmlu_pro:test:4267,chemistry,10,548,4140,b189ec765aa7ed75c8acfea42df31fdae71f97be,B
mmlu_pro:test:4268,chemistry,10,302,4141,b189ec765aa7ed75c8acfea42df31fdae71f97be,J
mmlu_pro:test:4269,chemistry,10,522,4142,b189ec765aa7ed75c8acfea42df31fdae71f97be,A
mmlu_pro:test:4270,chemistry,10,747,4143,b189ec765aa7ed75c8acfea42df31fdae71f97be,H
mmlu_pro:test:4271,chemistry,10,745,4144,b189ec765aa7ed75c8acfea42df31fdae71f97be,G
mmlu_pro:test:4273,chemistry,10,271,4146,b189ec765aa7ed75c8acfea42df31fdae71f97be,H
mmlu_pro:test:4274,chemistry,10,309,4147,b189ec765aa7ed75c8acfea42df31fdae71f97be,C
mmlu_pro:test:4275,chemistry,10,475,4148,b189ec765aa7ed75c8acfea42df31fdae71f97be,A
mmlu_pro:test:4276,chemistry,10,454,4149,b189ec765aa7ed75c8acfea42df31fdae71f97be,I
mmlu_pro:test:4277,chemistry,10,394,4150,b189ec765aa7ed75c8acfea42df31fdae71f97be,A
mmlu_pro:test:4278,chemistry,10,188,4151,b189ec765aa7ed75c8acfea42df31fdae71f97be,J
mmlu_pro:test:4280,chemistry,10,244,4153,b189ec765aa7ed75c8acfea42df31fdae71f97be,F
mmlu_pro:test:4281,chemistry,10,238,4154,b189ec765aa7ed75c8acfea42df31fdae71f97be,G
mmlu_pro:test:4282,chemistry,10,261,4155,b189ec765aa7ed75c8acfea42df31fdae71f97be,E
mmlu_pro:test:4283,chemistry,10,259,4156,b189ec765aa7ed75c8acfea42df31fdae71f97be,E
mmlu_pro:test:4284,chemistry,10,205,4157,b189ec765aa7ed75c8acfea42df31fdae71f97be,J
mmlu_pro:test:4285,chemistry,10,94,4158,b189ec765aa7ed75c8acfea42df31fdae71f97be,D
mmlu_pro:test:4286,chemistry,10,237,4159,b189ec765aa7ed75c8acfea42df31fdae71f97be,F
mmlu_pro:test:4287,chemistry,10,27,4160,b189ec765aa7ed75c8acfea42df31fdae71f97be,C
mmlu_pro:test:4288,chemistry,10,499,4161,b189ec765aa7ed75c8acfea42df31fdae71f97be,I
mmlu_pro:test:4289,chemistry,10,151,4162,b189ec765aa7ed75c8acfea42df31fdae71f97be,G
mmlu_pro:test:4291,chemistry,10,181,4164,b189ec765aa7ed75c8acfea42df31fdae71f97be,B
mmlu_pro:test:4293,chemistry,10,359,4166,b189ec765aa7ed75c8acfea42df31fdae71f97be,H
mmlu_pro:test:4294,chemistry,10,139,4167,b189ec765aa7ed75c8acfea42df31fdae71f97be,H
mmlu_pro:test:4295,chemistry,10,252,4168,b189ec765aa7ed75c8acfea42df31fdae71f97be,F
mmlu_pro:test:4296,chemistry,10,323,4169,b189ec765aa7ed75c8acfea42df31fdae71f97be,C
mmlu_pro:test:4297,chemistry,10,153,4170,b189ec765aa7ed75c8acfea42df31fdae71f97be,E
mmlu_pro:test:4298,chemistry,10,154,4171,b189ec765aa7ed75c8acfea42df31fdae71f97be,C
mmlu_pro:test:4299,chemistry,10,400,4172,b189ec765aa7ed75c8acfea42df31fdae71f97be,A
mmlu_pro:test:4300,chemistry,10,103,4173,b189ec765aa7ed75c8acfea42df31fdae71f97be,A
mmlu_pro:test:4301,chemistry,10,378,4174,b189ec765aa7ed75c8acfea42df31fdae71f97be,A
mmlu_pro:test:4302,chemistry,10,99,4175,b189ec765aa7ed75c8acfea42df31fdae71f97be,H
mmlu_pro:test:4303,chemistry,10,267,4176,b189ec765aa7ed75c8acfea42df31fdae71f97be,H
mmlu_pro:test:4304,chemistry,10,224,4177,b189ec765aa7ed75c8acfea42df31fdae71f97be,A
mmlu_pro:test:4305,chemistry,10,391,4178,b189ec765aa7ed75c8acfea42df31fdae71f97be,C
mmlu_pro:test:4306,chemistry,10,202,4179,b189ec765aa7ed75c8acfea42df31fdae71f97be,E
mmlu_pro:test:4307,chemistry,10,449,4180,b189ec765aa7ed75c8acfea42df31fdae71f97be,D
mmlu_pro:test:4308,chemistry,10,244,4181,b189ec765aa7ed75c8acfea42df31fdae71f97be,G
mmlu_pro:test:4309,chemistry,10,353,4182,b189ec765aa7ed75c8acfea42df31fdae71f97be,B
mmlu_pro:test:4310,chemistry,4,111,4183,b189ec765aa7ed75c8acfea42df31fdae71f97be,D
mmlu_pro:test:4311,chemistry,4,189,4184,b189ec765aa7ed75c8acfea42df31fdae71f97be,C
mmlu_pro:test:4312,chemistry,10,162,4185,b189ec765aa7ed75c8acfea42df31fdae71f97be,A
mmlu_pro:test:4313,chemistry,10,242,4186,b189ec765aa7ed75c8acfea42df31fdae71f97be,F
mmlu_pro:test:4314,chemistry,10,392,4187,b189ec765aa7ed75c8acfea42df31fdae71f97be,F
mmlu_pro:test:4315,chemistry,10,205,4188,b189ec765aa7ed75c8acfea42df31fdae71f97be,J
mmlu_pro:test:4316,chemistry,10,99,4189,b189ec765aa7ed75c8acfea42df31fdae71f97be,J
mmlu_pro:test:4317,chemistry,10,79,4190,b189ec765aa7ed75c8acfea42df31fdae71f97be,I
mmlu_pro:test:4318,chemistry,10,278,4191,b189ec765aa7ed75c8acfea42df31fdae71f97be,J
mmlu_pro:test:4319,chemistry,10,428,4192,b189ec765aa7ed75c8acfea42df31fdae71f97be,G
mmlu_pro:test:4320,chemistry,10,299,4193,b189ec765aa7ed75c8acfea42df31fdae71f97be,H
mmlu_pro:test:4321,chemistry,10,289,4194,b189ec765aa7ed75c8acfea42df31fdae71f97be,C
mmlu_pro:test:4322,chemistry,10,173,4195,b189ec765aa7ed75c8acfea42df31fdae71f97be,H
mmlu_pro:test:4323,chemistry,10,210,4196,b189ec765aa7ed75c8acfea42df31fdae71f97be,F
mmlu_pro:test:4324,chemistry,10,98,4197,b189ec765aa7ed75c8acfea42df31fdae71f97be,H
mmlu_pro:test:4325,chemistry,10,239,4198,b189ec765aa7ed75c8acfea42df31fdae71f97be,D
mmlu_pro:test:4326,chemistry,10,143,4199,b189ec765aa7ed75c8acfea42df31fdae71f97be,I
mmlu_pro:test:4327,chemistry,10,233,4200,b189ec765aa7ed75c8acfea42df31fdae71f97be,B
mmlu_pro:test:4328,chemistry,10,139,4201,b189ec765aa7ed75c8acfea42df31fdae71f97be,A
mmlu_pro:test:4329,chemistry,10,583,4202,b189ec765aa7ed75c8acfea42df31fdae71f97be,C
mmlu_pro:test:4330,chemistry,10,281,4203,b189ec765aa7ed75c8acfea42df31fdae71f97be,G
mmlu_pro:test:4331,chemistry,10,386,4204,b189ec765aa7ed75c8acfea42df31fdae71f97be,F
mmlu_pro:test:4333,chemistry,10,71,4206,b189ec765aa7ed75c8acfea42df31fdae71f97be,E
mmlu_pro:test:4334,chemistry,9,40,4207,b189ec765aa7ed75c8acfea42df31fdae71f97be,D
mmlu_pro:test:4335,chemistry,10,106,4208,b189ec765aa7ed75c8acfea42df31fdae71f97be,B
mmlu_pro:test:4336,chemistry,10,250,4209,b189ec765aa7ed75c8acfea42df31fdae71f97be,I
mmlu_pro:test:4337,chemistry,9,61,4210,b189ec765aa7ed75c8acfea42df31fdae71f97be,I
mmlu_pro:test:4338,chemistry,9,188,4211,b189ec765aa7ed75c8acfea42df31fdae71f97be,H
mmlu_pro:test:4339,chemistry,10,40,4212,b189ec765aa7ed75c8acfea42df31fdae71f97be,H
mmlu_pro:test:4340,chemistry,10,98,4213,b189ec765aa7ed75c8acfea42df31fdae71f97be,C
mmlu_pro:test:4341,chemistry,10,230,4214,b189ec765aa7ed75c8acfea42df31fdae71f97be,G
mmlu_pro:test:4342,chemistry,10,209,4215,b189ec765aa7ed75c8acfea42df31fdae71f97be,E
mmlu_pro:test:4343,chemistry,10,54,4216,b189ec765aa7ed75c8acfea42df31fdae71f97be,J
mmlu_pro:test:4344,chemistry,10,98,4217,b189ec765aa7ed75c8acfea42df31fdae71f97be,G
mmlu_pro:test:4345,chemistry,4,84,4218,b189ec765aa7ed75c8acfea42df31fdae71f97be,D
mmlu_pro:test:4346,chemistry,10,142,4219,b189ec765aa7ed75c8acfea42df31fdae71f97be,J
mmlu_pro:test:4348,chemistry,10,61,4221,b189ec765aa7ed75c8acfea42df31fdae71f97be,I
mmlu_pro:test:4349,chemistry,10,228,4222,b189ec765aa7ed75c8acfea42df31fdae71f97be,I
mmlu_pro:test:4350,chemistry,10,363,4223,b189ec765aa7ed75c8acfea42df31fdae71f97be,B
mmlu_pro:test:4351,chemistry,10,377,4224,b189ec765aa7ed75c8acfea42df31fdae71f97be,F
mmlu_pro:test:4352,chemistry,10,181,4225,b189ec765aa7ed75c8acfea42df31fdae71f97be,G
mmlu_pro:test:4353,chemistry,10,491,4226,b189ec765aa7ed75c8acfea42df31fdae71f97be,D
mmlu_pro:test:4354,chemistry,10,100,4227,b189ec765aa7ed75c8acfea42df31fdae71f97be,F
mmlu_pro:test:4355,chemistry,10,454,4228,b189ec765aa7ed75c8acfea42df31fdae71f97be,F
mmlu_pro:test:4356,chemistry,4,334,4229,b189ec765aa7ed75c8acfea42df31fdae71f97be,A
mmlu_pro:test:4357,chemistry,10,396,4230,b189ec765aa7ed75c8acfea42df31fdae71f97be,D
mmlu_pro:test:4358,chemistry,10,386,4231,b189ec765aa7ed75c8acfea42df31fdae71f97be,F
mmlu_pro:test:4359,chemistry,10,208,4232,b189ec765aa7ed75c8acfea42df31fdae71f97be,I
mmlu_pro:test:4360,chemistry,10,253,4233,b189ec765aa7ed75c8acfea42df31fdae71f97be,D
mmlu_pro:test:4361,chemistry,10,903,4234,b189ec765aa7ed75c8acfea42df31fdae71f97be,E
mmlu_pro:test:4362,chemistry,10,493,4235,b189ec765aa7ed75c8acfea42df31fdae71f97be,E
mmlu_pro:test:4363,chemistry,10,486,4236,b189ec765aa7ed75c8acfea42df31fdae71f97be,C
mmlu_pro:test:4364,chemistry,10,451,4237,b189ec765aa7ed75c8acfea42df31fdae71f97be,D
mmlu_pro:test:4365,chemistry,10,470,4238,b189ec765aa7ed75c8acfea42df31fdae71f97be,B
mmlu_pro:test:4366,chemistry,10,272,4239,b189ec765aa7ed75c8acfea42df31fdae71f97be,H
mmlu_pro:test:4367,chemistry,10,251,4240,b189ec765aa7ed75c8acfea42df31fdae71f97be,C
mmlu_pro:test:4368,chemistry,10,280,4241,b189ec765aa7ed75c8acfea42df31fdae71f97be,C
mmlu_pro:test:4369,chemistry,10,392,4242,b189ec765aa7ed75c8acfea42df31fdae71f97be,I
mmlu_pro:test:4370,chemistry,9,74,4243,b189ec765aa7ed75c8acfea42df31fdae71f97be,D
mmlu_pro:test:4371,chemistry,10,252,4244,b189ec765aa7ed75c8acfea42df31fdae71f97be,H
mmlu_pro:test:4372,chemistry,10,103,4245,b189ec765aa7ed75c8acfea42df31fdae71f97be,J
mmlu_pro:test:4373,chemistry,10,117,4246,b189ec765aa7ed75c8acfea42df31fdae71f97be,E
mmlu_pro:test:4374,chemistry,10,162,4247,b189ec765aa7ed75c8acfea42df31fdae71f97be,B
mmlu_pro:test:4375,chemistry,10,215,4248,b189ec765aa7ed75c8acfea42df31fdae71f97be,H
mmlu_pro:test:4376,chemistry,10,259,4249,b189ec765aa7ed75c8acfea42df31fdae71f97be,A
mmlu_pro:test:4377,chemistry,10,170,4250,b189ec765aa7ed75c8acfea42df31fdae71f97be,J
mmlu_pro:test:4378,chemistry,10,449,4251,b189ec765aa7ed75c8acfea42df31fdae71f97be,H
mmlu_pro:test:4379,chemistry,10,160,4252,b189ec765aa7ed75c8acfea42df31fdae71f97be,B
mmlu_pro:test:4380,chemistry,10,252,4253,b189ec765aa7ed75c8acfea42df31fdae71f97be,B
mmlu_pro:test:4381,chemistry,10,331,4254,b189ec765aa7ed75c8acfea42df31fdae71f97be,B
mmlu_pro:test:4382,chemistry,10,306,4255,b189ec765aa7ed75c8acfea42df31fdae71f97be,D
mmlu_pro:test:4383,chemistry,10,433,4256,b189ec765aa7ed75c8acfea42df31fdae71f97be,F
mmlu_pro:test:4384,chemistry,7,220,4257,b189ec765aa7ed75c8acfea42df31fdae71f97be,A
mmlu_pro:test:4385,chemistry,10,305,4258,b189ec765aa7ed75c8acfea42df31fdae71f97be,I
mmlu_pro:test:4386,chemistry,10,290,4259,b189ec765aa7ed75c8acfea42df31fdae71f97be,C
mmlu_pro:test:4387,chemistry,10,106,4260,b189ec765aa7ed75c8acfea42df31fdae71f97be,H
mmlu_pro:test:4388,chemistry,10,382,4261,b189ec765aa7ed75c8acfea42df31fdae71f97be,C
mmlu_pro:test:4389,chemistry,10,257,4262,b189ec765aa7ed75c8acfea42df31fdae71f97be,E
mmlu_pro:test:4390,chemistry,10,345,4263,b189ec765aa7ed75c8acfea42df31fdae71f97be,D
mmlu_pro:test:4391,chemistry,10,186,4264,b189ec765aa7ed75c8acfea42df31fdae71f97be,E
mmlu_pro:test:4392,chemistry,10,219,4265,b189ec765aa7ed75c8acfea42df31fdae71f97be,F
mmlu_pro:test:4394,chemistry,10,540,4266,b189ec765aa7ed75c8acfea42df31fdae71f97be,F
mmlu_pro:test:4395,chemistry,10,119,4267,b189ec765aa7ed75c8acfea42df31fdae71f97be,A
mmlu_pro:test:4396,chemistry,10,170,4268,b189ec765aa7ed75c8acfea42df31fdae71f97be,H
mmlu_pro:test:4397,chemistry,10,394,4269,b189ec765aa7ed75c8acfea42df31fdae71f97be,H
mmlu_pro:test:4398,chemistry,10,387,4270,b189ec765aa7ed75c8acfea42df31fdae71f97be,E
mmlu_pro:test:4399,chemistry,10,295,4271,b189ec765aa7ed75c8acfea42df31fdae71f97be,H
mmlu_pro:test:4400,chemistry,10,251,4272,b189ec765aa7ed75c8acfea42df31fdae71f97be,C
mmlu_pro:test:4401,chemistry,10,200,4273,b189ec765aa7ed75c8acfea42df31fdae71f97be,I
mmlu_pro:test:4402,chemistry,4,461,4274,b189ec765aa7ed75c8acfea42df31fdae71f97be,C
mmlu_pro:test:4403,chemistry,10,431,4275,b189ec765aa7ed75c8acfea42df31fdae71f97be,G
mmlu_pro:test:4404,chemistry,10,106,4276,b189ec765aa7ed75c8acfea42df31fdae71f97be,B
mmlu_pro:test:4405,chemistry,10,168,4277,b189ec765aa7ed75c8acfea42df31fdae71f97be,J
mmlu_pro:test:4406,chemistry,10,206,4278,b189ec765aa7ed75c8acfea42df31fdae71f97be,I
mmlu_pro:test:4407,chemistry,10,213,4279,b189ec765aa7ed75c8acfea42df31fdae71f97be,J
mmlu_pro:test:4408,chemistry,9,137,4280,b189ec765aa7ed75c8acfea42df31fdae71f97be,F
mmlu_pro:test:4409,chemistry,10,241,4281,b189ec765aa7ed75c8acfea42df31fdae71f97be,E
mmlu_pro:test:4410,chemistry,10,129,4282,b189ec765aa7ed75c8acfea42df31fdae71f97be,J
mmlu_pro:test:4411,chemistry,10,199,4283,b189ec765aa7ed75c8acfea42df31fdae71f97be,A
mmlu_pro:test:4412,chemistry,10,218,4284,b189ec765aa7ed75c8acfea42df31fdae71f97be,A
mmlu_pro:test:4413,chemistry,10,143,4285,b189ec765aa7ed75c8acfea42df31fdae71f97be,C
mmlu_pro:test:4414,chemistry,10,194,4286,b189ec765aa7ed75c8acfea42df31fdae71f97be,C
mmlu_pro:test:4415,chemistry,10,274,4287,b189ec765aa7ed75c8acfea42df31fdae71f97be,H
mmlu_pro:test:4416,chemistry,10,124,4288,b189ec765aa7ed75c8acfea42df31fdae71f97be,G
mmlu_pro:test:4417,chemistry,10,133,4289,b189ec765aa7ed75c8acfea42df31fdae71f97be,I
mmlu_pro:test:4418,chemistry,10,85,4290,b189ec765aa7ed75c8acfea42df31fdae71f97be,C
mmlu_pro:test:4419,chemistry,10,163,4291,b189ec765aa7ed75c8acfea42df31fdae71f97be,H
mmlu_pro:test:4420,chemistry,10,239,4292,b189ec765aa7ed75c8acfea42df31fdae71f97be,F
mmlu_pro:test:4421,chemistry,10,184,4293,b189ec765aa7ed75c8acfea42df31fdae71f97be,E
mmlu_pro:test:4422,chemistry,10,257,4294,b189ec765aa7ed75c8acfea42df31fdae71f97be,G
mmlu_pro:test:4424,chemistry,9,68,4295,b189ec765aa7ed75c8acfea42df31fdae71f97be,C
mmlu_pro:test:4425,chemistry,10,76,4296,b189ec765aa7ed75c8acfea42df31fdae71f97be,A
mmlu_pro:test:4426,chemistry,10,90,4297,b189ec765aa7ed75c8acfea42df31fdae71f97be,B
mmlu_pro:test:4429,chemistry,10,65,4299,b189ec765aa7ed75c8acfea42df31fdae71f97be,H
mmlu_pro:test:4430,chemistry,9,180,4300,b189ec765aa7ed75c8acfea42df31fdae71f97be,G
mmlu_pro:test:4431,chemistry,10,249,4301,b189ec765aa7ed75c8acfea42df31fdae71f97be,H
mmlu_pro:test:4432,chemistry,10,123,4302,b189ec765aa7ed75c8acfea42df31fdae71f97be,C
mmlu_pro:test:4433,chemistry,10,268,4303,b189ec765aa7ed75c8acfea42df31fdae71f97be,G
mmlu_pro:test:4434,chemistry,10,91,4304,b189ec765aa7ed75c8acfea42df31fdae71f97be,J
mmlu_pro:test:4435,chemistry,10,159,4305,b189ec765aa7ed75c8acfea42df31fdae71f97be,H
mmlu_pro:test:4436,chemistry,10,114,4306,b189ec765aa7ed75c8acfea42df31fdae71f97be,E
mmlu_pro:test:4437,chemistry,10,205,4307,b189ec765aa7ed75c8acfea42df31fdae71f97be,A
mmlu_pro:test:4438,chemistry,10,37,4308,b189ec765aa7ed75c8acfea42df31fdae71f97be,J
mmlu_pro:test:4439,chemistry,10,158,4309,b189ec765aa7ed75c8acfea42df31fdae71f97be,I
mmlu_pro:test:4440,chemistry,10,118,4310,b189ec765aa7ed75c8acfea42df31fdae71f97be,E
mmlu_pro:test:4441,chemistry,10,352,4311,b189ec765aa7ed75c8acfea42df31fdae71f97be,G
mmlu_pro:test:4442,chemistry,10,160,4312,b189ec765aa7ed75c8acfea42df31fdae71f97be,J
mmlu_pro:test:4443,chemistry,10,326,4313,b189ec765aa7ed75c8acfea42df31fdae71f97be,D
mmlu_pro:test:4444,chemistry,10,72,4314,b189ec765aa7ed75c8acfea42df31fdae71f97be,D
mmlu_pro:test:4445,chemistry,10,605,4315,b189ec765aa7ed75c8acfea42df31fdae71f97be,B
mmlu_pro:test:4447,chemistry,10,215,4316,b189ec765aa7ed75c8acfea42df31fdae71f97be,E
mmlu_pro:test:4448,chemistry,10,174,4317,b189ec765aa7ed75c8acfea42df31fdae71f97be,A
mmlu_pro:test:4449,chemistry,10,493,4318,b189ec765aa7ed75c8acfea42df31fdae71f97be,H
mmlu_pro:test:4450,chemistry,10,408,4319,b189ec765aa7ed75c8acfea42df31fdae71f97be,D
mmlu_pro:test:4451,chemistry,10,595,4320,b189ec765aa7ed75c8acfea42df31fdae71f97be,D
mmlu_pro:test:4452,chemistry,10,607,4321,b189ec765aa7ed75c8acfea42df31fdae71f97be,J
mmlu_pro:test:4453,chemistry,10,412,4322,b189ec765aa7ed75c8acfea42df31fdae71f97be,E
mmlu_pro:test:4454,chemistry,10,383,4323,b189ec765aa7ed75c8acfea42df31fdae71f97be,A
mmlu_pro:test:4455,chemistry,10,189,4324,b189ec765aa7ed75c8acfea42df31fdae71f97be,I
mmlu_pro:test:4456,chemistry,10,176,4325,b189ec765aa7ed75c8acfea42df31fdae71f97be,H
mmlu_pro:test:4457,chemistry,10,42,4326,b189ec765aa7ed75c8acfea42df31fdae71f97be,G
mmlu_pro:test:4458,chemistry,10,157,4327,b189ec765aa7ed75c8acfea42df31fdae71f97be,G
mmlu_pro:test:4459,chemistry,10,274,4328,b189ec765aa7ed75c8acfea42df31fdae71f97be,F
mmlu_pro:test:4460,chemistry,10,330,4329,b189ec765aa7ed75c8acfea42df31fdae71f97be,H
mmlu_pro:test:4461,chemistry,10,16,4330,b189ec765aa7ed75c8acfea42df31fdae71f97be,A
mmlu_pro:test:4462,chemistry,10,209,4331,b189ec765aa7ed75c8acfea42df31fdae71f97be,B
mmlu_pro:test:4463,chemistry,10,266,4332,b189ec765aa7ed75c8acfea42df31fdae71f97be,C
mmlu_pro:test:4464,chemistry,10,301,4333,b189ec765aa7ed75c8acfea42df31fdae71f97be,D
mmlu_pro:test:4465,chemistry,10,214,4334,b189ec765aa7ed75c8acfea42df31fdae71f97be,E
mmlu_pro:test:4466,chemistry,10,98,4335,b189ec765aa7ed75c8acfea42df31fdae71f97be,I
mmlu_pro:test:4467,chemistry,10,199,4336,b189ec765aa7ed75c8acfea42df31fdae71f97be,F
mmlu_pro:test:4468,chemistry,10,70,4337,b189ec765aa7ed75c8acfea42df31fdae71f97be,A
mmlu_pro:test:4469,chemistry,10,270,4338,b189ec765aa7ed75c8acfea42df31fdae71f97be,E
mmlu_pro:test:4470,chemistry,10,325,4339,b189ec765aa7ed75c8acfea42df31fdae71f97be,J
mmlu_pro:test:4471,chemistry,10,249,4340,b189ec765aa7ed75c8acfea42df31fdae71f97be,D
mmlu_pro:test:4472,chemistry,10,279,4341,b189ec765aa7ed75c8acfea42df31fdae71f97be,D
mmlu_pro:test:4473,chemistry,10,331,4342,b189ec765aa7ed75c8acfea42df31fdae71f97be,C
mmlu_pro:test:4474,chemistry,10,67,4343,b189ec765aa7ed75c8acfea42df31fdae71f97be,B
mmlu_pro:test:4475,chemistry,10,53,4344,b189ec765aa7ed75c8acfea42df31fdae71f97be,G
mmlu_pro:test:4476,chemistry,10,299,4345,b189ec765aa7ed75c8acfea42df31fdae71f97be,F
mmlu_pro:test:4477,chemistry,10,217,4346,b189ec765aa7ed75c8acfea42df31fdae71f97be,B
mmlu_pro:test:4479,chemistry,10,451,4347,b189ec765aa7ed75c8acfea42df31fdae71f97be,E
mmlu_pro:test:4480,chemistry,10,387,4348,b189ec765aa7ed75c8acfea42df31fdae71f97be,A
mmlu_pro:test:4481,chemistry,10,325,4349,b189ec765aa7ed75c8acfea42df31fdae71f97be,A
mmlu_pro:test:4482,chemistry,10,228,4350,b189ec765aa7ed75c8acfea42df31fdae71f97be,J
mmlu_pro:test:4483,chemistry,10,148,4351,b189ec765aa7ed75c8acfea42df31fdae71f97be,E
mmlu_pro:test:4484,chemistry,10,296,4352,b189ec765aa7ed75c8acfea42df31fdae71f97be,A
mmlu_pro:test:4485,chemistry,10,197,4353,b189ec765aa7ed75c8acfea42df31fdae71f97be,E
mmlu_pro:test:4486,chemistry,10,135,4354,b189ec765aa7ed75c8acfea42df31fdae71f97be,C
mmlu_pro:test:4487,chemistry,10,119,4355,b189ec765aa7ed75c8acfea42df31fdae71f97be,G
mmlu_pro:test:4488,chemistry,10,207,4356,b189ec765aa7ed75c8acfea42df31fdae71f97be,F
mmlu_pro:test:4489,chemistry,10,283,4357,b189ec765aa7ed75c8acfea42df31fdae71f97be,B
mmlu_pro:test:4490,chemistry,10,201,4358,b189ec765aa7ed75c8acfea42df31fdae71f97be,C
mmlu_pro:test:4491,chemistry,10,184,4359,b189ec765aa7ed75c8acfea42df31fdae71f97be,H
mmlu_pro:test:4492,chemistry,10,347,4360,b189ec765aa7ed75c8acfea42df31fdae71f97be,B
mmlu_pro:test:4493,chemistry,10,248,4361,b189ec765aa7ed75c8acfea42df31fdae71f97be,I
mmlu_pro:test:4494,chemistry,10,138,4362,b189ec765aa7ed75c8acfea42df31fdae71f97be,H
mmlu_pro:test:4496,chemistry,10,324,4364,b189ec765aa7ed75c8acfea42df31fdae71f97be,F
mmlu_pro:test:4497,chemistry,10,397,4365,b189ec765aa7ed75c8acfea42df31fdae71f97be,I
mmlu_pro:test:4498,chemistry,10,281,4366,b189ec765aa7ed75c8acfea42df31fdae71f97be,F
mmlu_pro:test:4499,chemistry,10,547,4367,b189ec765aa7ed75c8acfea42df31fdae71f97be,H
mmlu_pro:test:4500,chemistry,10,80,4368,b189ec765aa7ed75c8acfea42df31fdae71f97be,C
mmlu_pro:test:4501,chemistry,10,410,4369,b189ec765aa7ed75c8acfea42df31fdae71f97be,D
mmlu_pro:test:4502,chemistry,10,406,4370,b189ec765aa7ed75c8acfea42df31fdae71f97be,F
mmlu_pro:test:4503,chemistry,10,87,4371,b189ec765aa7ed75c8acfea42df31fdae71f97be,I
mmlu_pro:test:4504,chemistry,10,25,4372,b189ec765aa7ed75c8acfea42df31fdae71f97be,I
mmlu_pro:test:4505,chemistry,9,64,4373,b189ec765aa7ed75c8acfea42df31fdae71f97be,H
mmlu_pro:test:4506,chemistry,10,87,4374,b189ec765aa7ed75c8acfea42df31fdae71f97be,C
mmlu_pro:test:4507,chemistry,10,404,4375,b189ec765aa7ed75c8acfea42df31fdae71f97be,J
mmlu_pro:test:4508,chemistry,10,285,4376,b189ec765aa7ed75c8acfea42df31fdae71f97be,E
mmlu_pro:test:4509,chemistry,8,76,4377,b189ec765aa7ed75c8acfea42df31fdae71f97be,H
mmlu_pro:test:4510,chemistry,10,104,4378,b189ec765aa7ed75c8acfea42df31fdae71f97be,E
mmlu_pro:test:4511,chemistry,10,87,4379,b189ec765aa7ed75c8acfea42df31fdae71f97be,H
mmlu_pro:test:4512,chemistry,10,50,4380,b189ec765aa7ed75c8acfea42df31fdae71f97be,D
mmlu_pro:test:4513,chemistry,10,242,4381,b189ec765aa7ed75c8acfea42df31fdae71f97be,H
mmlu_pro:test:4514,chemistry,9,235,4382,b189ec765aa7ed75c8acfea42df31fdae71f97be,C
mmlu_pro:test:4515,chemistry,9,94,4383,b189ec765aa7ed75c8acfea42df31fdae71f97be,D
mmlu_pro:test:4516,chemistry,10,167,4384,b189ec765aa7ed75c8acfea42df31fdae71f97be,F
mmlu_pro:test:4517,chemistry,10,348,4385,b189ec765aa7ed75c8acfea42df31fdae71f97be,E
mmlu_pro:test:4518,chemistry,10,326,4386,b189ec765aa7ed75c8acfea42df31fdae71f97be,I
mmlu_pro:test:4519,chemistry,10,67,4387,b189ec765aa7ed75c8acfea42df31fdae71f97be,E
mmlu_pro:test:4520,chemistry,10,249,4388,b189ec765aa7ed75c8acfea42df31fdae71f97be,J
mmlu_pro:test:4521,chemistry,10,153,4389,b189ec765aa7ed75c8acfea42df31fdae71f97be,F
mmlu_pro:test:4522,chemistry,10,94,4390,b189ec765aa7ed75c8acfea42df31fdae71f97be,F
mmlu_pro:test:4523,chemistry,10,146,4391,b189ec765aa7ed75c8acfea42df31fdae71f97be,G
mmlu_pro:test:4525,chemistry,10,287,4393,b189ec765aa7ed75c8acfea42df31fdae71f97be,G
mmlu_pro:test:4526,chemistry,10,595,4394,b189ec765aa7ed75c8acfea42df31fdae71f97be,G
mmlu_pro:test:4527,chemistry,10,264,4395,b189ec765aa7ed75c8acfea42df31fdae71f97be,B
mmlu_pro:test:4528,chemistry,10,332,4396,b189ec765aa7ed75c8acfea42df31fdae71f97be,C
mmlu_pro:test:4529,chemistry,10,143,4397,b189ec765aa7ed75c8acfea42df31fdae71f97be,I
mmlu_pro:test:4530,chemistry,10,467,4398,b189ec765aa7ed75c8acfea42df31fdae71f97be,H
mmlu_pro:test:4531,chemistry,10,359,4399,b189ec765aa7ed75c8acfea42df31fdae71f97be,B
mmlu_pro:test:4532,chemistry,10,298,4400,b189ec765aa7ed75c8acfea42df31fdae71f97be,E
mmlu_pro:test:4533,chemistry,10,137,4401,b189ec765aa7ed75c8acfea42df31fdae71f97be,A
mmlu_pro:test:4534,chemistry,10,300,4402,b189ec765aa7ed75c8acfea42df31fdae71f97be,I
mmlu_pro:test:4535,chemistry,10,182,4403,b189ec765aa7ed75c8acfea42df31fdae71f97be,A
mmlu_pro:test:4536,chemistry,10,26,4404,b189ec765aa7ed75c8acfea42df31fdae71f97be,G
mmlu_pro:test:4537,chemistry,10,109,4405,b189ec765aa7ed75c8acfea42df31fdae71f97be,G
mmlu_pro:test:4538,chemistry,10,550,4406,b189ec765aa7ed75c8acfea42df31fdae71f97be,G
mmlu_pro:test:4539,chemistry,10,137,4407,b189ec765aa7ed75c8acfea42df31fdae71f97be,J
mmlu_pro:test:4540,chemistry,10,90,4408,b189ec765aa7ed75c8acfea42df31fdae71f97be,I
mmlu_pro:test:4541,chemistry,10,87,4409,b189ec765aa7ed75c8acfea42df31fdae71f97be,H
mmlu_pro:test:4542,chemistry,10,288,4410,b189ec765aa7ed75c8acfea42df31fdae71f97be,I
mmlu_pro:test:4543,chemistry,10,351,4411,b189ec765aa7ed75c8acfea42df31fdae71f97be,B
mmlu_pro:test:4544,chemistry,10,103,4412,b189ec765aa7ed75c8acfea42df31fdae71f97be,A
mmlu_pro:test:4545,chemistry,10,202,4413,b189ec765aa7ed75c8acfea42df31fdae71f97be,C
mmlu_pro:test:4546,chemistry,10,214,4414,b189ec765aa7ed75c8acfea42df31fdae71f97be,A
mmlu_pro:test:4547,chemistry,10,187,4415,b189ec765aa7ed75c8acfea42df31fdae71f97be,I
mmlu_pro:test:4548,chemistry,10,237,4416,b189ec765aa7ed75c8acfea42df31fdae71f97be,C
mmlu_pro:test:4549,chemistry,10,234,4417,b189ec765aa7ed75c8acfea42df31fdae71f97be,B
mmlu_pro:test:4550,chemistry,10,104,4418,b189ec765aa7ed75c8acfea42df31fdae71f97be,C
mmlu_pro:test:4551,chemistry,10,85,4419,b189ec765aa7ed75c8acfea42df31fdae71f97be,E
mmlu_pro:test:4552,chemistry,10,243,4420,b189ec765aa7ed75c8acfea42df31fdae71f97be,H
mmlu_pro:test:4553,chemistry,10,152,4421,b189ec765aa7ed75c8acfea42df31fdae71f97be,A
mmlu_pro:test:4554,chemistry,10,411,4422,b189ec765aa7ed75c8acfea42df31fdae71f97be,H
mmlu_pro:test:4555,chemistry,10,522,4423,b189ec765aa7ed75c8acfea42df31fdae71f97be,H
mmlu_pro:test:4556,chemistry,10,764,4424,b189ec765aa7ed75c8acfea42df31fdae71f97be,C
mmlu_pro:test:4557,chemistry,10,171,4425,b189ec765aa7ed75c8acfea42df31fdae71f97be,H
mmlu_pro:test:4558,chemistry,10,38,4426,b189ec765aa7ed75c8acfea42df31fdae71f97be,J
mmlu_pro:test:4559,chemistry,10,128,4427,b189ec765aa7ed75c8acfea42df31fdae71f97be,H
mmlu_pro:test:4560,chemistry,10,290,4428,b189ec765aa7ed75c8acfea42df31fdae71f97be,H
mmlu_pro:test:4561,chemistry,10,239,4429,b189ec765aa7ed75c8acfea42df31fdae71f97be,B
mmlu_pro:test:4562,chemistry,10,143,4430,b189ec765aa7ed75c8acfea42df31fdae71f97be,D
mmlu_pro:test:4563,chemistry,10,341,4431,b189ec765aa7ed75c8acfea42df31fdae71f97be,E
mmlu_pro:test:4565,chemistry,10,182,4433,b189ec765aa7ed75c8acfea42df31fdae71f97be,J
mmlu_pro:test:4566,chemistry,10,199,4434,b189ec765aa7ed75c8acfea42df31fdae71f97be,B
mmlu_pro:test:4567,chemistry,10,224,4435,b189ec765aa7ed75c8acfea42df31fdae71f97be,I
mmlu_pro:test:4569,chemistry,10,693,4437,b189ec765aa7ed75c8acfea42df31fdae71f97be,C
mmlu_pro:test:4570,chemistry,10,157,4438,b189ec765aa7ed75c8acfea42df31fdae71f97be,A
mmlu_pro:test:4571,chemistry,10,149,4439,b189ec765aa7ed75c8acfea42df31fdae71f97be,I
mmlu_pro:test:4572,chemistry,10,259,4440,b189ec765aa7ed75c8acfea42df31fdae71f97be,A
mmlu_pro:test:4573,chemistry,10,349,4441,b189ec765aa7ed75c8acfea42df31fdae71f97be,F
mmlu_pro:test:4574,chemistry,10,37,4442,b189ec765aa7ed75c8acfea42df31fdae71f97be,E
mmlu_pro:test:4575,chemistry,10,290,4443,b189ec765aa7ed75c8acfea42df31fdae71f97be,H
mmlu_pro:test:4576,chemistry,10,119,4444,b189ec765aa7ed75c8acfea42df31fdae71f97be,D
mmlu_pro:test:4577,chemistry,10,243,4445,b189ec765aa7ed75c8acfea42df31fdae71f97be,F
mmlu_pro:test:4578,chemistry,10,302,4446,b189ec765aa7ed75c8acfea42df31fdae71f97be,I
mmlu_pro:test:4579,chemistry,10,178,4447,b189ec765aa7ed75c8acfea42df31fdae71f97be,A
mmlu_pro:test:4580,chemistry,10,287,4448,b189ec765aa7ed75c8acfea42df31fdae71f97be,B
mmlu_pro:test:4581,chemistry,10,436,4449,b189ec765aa7ed75c8acfea42df31fdae71f97be,H
mmlu_pro:test:4582,chemistry,7,162,4450,b189ec765aa7ed75c8acfea42df31fdae71f97be,D
mmlu_pro:test:4583,chemistry,4,452,4451,b189ec765aa7ed75c8acfea42df31fdae71f97be,D
mmlu_pro:test:4584,chemistry,4,149,4452,b189ec765aa7ed75c8acfea42df31fdae71f97be,A
mmlu_pro:test:4585,chemistry,10,325,4453,b189ec765aa7ed75c8acfea42df31fdae71f97be,C
mmlu_pro:test:4586,chemistry,10,228,4454,b189ec765aa7ed75c8acfea42df31fdae71f97be,J
mmlu_pro:test:4587,chemistry,10,270,4455,b189ec765aa7ed75c8acfea42df31fdae71f97be,B
mmlu_pro:test:4588,chemistry,10,470,4456,b189ec765aa7ed75c8acfea42df31fdae71f97be,A
mmlu_pro:test:4589,chemistry,10,161,4457,b189ec765aa7ed75c8acfea42df31fdae71f97be,A
mmlu_pro:test:4590,chemistry,10,107,4458,b189ec765aa7ed75c8acfea42df31fdae71f97be,A
mmlu_pro:test:4591,chemistry,10,226,4459,b189ec765aa7ed75c8acfea42df31fdae71f97be,C
mmlu_pro:test:4592,chemistry,10,279,4460,b189ec765aa7ed75c8acfea42df31fdae71f97be,C
mmlu_pro:test:4593,chemistry,10,243,4461,b189ec765aa7ed75c8acfea42df31fdae71f97be,G
mmlu_pro:test:4594,chemistry,10,203,4462,b189ec765aa7ed75c8acfea42df31fdae71f97be,I
mmlu_pro:test:4595,chemistry,10,150,4463,b189ec765aa7ed75c8acfea42df31fdae71f97be,I
mmlu_pro:test:4596,chemistry,10,196,4464,b189ec765aa7ed75c8acfea42df31fdae71f97be,B
mmlu_pro:test:4597,chemistry,10,89,4465,b189ec765aa7ed75c8acfea42df31fdae71f97be,D
mmlu_pro:test:4598,chemistry,8,74,4466,b189ec765aa7ed75c8acfea42df31fdae71f97be,F
mmlu_pro:test:4599,chemistry,10,230,4467,b189ec765aa7ed75c8acfea42df31fdae71f97be,D
mmlu_pro:test:4600,chemistry,10,252,4468,b189ec765aa7ed75c8acfea42df31fdae71f97be,E
mmlu_pro:test:4601,chemistry,10,42,4469,b189ec765aa7ed75c8acfea42df31fdae71f97be,I
mmlu_pro:test:4602,chemistry,10,80,4470,b189ec765aa7ed75c8acfea42df31fdae71f97be,D
mmlu_pro:test:4603,chemistry,10,186,4471,b189ec765aa7ed75c8acfea42df31fdae71f97be,A
mmlu_pro:test:4604,chemistry,10,109,4472,b189ec765aa7ed75c8acfea42df31fdae71f97be,J
mmlu_pro:test:4605,chemistry,10,129,4473,b189ec765aa7ed75c8acfea42df31fdae71f97be,B
mmlu_pro:test:4606,chemistry,10,39,4474,b189ec765aa7ed75c8acfea42df31fdae71f97be,A
mmlu_pro:test:4607,chemistry,10,160,4475,b189ec765aa7ed75c8acfea42df31fdae71f97be,G
mmlu_pro:test:4608,chemistry,10,188,4476,b189ec765aa7ed75c8acfea42df31fdae71f97be,A
mmlu_pro:test:4609,chemistry,10,144,4477,b189ec765aa7ed75c8acfea42df31fdae71f97be,B
mmlu_pro:test:4610,chemistry,10,80,4478,b189ec765aa7ed75c8acfea42df31fdae71f97be,G
mmlu_pro:test:4611,chemistry,10,259,4479,b189ec765aa7ed75c8acfea42df31fdae71f97be,G
mmlu_pro:test:4612,chemistry,10,87,4480,b189ec765aa7ed75c8acfea42df31fdae71f97be,G
mmlu_pro:test:4613,chemistry,10,108,4481,b189ec765aa7ed75c8acfea42df31fdae71f97be,B
mmlu_pro:test:4614,chemistry,10,79,4482,b189ec765aa7ed75c8acfea42df31fdae71f97be,I
mmlu_pro:test:4615,chemistry,10,257,4483,b189ec765aa7ed75c8acfea42df31fdae71f97be,I
mmlu_pro:test:4616,chemistry,9,98,4484,b189ec765aa7ed75c8acfea42df31fdae71f97be,G
mmlu_pro:test:4617,chemistry,10,168,4485,b189ec765aa7ed75c8acfea42df31fdae71f97be,E
mmlu_pro:test:4618,chemistry,10,250,4486,b189ec765aa7ed75c8acfea42df31fdae71f97be,B
mmlu_pro:test:4619,chemistry,9,286,4487,b189ec765aa7ed75c8acfea42df31fdae71f97be,G
mmlu_pro:test:4620,chemistry,10,207,4488,b189ec765aa7ed75c8acfea42df31fdae71f97be,I
mmlu_pro:test:4621,chemistry,10,137,4489,b189ec765aa7ed75c8acfea42df31fdae71f97be,C
mmlu_pro:test:4622,chemistry,10,331,4490,b189ec765aa7ed75c8acfea42df31fdae71f97be,D
mmlu_pro:test:4623,chemistry,10,594,4491,b189ec765aa7ed75c8acfea42df31fdae71f97be,G
mmlu_pro:test:4624,chemistry,10,257,4492,b189ec765aa7ed75c8acfea42df31fdae71f97be,H
mmlu_pro:test:4625,chemistry,10,141,4493,b189ec765aa7ed75c8acfea42df31fdae71f97be,B
mmlu_pro:test:4626,chemistry,10,32,4494,b189ec765aa7ed75c8acfea42df31fdae71f97be,F
mmlu_pro:test:4627,chemistry,10,164,4495,b189ec765aa7ed75c8acfea42df31fdae71f97be,E
mmlu_pro:test:4628,chemistry,10,276,4496,b189ec765aa7ed75c8acfea42df31fdae71f97be,C
mmlu_pro:test:4629,chemistry,10,174,4497,b189ec765aa7ed75c8acfea42df31fdae71f97be,D
mmlu_pro:test:4630,chemistry,10,150,4498,b189ec765aa7ed75c8acfea42df31fdae71f97be,G
mmlu_pro:test:4631,chemistry,10,180,4499,b189ec765aa7ed75c8acfea42df31fdae71f97be,H
mmlu_pro:test:4632,chemistry,10,429,4500,b189ec765aa7ed75c8acfea42df31fdae71f97be,G
mmlu_pro:test:4633,chemistry,10,166,4501,b189ec765aa7ed75c8acfea42df31fdae71f97be,C
mmlu_pro:test:4634,chemistry,10,460,4502,b189ec765aa7ed75c8acfea42df31fdae71f97be,J
mmlu_pro:test:4635,chemistry,10,237,4503,b189ec765aa7ed75c8acfea42df31fdae71f97be,J
mmlu_pro:test:4636,chemistry,10,95,4504,b189ec765aa7ed75c8acfea42df31fdae71f97be,J
mmlu_pro:test:4637,chemistry,10,240,4505,b189ec765aa7ed75c8acfea42df31fdae71f97be,F
mmlu_pro:test:4638,chemistry,10,161,4506,b189ec765aa7ed75c8acfea42df31fdae71f97be,I
mmlu_pro:test:4639,chemistry,10,147,4507,b189ec765aa7ed75c8acfea42df31fdae71f97be,D
mmlu_pro:test:4640,chemistry,10,458,4508,b189ec765aa7ed75c8acfea42df31fdae71f97be,D
mmlu_pro:test:4641,chemistry,10,93,4509,b189ec765aa7ed75c8acfea42df31fdae71f97be,C
mmlu_pro:test:4642,chemistry,10,129,4510,b189ec765aa7ed75c8acfea42df31fdae71f97be,I
mmlu_pro:test:4643,chemistry,10,124,4511,b189ec765aa7ed75c8acfea42df31fdae71f97be,F
mmlu_pro:test:4644,chemistry,10,264,4512,b189ec765aa7ed75c8acfea42df31fdae71f97be,E
mmlu_pro:test:4645,chemistry,10,297,4513,b189ec765aa7ed75c8acfea42df31fdae71f97be,C
mmlu_pro:test:4646,chemistry,10,296,4514,b189ec765aa7ed75c8acfea42df31fdae71f97be,E
mmlu_pro:test:4647,chemistry,10,229,4515,b189ec765aa7ed75c8acfea42df31fdae71f97be,J
mmlu_pro:test:4648,chemistry,10,210,4516,b189ec765aa7ed75c8acfea42df31fdae71f97be,J
mmlu_pro:test:4649,chemistry,10,233,4517,b189ec765aa7ed75c8acfea42df31fdae71f97be,H
mmlu_pro:test:4650,chemistry,10,177,4518,b189ec765aa7ed75c8acfea42df31fdae71f97be,C
mmlu_pro:test:4651,chemistry,10,407,4519,b189ec765aa7ed75c8acfea42df31fdae71f97be,E
mmlu_pro:test:4652,chemistry,10,496,4520,b189ec765aa7ed75c8acfea42df31fdae71f97be,E
mmlu_pro:test:4653,chemistry,10,84,4521,b189ec765aa7ed75c8acfea42df31fdae71f97be,B
mmlu_pro:test:4654,chemistry,10,105,4522,b189ec765aa7ed75c8acfea42df31fdae71f97be,C
mmlu_pro:test:4655,chemistry,10,252,4523,b189ec765aa7ed75c8acfea42df31fdae71f97be,B
mmlu_pro:test:4656,chemistry,10,221,4524,b189ec765aa7ed75c8acfea42df31fdae71f97be,F
mmlu_pro:test:4657,chemistry,10,256,4525,b189ec765aa7ed75c8acfea42df31fdae71f97be,H
mmlu_pro:test:4658,chemistry,10,105,4526,b189ec765aa7ed75c8acfea42df31fdae71f97be,H
mmlu_pro:test:4659,chemistry,10,216,4527,b189ec765aa7ed75c8acfea42df31fdae71f97be,A
mmlu_pro:test:4660,chemistry,10,288,4528,b189ec765aa7ed75c8acfea42df31fdae71f97be,C
mmlu_pro:test:4662,chemistry,10,261,4530,b189ec765aa7ed75c8acfea42df31fdae71f97be,I
mmlu_pro:test:4663,chemistry,10,287,4531,b189ec765aa7ed75c8acfea42df31fdae71f97be,C
mmlu_pro:test:4664,chemistry,10,116,4532,b189ec765aa7ed75c8acfea42df31fdae71f97be,H
mmlu_pro:test:4665,chemistry,10,273,4533,b189ec765aa7ed75c8acfea42df31fdae71f97be,I
mmlu_pro:test:4666,chemistry,10,172,4534,b189ec765aa7ed75c8acfea42df31fdae71f97be,D
mmlu_pro:test:4667,chemistry,10,319,4535,b189ec765aa7ed75c8acfea42df31fdae71f97be,A
mmlu_pro:test:4668,chemistry,10,120,4536,b189ec765aa7ed75c8acfea42df31fdae71f97be,J
mmlu_pro:test:4669,history,5,81,4537,b189ec765aa7ed75c8acfea42df31fdae71f97be,D
mmlu_pro:test:4670,history,10,65,4538,b189ec765aa7ed75c8acfea42df31fdae71f97be,D
mmlu_pro:test:4671,history,10,91,4539,b189ec765aa7ed75c8acfea42df31fdae71f97be,C
mmlu_pro:test:4672,history,10,60,4540,b189ec765aa7ed75c8acfea42df31fdae71f97be,E
mmlu_pro:test:4673,history,10,115,4541,b189ec765aa7ed75c8acfea42df31fdae71f97be,G
mmlu_pro:test:4674,history,10,250,4542,b189ec765aa7ed75c8acfea42df31fdae71f97be,G
mmlu_pro:test:4675,history,10,93,4543,b189ec765aa7ed75c8acfea42df31fdae71f97be,A
mmlu_pro:test:4676,history,10,60,4544,b189ec765aa7ed75c8acfea42df31fdae71f97be,B
mmlu_pro:test:4677,history,8,104,4545,b189ec765aa7ed75c8acfea42df31fdae71f97be,H
mmlu_pro:test:4678,history,10,1488,4546,b189ec765aa7ed75c8acfea42df31fdae71f97be,J
mmlu_pro:test:4679,history,10,1627,4547,b189ec765aa7ed75c8acfea42df31fdae71f97be,H
mmlu_pro:test:4680,history,9,1499,4548,b189ec765aa7ed75c8acfea42df31fdae71f97be,A
mmlu_pro:test:4681,history,10,1628,4549,b189ec765aa7ed75c8acfea42df31fdae71f97be,I
mmlu_pro:test:4682,history,10,1264,4550,b189ec765aa7ed75c8acfea42df31fdae71f97be,B
mmlu_pro:test:4684,history,10,1189,4552,b189ec765aa7ed75c8acfea42df31fdae71f97be,F
mmlu_pro:test:4685,history,10,1634,4553,b189ec765aa7ed75c8acfea42df31fdae71f97be,A
mmlu_pro:test:4686,history,10,1264,4554,b189ec765aa7ed75c8acfea42df31fdae71f97be,J
mmlu_pro:test:4687,history,10,929,4555,b189ec765aa7ed75c8acfea42df31fdae71f97be,A
mmlu_pro:test:4688,history,7,539,4556,b189ec765aa7ed75c8acfea42df31fdae71f97be,C
mmlu_pro:test:4689,history,10,1740,4557,b189ec765aa7ed75c8acfea42df31fdae71f97be,H
mmlu_pro:test:4690,history,10,1800,4558,b189ec765aa7ed75c8acfea42df31fdae71f97be,I
mmlu_pro:test:4691,history,10,1997,4559,b189ec765aa7ed75c8acfea42df31fdae71f97be,I
mmlu_pro:test:4692,history,10,1143,4560,b189ec765aa7ed75c8acfea42df31fdae71f97be,B
mmlu_pro:test:4693,history,10,1512,4561,b189ec765aa7ed75c8acfea42df31fdae71f97be,D
mmlu_pro:test:4694,history,10,848,4562,b189ec765aa7ed75c8acfea42df31fdae71f97be,I
mmlu_pro:test:4695,history,10,1624,4563,b189ec765aa7ed75c8acfea42df31fdae71f97be,J
mmlu_pro:test:4697,history,8,1114,4565,b189ec765aa7ed75c8acfea42df31fdae71f97be,D
mmlu_pro:test:4698,history,10,446,4566,b189ec765aa7ed75c8acfea42df31fdae71f97be,H
mmlu_pro:test:4701,history,4,79,4569,b189ec765aa7ed75c8acfea42df31fdae71f97be,D
mmlu_pro:test:4702,history,10,107,4570,b189ec765aa7ed75c8acfea42df31fdae71f97be,B
mmlu_pro:test:4703,history,9,45,4571,b189ec765aa7ed75c8acfea42df31fdae71f97be,A
mmlu_pro:test:4704,history,10,79,4572,b189ec765aa7ed75c8acfea42df31fdae71f97be,H
mmlu_pro:test:4706,history,10,159,4574,b189ec765aa7ed75c8acfea42df31fdae71f97be,D
mmlu_pro:test:4707,history,10,114,4575,b189ec765aa7ed75c8acfea42df31fdae71f97be,E
mmlu_pro:test:4708,history,10,160,4576,b189ec765aa7ed75c8acfea42df31fdae71f97be,F
mmlu_pro:test:4709,history,9,60,4577,b189ec765aa7ed75c8acfea42df31fdae71f97be,A
mmlu_pro:test:4710,history,10,67,4578,b189ec765aa7ed75c8acfea42df31fdae71f97be,B
mmlu_pro:test:4711,history,9,51,4579,b189ec765aa7ed75c8acfea42df31fdae71f97be,H
mmlu_pro:test:4712,history,10,101,4580,b189ec765aa7ed75c8acfea42df31fdae71f97be,A
mmlu_pro:test:4713,history,10,841,4581,b189ec765aa7ed75c8acfea42df31fdae71f97be,H
mmlu_pro:test:4714,history,10,782,4582,b189ec765aa7ed75c8acfea42df31fdae71f97be,H
mmlu_pro:test:4715,history,9,1188,4583,b189ec765aa7ed75c8acfea42df31fdae71f97be,F
mmlu_pro:test:4716,history,10,1043,4584,b189ec765aa7ed75c8acfea42df31fdae71f97be,B
mmlu_pro:test:4717,history,9,894,4585,b189ec765aa7ed75c8acfea42df31fdae71f97be,A
mmlu_pro:test:4718,history,10,1728,4586,b189ec765aa7ed75c8acfea42df31fdae71f97be,D
mmlu_pro:test:4719,history,10,980,4587,b189ec765aa7ed75c8acfea42df31fdae71f97be,J
mmlu_pro:test:4720,history,9,1201,4588,b189ec765aa7ed75c8acfea42df31fdae71f97be,B
mmlu_pro:test:4721,history,8,1627,4589,b189ec765aa7ed75c8acfea42df31fdae71f97be,G
mmlu_pro:test:4722,history,10,922,4590,b189ec765aa7ed75c8acfea42df31fdae71f97be,E
mmlu_pro:test:4723,history,9,713,4591,b189ec765aa7ed75c8acfea42df31fdae71f97be,G
mmlu_pro:test:4724,history,10,1008,4592,b189ec765aa7ed75c8acfea42df31fdae71f97be,B
mmlu_pro:test:4725,history,10,838,4593,b189ec765aa7ed75c8acfea42df31fdae71f97be,H
mmlu_pro:test:4726,history,10,783,4594,b189ec765aa7ed75c8acfea42df31fdae71f97be,C
mmlu_pro:test:4728,history,10,1277,4596,b189ec765aa7ed75c8acfea42df31fdae71f97be,G
mmlu_pro:test:4730,history,9,792,4598,b189ec765aa7ed75c8acfea42df31fdae71f97be,E
mmlu_pro:test:4732,history,4,61,4600,b189ec765aa7ed75c8acfea42df31fdae71f97be,A
mmlu_pro:test:4733,history,10,63,4601,b189ec765aa7ed75c8acfea42df31fdae71f97be,H
mmlu_pro:test:4734,history,4,120,4602,b189ec765aa7ed75c8acfea42df31fdae71f97be,B
mmlu_pro:test:4735,history,4,31,4603,b189ec765aa7ed75c8acfea42df31fdae71f97be,D
mmlu_pro:test:4736,history,10,102,4604,b189ec765aa7ed75c8acfea42df31fdae71f97be,D
mmlu_pro:test:4737,history,10,54,4605,b189ec765aa7ed75c8acfea42df31fdae71f97be,E
mmlu_pro:test:4738,history,10,63,4606,b189ec765aa7ed75c8acfea42df31fdae71f97be,C
mmlu_pro:test:4740,history,10,1470,4608,b189ec765aa7ed75c8acfea42df31fdae71f97be,C
mmlu_pro:test:4741,history,10,1301,4609,b189ec765aa7ed75c8acfea42df31fdae71f97be,E
mmlu_pro:test:4742,history,10,1705,4610,b189ec765aa7ed75c8acfea42df31fdae71f97be,B
mmlu_pro:test:4743,history,10,1721,4611,b189ec765aa7ed75c8acfea42df31fdae71f97be,I
mmlu_pro:test:4745,history,8,1294,4613,b189ec765aa7ed75c8acfea42df31fdae71f97be,E
mmlu_pro:test:4746,history,10,1720,4614,b189ec765aa7ed75c8acfea42df31fdae71f97be,C
mmlu_pro:test:4747,history,10,1192,4615,b189ec765aa7ed75c8acfea42df31fdae71f97be,G
mmlu_pro:test:4748,history,10,959,4616,b189ec765aa7ed75c8acfea42df31fdae71f97be,F
mmlu_pro:test:4749,history,10,1160,4617,b189ec765aa7ed75c8acfea42df31fdae71f97be,H
mmlu_pro:test:4750,history,4,1308,4618,b189ec765aa7ed75c8acfea42df31fdae71f97be,A
mmlu_pro:test:4751,history,10,680,4619,b189ec765aa7ed75c8acfea42df31fdae71f97be,G
mmlu_pro:test:4752,history,4,2304,4620,b189ec765aa7ed75c8acfea42df31fdae71f97be,A
mmlu_pro:test:4753,history,4,63,4621,b189ec765aa7ed75c8acfea42df31fdae71f97be,C
mmlu_pro:test:4754,history,4,70,4622,b189ec765aa7ed75c8acfea42df31fdae71f97be,B
mmlu_pro:test:4756,history,8,65,4623,b189ec765aa7ed75c8acfea42df31fdae71f97be,E
mmlu_pro:test:4757,history,4,44,4624,b189ec765aa7ed75c8acfea42df31fdae71f97be,C
mmlu_pro:test:4758,history,10,32,4625,b189ec765aa7ed75c8acfea42df31fdae71f97be,I
mmlu_pro:test:4760,history,10,161,4626,b189ec765aa7ed75c8acfea42df31fdae71f97be,F
mmlu_pro:test:4761,history,10,100,4627,b189ec765aa7ed75c8acfea42df31fdae71f97be,B
mmlu_pro:test:4763,history,10,157,4629,b189ec765aa7ed75c8acfea42df31fdae71f97be,J
mmlu_pro:test:4764,history,10,93,4630,b189ec765aa7ed75c8acfea42df31fdae71f97be,J
mmlu_pro:test:4767,history,10,495,4632,b189ec765aa7ed75c8acfea42df31fdae71f97be,A
mmlu_pro:test:4768,history,9,1462,4633,b189ec765aa7ed75c8acfea42df31fdae71f97be,B
mmlu_pro:test:4770,history,10,1352,4634,b189ec765aa7ed75c8acfea42df31fdae71f97be,I
mmlu_pro:test:4771,history,10,964,4635,b189ec765aa7ed75c8acfea42df31fdae71f97be,A
mmlu_pro:test:4772,history,10,1899,4636,b189ec765aa7ed75c8acfea42df31fdae71f97be,G
mmlu_pro:test:4774,history,4,1468,4638,b189ec765aa7ed75c8acfea42df31fdae71f97be,C
mmlu_pro:test:4775,history,9,974,4639,b189ec765aa7ed75c8acfea42df31fdae71f97be,E
mmlu_pro:test:4776,history,9,660,4640,b189ec765aa7ed75c8acfea42df31fdae71f97be,H
mmlu_pro:test:4777,history,4,876,4641,b189ec765aa7ed75c8acfea42df31fdae71f97be,D
mmlu_pro:test:4778,history,7,422,4642,b189ec765aa7ed75c8acfea42df31fdae71f97be,F
mmlu_pro:test:4779,history,10,45,4643,b189ec765aa7ed75c8acfea42df31fdae71f97be,C
mmlu_pro:test:4780,history,10,129,4644,b189ec765aa7ed75c8acfea42df31fdae71f97be,G
mmlu_pro:test:4782,history,9,13,4646,b189ec765aa7ed75c8acfea42df31fdae71f97be,I
mmlu_pro:test:4783,history,10,67,4647,b189ec765aa7ed75c8acfea42df31fdae71f97be,E
mmlu_pro:test:4784,history,10,133,4648,b189ec765aa7ed75c8acfea42df31fdae71f97be,C
mmlu_pro:test:4785,history,10,111,4649,b189ec765aa7ed75c8acfea42df31fdae71f97be,D
mmlu_pro:test:4786,history,10,52,4650,b189ec765aa7ed75c8acfea42df31fdae71f97be,I
mmlu_pro:test:4787,history,10,64,4651,b189ec765aa7ed75c8acfea42df31fdae71f97be,H
mmlu_pro:test:4788,history,10,863,4652,b189ec765aa7ed75c8acfea42df31fdae71f97be,C
mmlu_pro:test:4789,history,10,580,4653,b189ec765aa7ed75c8acfea42df31fdae71f97be,B
mmlu_pro:test:4790,history,10,1272,4654,b189ec765aa7ed75c8acfea42df31fdae71f97be,H
mmlu_pro:test:4791,history,10,1332,4655,b189ec765aa7ed75c8acfea42df31fdae71f97be,I
mmlu_pro:test:4792,history,10,1525,4656,b189ec765aa7ed75c8acfea42df31fdae71f97be,J
mmlu_pro:test:4793,history,10,1401,4657,b189ec765aa7ed75c8acfea42df31fdae71f97be,G
mmlu_pro:test:4794,history,10,1084,4658,b189ec765aa7ed75c8acfea42df31fdae71f97be,C
mmlu_pro:test:4795,history,9,1823,4659,b189ec765aa7ed75c8acfea42df31fdae71f97be,D
mmlu_pro:test:4796,history,10,974,4660,b189ec765aa7ed75c8acfea42df31fdae71f97be,I
mmlu_pro:test:4797,history,10,1158,4661,b189ec765aa7ed75c8acfea42df31fdae71f97be,C
mmlu_pro:test:4798,history,10,951,4662,b189ec765aa7ed75c8acfea42df31fdae71f97be,I
mmlu_pro:test:4800,history,10,734,4664,b189ec765aa7ed75c8acfea42df31fdae71f97be,I
mmlu_pro:test:4801,history,10,1045,4665,b189ec765aa7ed75c8acfea42df31fdae71f97be,C
mmlu_pro:test:4802,history,9,1236,4666,b189ec765aa7ed75c8acfea42df31fdae71f97be,G
mmlu_pro:test:4804,history,10,975,4667,b189ec765aa7ed75c8acfea42df31fdae71f97be,G
mmlu_pro:test:4806,history,4,934,4668,b189ec765aa7ed75c8acfea42df31fdae71f97be,B
mmlu_pro:test:4807,history,10,926,4669,b189ec765aa7ed75c8acfea42df31fdae71f97be,E
mmlu_pro:test:4808,history,8,1580,4670,b189ec765aa7ed75c8acfea42df31fdae71f97be,C
mmlu_pro:test:4809,history,4,1077,4671,b189ec765aa7ed75c8acfea42df31fdae71f97be,C
mmlu_pro:test:4810,history,10,1138,4672,b189ec765aa7ed75c8acfea42df31fdae71f97be,I
mmlu_pro:test:4811,history,4,874,4673,b189ec765aa7ed75c8acfea42df31fdae71f97be,B
mmlu_pro:test:4812,history,4,2533,4674,b189ec765aa7ed75c8acfea42df31fdae71f97be,B
mmlu_pro:test:4813,history,10,1251,4675,b189ec765aa7ed75c8acfea42df31fdae71f97be,A
mmlu_pro:test:4814,history,4,79,4676,b189ec765aa7ed75c8acfea42df31fdae71f97be,C
mmlu_pro:test:4815,history,9,109,4677,b189ec765aa7ed75c8acfea42df31fdae71f97be,B
mmlu_pro:test:4817,history,7,133,4679,b189ec765aa7ed75c8acfea42df31fdae71f97be,E
mmlu_pro:test:4818,history,10,108,4680,b189ec765aa7ed75c8acfea42df31fdae71f97be,C
mmlu_pro:test:4819,history,9,127,4681,b189ec765aa7ed75c8acfea42df31fdae71f97be,I
mmlu_pro:test:4823,history,6,62,4684,b189ec765aa7ed75c8acfea42df31fdae71f97be,A
mmlu_pro:test:4824,history,10,771,4685,b189ec765aa7ed75c8acfea42df31fdae71f97be,A
mmlu_pro:test:4825,history,10,716,4686,b189ec765aa7ed75c8acfea42df31fdae71f97be,I
mmlu_pro:test:4826,history,10,1299,4687,b189ec765aa7ed75c8acfea42df31fdae71f97be,E
mmlu_pro:test:4827,history,10,2269,4688,b189ec765aa7ed75c8acfea42df31fdae71f97be,I
mmlu_pro:test:4828,history,10,675,4689,b189ec765aa7ed75c8acfea42df31fdae71f97be,F
mmlu_pro:test:4829,history,7,1407,4690,b189ec765aa7ed75c8acfea42df31fdae71f97be,C
mmlu_pro:test:4830,history,10,1215,4691,b189ec765aa7ed75c8acfea42df31fdae71f97be,A
mmlu_pro:test:4831,history,10,1670,4692,b189ec765aa7ed75c8acfea42df31fdae71f97be,F
mmlu_pro:test:4832,history,10,1593,4693,b189ec765aa7ed75c8acfea42df31fdae71f97be,D
mmlu_pro:test:4833,history,10,1099,4694,b189ec765aa7ed75c8acfea42df31fdae71f97be,C
mmlu_pro:test:4834,history,10,1851,4695,b189ec765aa7ed75c8acfea42df31fdae71f97be,B
mmlu_pro:test:4835,history,4,948,4696,b189ec765aa7ed75c8acfea42df31fdae71f97be,A
mmlu_pro:test:4836,history,10,626,4697,b189ec765aa7ed75c8acfea42df31fdae71f97be,F
mmlu_pro:test:4837,history,10,83,4698,b189ec765aa7ed75c8acfea42df31fdae71f97be,F
mmlu_pro:test:4838,history,10,73,4699,b189ec765aa7ed75c8acfea42df31fdae71f97be,E
mmlu_pro:test:4839,history,4,72,4700,b189ec765aa7ed75c8acfea42df31fdae71f97be,B
mmlu_pro:test:4840,history,8,85,4701,b189ec765aa7ed75c8acfea42df31fdae71f97be,G
mmlu_pro:test:4841,history,8,77,4702,b189ec765aa7ed75c8acfea42df31fdae71f97be,D
mmlu_pro:test:4842,history,4,67,4703,b189ec765aa7ed75c8acfea42df31fdae71f97be,A
mmlu_pro:test:4843,history,10,49,4704,b189ec765aa7ed75c8acfea42df31fdae71f97be,J
mmlu_pro:test:4844,history,10,91,4705,b189ec765aa7ed75c8acfea42df31fdae71f97be,J
mmlu_pro:test:4845,history,9,128,4706,b189ec765aa7ed75c8acfea42df31fdae71f97be,D
mmlu_pro:test:4846,history,10,106,4707,b189ec765aa7ed75c8acfea42df31fdae71f97be,B
mmlu_pro:test:4847,history,10,967,4708,b189ec765aa7ed75c8acfea42df31fdae71f97be,C
mmlu_pro:test:4849,history,10,647,4710,b189ec765aa7ed75c8acfea42df31fdae71f97be,A
mmlu_pro:test:4850,history,10,1255,4711,b189ec765aa7ed75c8acfea42df31fdae71f97be,E
mmlu_pro:test:4851,history,9,461,4712,b189ec765aa7ed75c8acfea42df31fdae71f97be,F
mmlu_pro:test:4852,history,10,1134,4713,b189ec765aa7ed75c8acfea42df31fdae71f97be,I
mmlu_pro:test:4854,history,10,1501,4715,b189ec765aa7ed75c8acfea42df31fdae71f97be,H
mmlu_pro:test:4855,history,8,1088,4716,b189ec765aa7ed75c8acfea42df31fdae71f97be,D
mmlu_pro:test:4856,history,10,1857,4717,b189ec765aa7ed75c8acfea42df31fdae71f97be,A
mmlu_pro:test:4857,history,10,888,4718,b189ec765aa7ed75c8acfea42df31fdae71f97be,A
mmlu_pro:test:4858,history,10,1264,4719,b189ec765aa7ed75c8acfea42df31fdae71f97be,E
mmlu_pro:test:4859,history,8,1288,4720,b189ec765aa7ed75c8acfea42df31fdae71f97be,E
mmlu_pro:test:4860,history,4,1474,4721,b189ec765aa7ed75c8acfea42df31fdae71f97be,C
mmlu_pro:test:4861,history,9,450,4722,b189ec765aa7ed75c8acfea42df31fdae71f97be,F
mmlu_pro:test:4862,history,10,59,4723,b189ec765aa7ed75c8acfea42df31fdae71f97be,J
mmlu_pro:test:4863,history,8,85,4724,b189ec765aa7ed75c8acfea42df31fdae71f97be,B
mmlu_pro:test:4864,history,6,79,4725,b189ec765aa7ed75c8acfea42df31fdae71f97be,F
mmlu_pro:test:4865,history,10,88,4726,b189ec765aa7ed75c8acfea42df31fdae71f97be,A
mmlu_pro:test:4866,history,8,102,4727,b189ec765aa7ed75c8acfea42df31fdae71f97be,E
mmlu_pro:test:4867,history,9,90,4728,b189ec765aa7ed75c8acfea42df31fdae71f97be,E
mmlu_pro:test:4868,history,10,58,4729,b189ec765aa7ed75c8acfea42df31fdae71f97be,I
mmlu_pro:test:4869,history,10,118,4730,b189ec765aa7ed75c8acfea42df31fdae71f97be,J
mmlu_pro:test:4870,history,9,17,4731,b189ec765aa7ed75c8acfea42df31fdae71f97be,A
mmlu_pro:test:4871,history,10,116,4732,b189ec765aa7ed75c8acfea42df31fdae71f97be,E
mmlu_pro:test:4872,history,10,89,4733,b189ec765aa7ed75c8acfea42df31fdae71f97be,D
mmlu_pro:test:4873,history,10,152,4734,b189ec765aa7ed75c8acfea42df31fdae71f97be,I
mmlu_pro:test:4874,history,10,22,4735,b189ec765aa7ed75c8acfea42df31fdae71f97be,C
mmlu_pro:test:4875,history,10,79,4736,b189ec765aa7ed75c8acfea42df31fdae71f97be,J
mmlu_pro:test:4877,history,10,1223,4738,b189ec765aa7ed75c8acfea42df31fdae71f97be,C
mmlu_pro:test:4878,history,10,1231,4739,b189ec765aa7ed75c8acfea42df31fdae71f97be,C
mmlu_pro:test:4879,history,10,1211,4740,b189ec765aa7ed75c8acfea42df31fdae71f97be,A
mmlu_pro:test:4880,history,10,1022,4741,b189ec765aa7ed75c8acfea42df31fdae71f97be,G
mmlu_pro:test:4881,history,10,673,4742,b189ec765aa7ed75c8acfea42df31fdae71f97be,F
mmlu_pro:test:4882,history,10,1755,4743,b189ec765aa7ed75c8acfea42df31fdae71f97be,D
mmlu_pro:test:4883,history,10,1419,4744,b189ec765aa7ed75c8acfea42df31fdae71f97be,B
mmlu_pro:test:4884,history,10,942,4745,b189ec765aa7ed75c8acfea42df31fdae71f97be,J
mmlu_pro:test:4885,history,10,966,4746,b189ec765aa7ed75c8acfea42df31fdae71f97be,J
mmlu_pro:test:4886,history,10,1255,4747,b189ec765aa7ed75c8acfea42df31fdae71f97be,B
mmlu_pro:test:4887,history,10,1487,4748,b189ec765aa7ed75c8acfea42df31fdae71f97be,B
mmlu_pro:test:4888,history,10,595,4749,b189ec765aa7ed75c8acfea42df31fdae71f97be,H
mmlu_pro:test:4889,history,10,1493,4750,b189ec765aa7ed75c8acfea42df31fdae71f97be,A
mmlu_pro:test:4890,history,10,1473,4751,b189ec765aa7ed75c8acfea42df31fdae71f97be,E
mmlu_pro:test:4891,history,10,1724,4752,b189ec765aa7ed75c8acfea42df31fdae71f97be,F
mmlu_pro:test:4892,history,10,1083,4753,b189ec765aa7ed75c8acfea42df31fdae71f97be,H
mmlu_pro:test:4894,history,10,1333,4755,b189ec765aa7ed75c8acfea42df31fdae71f97be,C
mmlu_pro:test:4897,history,4,2547,4758,b189ec765aa7ed75c8acfea42df31fdae71f97be,A
mmlu_pro:test:4898,history,10,1542,4759,b189ec765aa7ed75c8acfea42df31fdae71f97be,F
mmlu_pro:test:4899,history,4,2039,4760,b189ec765aa7ed75c8acfea42df31fdae71f97be,A
mmlu_pro:test:4900,history,4,2505,4761,b189ec765aa7ed75c8acfea42df31fdae71f97be,D
mmlu_pro:test:4901,history,9,849,4762,b189ec765aa7ed75c8acfea42df31fdae71f97be,C
mmlu_pro:test:4902,history,10,147,4763,b189ec765aa7ed75c8acfea42df31fdae71f97be,D
mmlu_pro:test:4903,history,4,88,4764,b189ec765aa7ed75c8acfea42df31fdae71f97be,D
mmlu_pro:test:4904,history,10,64,4765,b189ec765aa7ed75c8acfea42df31fdae71f97be,G
mmlu_pro:test:4905,history,10,132,4766,b189ec765aa7ed75c8acfea42df31fdae71f97be,H
mmlu_pro:test:4906,history,6,84,4767,b189ec765aa7ed75c8acfea42df31fdae71f97be,E
mmlu_pro:test:4907,history,10,53,4768,b189ec765aa7ed75c8acfea42df31fdae71f97be,D
mmlu_pro:test:4908,history,10,35,4769,b189ec765aa7ed75c8acfea42df31fdae71f97be,J
mmlu_pro:test:4909,history,10,82,4770,b189ec765aa7ed75c8acfea42df31fdae71f97be,A
mmlu_pro:test:4910,history,10,75,4771,b189ec765aa7ed75c8acfea42df31fdae71f97be,I
mmlu_pro:test:4911,history,10,66,4772,b189ec765aa7ed75c8acfea42df31fdae71f97be,B
mmlu_pro:test:4912,history,10,1044,4773,b189ec765aa7ed75c8acfea42df31fdae71f97be,H
mmlu_pro:test:4913,history,8,559,4774,b189ec765aa7ed75c8acfea42df31fdae71f97be,A
mmlu_pro:test:4914,history,10,1228,4775,b189ec765aa7ed75c8acfea42df31fdae71f97be,F
mmlu_pro:test:4915,history,10,1183,4776,b189ec765aa7ed75c8acfea42df31fdae71f97be,E
mmlu_pro:test:4916,history,10,1503,4777,b189ec765aa7ed75c8acfea42df31fdae71f97be,E
mmlu_pro:test:4917,history,10,2308,4778,b189ec765aa7ed75c8acfea42df31fdae71f97be,A
mmlu_pro:test:4918,history,10,2282,4779,b189ec765aa7ed75c8acfea42df31fdae71f97be,I
mmlu_pro:test:4919,history,10,1279,4780,b189ec765aa7ed75c8acfea42df31fdae71f97be,J
mmlu_pro:test:4920,history,10,841,4781,b189ec765aa7ed75c8acfea42df31fdae71f97be,B
mmlu_pro:test:4921,history,5,898,4782,b189ec765aa7ed75c8acfea42df31fdae71f97be,D
mmlu_pro:test:4922,history,8,1420,4783,b189ec765aa7ed75c8acfea42df31fdae71f97be,B
mmlu_pro:test:4923,history,10,1328,4784,b189ec765aa7ed75c8acfea42df31fdae71f97be,B
mmlu_pro:test:4925,history,10,1501,4786,b189ec765aa7ed75c8acfea42df31fdae71f97be,J
mmlu_pro:test:4926,history,10,90,4787,b189ec765aa7ed75c8acfea42df31fdae71f97be,D
mmlu_pro:test:4927,history,4,100,4788,b189ec765aa7ed75c8acfea42df31fdae71f97be,A
mmlu_pro:test:4928,history,5,79,4789,b189ec765aa7ed75c8acfea42df31fdae71f97be,B
mmlu_pro:test:4929,history,9,78,4790,b189ec765aa7ed75c8acfea42df31fdae71f97be,F
mmlu_pro:test:4930,history,10,156,4791,b189ec765aa7ed75c8acfea42df31fdae71f97be,C
mmlu_pro:test:4931,history,7,103,4792,b189ec765aa7ed75c8acfea42df31fdae71f97be,E
mmlu_pro:test:4932,history,10,54,4793,b189ec765aa7ed75c8acfea42df31fdae71f97be,B
mmlu_pro:test:4933,history,10,67,4794,b189ec765aa7ed75c8acfea42df31fdae71f97be,H
mmlu_pro:test:4936,history,10,93,4797,b189ec765aa7ed75c8acfea42df31fdae71f97be,C
mmlu_pro:test:4937,history,10,98,4798,b189ec765aa7ed75c8acfea42df31fdae71f97be,I
mmlu_pro:test:4938,history,10,1285,4799,b189ec765aa7ed75c8acfea42df31fdae71f97be,H
mmlu_pro:test:4939,history,10,1173,4800,b189ec765aa7ed75c8acfea42df31fdae71f97be,A
mmlu_pro:test:4940,history,10,1504,4801,b189ec765aa7ed75c8acfea42df31fdae71f97be,B
mmlu_pro:test:4941,history,10,983,4802,b189ec765aa7ed75c8acfea42df31fdae71f97be,F
mmlu_pro:test:4942,history,10,1411,4803,b189ec765aa7ed75c8acfea42df31fdae71f97be,F
mmlu_pro:test:4944,history,7,1524,4805,b189ec765aa7ed75c8acfea42df31fdae71f97be,G
mmlu_pro:test:4945,history,10,822,4806,b189ec765aa7ed75c8acfea42df31fdae71f97be,J
mmlu_pro:test:4946,history,10,1022,4807,b189ec765aa7ed75c8acfea42df31fdae71f97be,A
mmlu_pro:test:4948,history,10,829,4809,b189ec765aa7ed75c8acfea42df31fdae71f97be,G
mmlu_pro:test:4949,history,10,2445,4810,b189ec765aa7ed75c8acfea42df31fdae71f97be,F
mmlu_pro:test:4950,history,10,1409,4811,b189ec765aa7ed75c8acfea42df31fdae71f97be,C
mmlu_pro:test:4952,history,10,831,4813,b189ec765aa7ed75c8acfea42df31fdae71f97be,A
mmlu_pro:test:4953,history,10,667,4814,b189ec765aa7ed75c8acfea42df31fdae71f97be,H
mmlu_pro:test:4954,history,10,1448,4815,b189ec765aa7ed75c8acfea42df31fdae71f97be,J
mmlu_pro:test:4955,history,10,1808,4816,b189ec765aa7ed75c8acfea42df31fdae71f97be,A
mmlu_pro:test:4956,history,4,1464,4817,b189ec765aa7ed75c8acfea42df31fdae71f97be,C
mmlu_pro:test:4957,history,10,676,4818,b189ec765aa7ed75c8acfea42df31fdae71f97be,A
mmlu_pro:test:4958,history,4,1075,4819,b189ec765aa7ed75c8acfea42df31fdae71f97be,B
mmlu_pro:test:4960,history,4,899,4821,b189ec765aa7ed75c8acfea42df31fdae71f97be,C
mmlu_pro:test:4961,history,9,860,4822,b189ec765aa7ed75c8acfea42df31fdae71f97be,D
mmlu_pro:test:4962,history,10,1030,4823,b189ec765aa7ed75c8acfea42df31fdae71f97be,F
mmlu_pro:test:4963,history,7,91,4824,b189ec765aa7ed75c8acfea42df31fdae71f97be,G
mmlu_pro:test:4964,history,9,166,4825,b189ec765aa7ed75c8acfea42df31fdae71f97be,H
mmlu_pro:test:4965,history,10,129,4826,b189ec765aa7ed75c8acfea42df31fdae71f97be,F
mmlu_pro:test:4966,history,10,73,4827,b189ec765aa7ed75c8acfea42df31fdae71f97be,I
mmlu_pro:test:4967,history,10,55,4828,b189ec765aa7ed75c8acfea42df31fdae71f97be,J
mmlu_pro:test:4968,history,10,170,4829,b189ec765aa7ed75c8acfea42df31fdae71f97be,G
mmlu_pro:test:4969,history,10,129,4830,b189ec765aa7ed75c8acfea42df31fdae71f97be,A
mmlu_pro:test:4970,history,10,92,4831,b189ec765aa7ed75c8acfea42df31fdae71f97be,B
mmlu_pro:test:4971,history,10,58,4832,b189ec765aa7ed75c8acfea42df31fdae71f97be,E
mmlu_pro:test:4972,history,10,66,4833,b189ec765aa7ed75c8acfea42df31fdae71f97be,D
mmlu_pro:test:4974,history,10,1372,4835,b189ec765aa7ed75c8acfea42df31fdae71f97be,I
mmlu_pro:test:4975,history,10,1152,4836,b189ec765aa7ed75c8acfea42df31fdae71f97be,C
mmlu_pro:test:4976,history,9,1331,4837,b189ec765aa7ed75c8acfea42df31fdae71f97be,G
mmlu_pro:test:4977,history,10,1044,4838,b189ec765aa7ed75c8acfea42df31fdae71f97be,H
mmlu_pro:test:4978,history,10,1511,4839,b189ec765aa7ed75c8acfea42df31fdae71f97be,B
mmlu_pro:test:4979,history,4,1275,4840,b189ec765aa7ed75c8acfea42df31fdae71f97be,D
mmlu_pro:test:4980,history,10,1186,4841,b189ec765aa7ed75c8acfea42df31fdae71f97be,C
mmlu_pro:test:4981,history,10,1203,4842,b189ec765aa7ed75c8acfea42df31fdae71f97be,B
mmlu_pro:test:4982,history,10,1303,4843,b189ec765aa7ed75c8acfea42df31fdae71f97be,D
mmlu_pro:test:4983,history,10,612,4844,b189ec765aa7ed75c8acfea42df31fdae71f97be,D
mmlu_pro:test:4984,history,10,1197,4845,b189ec765aa7ed75c8acfea42df31fdae71f97be,D
mmlu_pro:test:4985,history,10,1245,4846,b189ec765aa7ed75c8acfea42df31fdae71f97be,B
mmlu_pro:test:4986,history,10,1898,4847,b189ec765aa7ed75c8acfea42df31fdae71f97be,J
mmlu_pro:test:4988,history,10,717,4849,b189ec765aa7ed75c8acfea42df31fdae71f97be,F
mmlu_pro:test:4989,history,10,1293,4850,b189ec765aa7ed75c8acfea42df31fdae71f97be,B
mmlu_pro:test:4990,history,10,2116,4851,b189ec765aa7ed75c8acfea42df31fdae71f97be,A
mmlu_pro:test:4991,history,7,1960,4852,b189ec765aa7ed75c8acfea42df31fdae71f97be,G
mmlu_pro:test:4992,history,10,1636,4853,b189ec765aa7ed75c8acfea42df31fdae71f97be,A
mmlu_pro:test:4993,history,10,706,4854,b189ec765aa7ed75c8acfea42df31fdae71f97be,F
mmlu_pro:test:4994,history,10,920,4855,b189ec765aa7ed75c8acfea42df31fdae71f97be,F
mmlu_pro:test:4995,history,10,1464,4856,b189ec765aa7ed75c8acfea42df31fdae71f97be,D
mmlu_pro:test:4996,history,4,130,4857,b189ec765aa7ed75c8acfea42df31fdae71f97be,B
mmlu_pro:test:4997,history,10,234,4858,b189ec765aa7ed75c8acfea42df31fdae71f97be,B
mmlu_pro:test:4998,history,7,76,4859,b189ec765aa7ed75c8acfea42df31fdae71f97be,B
mmlu_pro:test:4999,history,6,83,4860,b189ec765aa7ed75c8acfea42df31fdae71f97be,E
mmlu_pro:test:5000,history,10,150,4861,b189ec765aa7ed75c8acfea42df31fdae71f97be,I
mmlu_pro:test:5001,history,10,89,4862,b189ec765aa7ed75c8acfea42df31fdae71f97be,C
mmlu_pro:test:5002,history,10,68,4863,b189ec765aa7ed75c8acfea42df31fdae71f97be,C
mmlu_pro:test:5003,history,10,37,4864,b189ec765aa7ed75c8acfea42df31fdae71f97be,C
mmlu_pro:test:5004,history,10,53,4865,b189ec765aa7ed75c8acfea42df31fdae71f97be,E
mmlu_pro:test:5005,history,10,90,4866,b189ec765aa7ed75c8acfea42df31fdae71f97be,G
mmlu_pro:test:5006,history,9,119,4867,b189ec765aa7ed75c8acfea42df31fdae71f97be,D
mmlu_pro:test:5007,history,10,70,4868,b189ec765aa7ed75c8acfea42df31fdae71f97be,J
mmlu_pro:test:5008,history,10,63,4869,b189ec765aa7ed75c8acfea42df31fdae71f97be,E
mmlu_pro:test:5011,history,10,57,4871,b189ec765aa7ed75c8acfea42df31fdae71f97be,I
mmlu_pro:test:5012,history,10,48,4872,b189ec765aa7ed75c8acfea42df31fdae71f97be,J
mmlu_pro:test:5013,history,10,48,4873,b189ec765aa7ed75c8acfea42df31fdae71f97be,J
mmlu_pro:test:5014,history,10,602,4874,b189ec765aa7ed75c8acfea42df31fdae71f97be,D
mmlu_pro:test:5015,history,10,1428,4875,b189ec765aa7ed75c8acfea42df31fdae71f97be,H
mmlu_pro:test:5016,history,10,1156,4876,b189ec765aa7ed75c8acfea42df31fdae71f97be,E
mmlu_pro:test:5017,history,10,1203,4877,b189ec765aa7ed75c8acfea42df31fdae71f97be,F
mmlu_pro:test:5018,history,10,1325,4878,b189ec765aa7ed75c8acfea42df31fdae71f97be,F
mmlu_pro:test:5019,history,10,546,4879,b189ec765aa7ed75c8acfea42df31fdae71f97be,D
mmlu_pro:test:5020,history,10,1698,4880,b189ec765aa7ed75c8acfea42df31fdae71f97be,H
mmlu_pro:test:5021,history,10,2011,4881,b189ec765aa7ed75c8acfea42df31fdae71f97be,F
mmlu_pro:test:5022,history,10,2504,4882,b189ec765aa7ed75c8acfea42df31fdae71f97be,B
mmlu_pro:test:5023,history,10,2417,4883,b189ec765aa7ed75c8acfea42df31fdae71f97be,A
mmlu_pro:test:5024,history,10,1963,4884,b189ec765aa7ed75c8acfea42df31fdae71f97be,D
mmlu_pro:test:5025,history,10,1497,4885,b189ec765aa7ed75c8acfea42df31fdae71f97be,A
mmlu_pro:test:5026,history,9,1625,4886,b189ec765aa7ed75c8acfea42df31fdae71f97be,I
mmlu_pro:test:5027,history,10,811,4887,b189ec765aa7ed75c8acfea42df31fdae71f97be,E
mmlu_pro:test:5028,history,5,1882,4888,b189ec765aa7ed75c8acfea42df31fdae71f97be,B
mmlu_pro:test:5029,history,4,1201,4889,b189ec765aa7ed75c8acfea42df31fdae71f97be,C
mmlu_pro:test:5030,history,10,2060,4890,b189ec765aa7ed75c8acfea42df31fdae71f97be,A
mmlu_pro:test:5031,history,10,1770,4891,b189ec765aa7ed75c8acfea42df31fdae71f97be,J
mmlu_pro:test:5032,history,10,141,4892,b189ec765aa7ed75c8acfea42df31fdae71f97be,G
mmlu_pro:test:5033,history,7,218,4893,b189ec765aa7ed75c8acfea42df31fdae71f97be,B
mmlu_pro:test:5034,history,10,128,4894,b189ec765aa7ed75c8acfea42df31fdae71f97be,E
mmlu_pro:test:5035,history,8,94,4895,b189ec765aa7ed75c8acfea42df31fdae71f97be,C
mmlu_pro:test:5036,history,10,69,4896,b189ec765aa7ed75c8acfea42df31fdae71f97be,A
mmlu_pro:test:5037,history,10,97,4897,b189ec765aa7ed75c8acfea42df31fdae71f97be,I
mmlu_pro:test:5038,history,10,150,4898,b189ec765aa7ed75c8acfea42df31fdae71f97be,A
mmlu_pro:test:5039,history,10,86,4899,b189ec765aa7ed75c8acfea42df31fdae71f97be,A
mmlu_pro:test:5040,history,10,161,4900,b189ec765aa7ed75c8acfea42df31fdae71f97be,H
mmlu_pro:test:5041,history,7,88,4901,b189ec765aa7ed75c8acfea42df31fdae71f97be,B
mmlu_pro:test:5042,history,10,121,4902,b189ec765aa7ed75c8acfea42df31fdae71f97be,J
mmlu_pro:test:5043,history,10,76,4903,b189ec765aa7ed75c8acfea42df31fdae71f97be,B
mmlu_pro:test:5044,history,10,77,4904,b189ec765aa7ed75c8acfea42df31fdae71f97be,F
mmlu_pro:test:5045,history,10,1014,4905,b189ec765aa7ed75c8acfea42df31fdae71f97be,E
mmlu_pro:test:5047,history,10,1407,4906,b189ec765aa7ed75c8acfea42df31fdae71f97be,I
mmlu_pro:test:5048,history,10,1071,4907,b189ec765aa7ed75c8acfea42df31fdae71f97be,I
mmlu_pro:test:5049,history,10,2443,4908,b189ec765aa7ed75c8acfea42df31fdae71f97be,G
mmlu_pro:test:5050,history,8,1086,4909,b189ec765aa7ed75c8acfea42df31fdae71f97be,G
mmlu_pro:test:5051,history,10,475,4910,b189ec765aa7ed75c8acfea42df31fdae71f97be,H
mmlu_pro:test:5052,history,10,1829,4911,b189ec765aa7ed75c8acfea42df31fdae71f97be,H
mmlu_pro:test:5053,history,10,2019,4912,b189ec765aa7ed75c8acfea42df31fdae71f97be,B
mmlu_pro:test:5054,history,10,1296,4913,b189ec765aa7ed75c8acfea42df31fdae71f97be,C
mmlu_pro:test:5055,history,10,2133,4914,b189ec765aa7ed75c8acfea42df31fdae71f97be,A
mmlu_pro:test:5057,history,4,1100,4916,b189ec765aa7ed75c8acfea42df31fdae71f97be,D
mmlu_pro:test:5058,history,8,834,4917,b189ec765aa7ed75c8acfea42df31fdae71f97be,H
mmlu_pro:test:5059,other,10,59,4918,b189ec765aa7ed75c8acfea42df31fdae71f97be,C
mmlu_pro:test:5060,other,10,51,4919,b189ec765aa7ed75c8acfea42df31fdae71f97be,C
mmlu_pro:test:5061,other,3,373,4920,b189ec765aa7ed75c8acfea42df31fdae71f97be,B
mmlu_pro:test:5062,other,7,56,4921,b189ec765aa7ed75c8acfea42df31fdae71f97be,G
mmlu_pro:test:5063,other,10,512,4922,b189ec765aa7ed75c8acfea42df31fdae71f97be,F
mmlu_pro:test:5064,other,10,135,4923,b189ec765aa7ed75c8acfea42df31fdae71f97be,E
mmlu_pro:test:5065,other,10,104,4924,b189ec765aa7ed75c8acfea42df31fdae71f97be,F
mmlu_pro:test:5066,other,9,170,4925,b189ec765aa7ed75c8acfea42df31fdae71f97be,G
mmlu_pro:test:5067,other,8,92,4926,b189ec765aa7ed75c8acfea42df31fdae71f97be,F
mmlu_pro:test:5069,other,10,38,4927,b189ec765aa7ed75c8acfea42df31fdae71f97be,B
mmlu_pro:test:5070,other,10,76,4928,b189ec765aa7ed75c8acfea42df31fdae71f97be,B
mmlu_pro:test:5071,other,7,75,4929,b189ec765aa7ed75c8acfea42df31fdae71f97be,D
mmlu_pro:test:5072,other,10,80,4930,b189ec765aa7ed75c8acfea42df31fdae71f97be,F
mmlu_pro:test:5073,other,4,153,4931,b189ec765aa7ed75c8acfea42df31fdae71f97be,D
mmlu_pro:test:5074,other,5,82,4932,b189ec765aa7ed75c8acfea42df31fdae71f97be,C
mmlu_pro:test:5075,other,4,123,4933,b189ec765aa7ed75c8acfea42df31fdae71f97be,A
mmlu_pro:test:5076,other,4,42,4934,b189ec765aa7ed75c8acfea42df31fdae71f97be,B
mmlu_pro:test:5077,other,3,90,4935,b189ec765aa7ed75c8acfea42df31fdae71f97be,A
mmlu_pro:test:5078,other,10,71,4936,b189ec765aa7ed75c8acfea42df31fdae71f97be,D
mmlu_pro:test:5079,other,10,73,4937,b189ec765aa7ed75c8acfea42df31fdae71f97be,A
mmlu_pro:test:5080,other,10,77,4938,b189ec765aa7ed75c8acfea42df31fdae71f97be,I
mmlu_pro:test:5081,other,10,141,4939,b189ec765aa7ed75c8acfea42df31fdae71f97be,D
mmlu_pro:test:5082,other,10,27,4940,b189ec765aa7ed75c8acfea42df31fdae71f97be,A
mmlu_pro:test:5083,other,10,153,4941,b189ec765aa7ed75c8acfea42df31fdae71f97be,H
mmlu_pro:test:5084,other,10,130,4942,b189ec765aa7ed75c8acfea42df31fdae71f97be,D
mmlu_pro:test:5085,other,10,279,4943,b189ec765aa7ed75c8acfea42df31fdae71f97be,A
mmlu_pro:test:5086,other,10,131,4944,b189ec765aa7ed75c8acfea42df31fdae71f97be,C
mmlu_pro:test:5087,other,10,142,4945,b189ec765aa7ed75c8acfea42df31fdae71f97be,J
mmlu_pro:test:5088,other,10,160,4946,b189ec765aa7ed75c8acfea42df31fdae71f97be,E
mmlu_pro:test:5089,other,10,47,4947,b189ec765aa7ed75c8acfea42df31fdae71f97be,I
mmlu_pro:test:5090,other,10,53,4948,b189ec765aa7ed75c8acfea42df31fdae71f97be,C
mmlu_pro:test:5091,other,10,83,4949,b189ec765aa7ed75c8acfea42df31fdae71f97be,A
mmlu_pro:test:5092,other,4,101,4950,b189ec765aa7ed75c8acfea42df31fdae71f97be,B
mmlu_pro:test:5093,other,10,180,4951,b189ec765aa7ed75c8acfea42df31fdae71f97be,C
mmlu_pro:test:5094,other,10,94,4952,b189ec765aa7ed75c8acfea42df31fdae71f97be,C
mmlu_pro:test:5095,other,10,96,4953,b189ec765aa7ed75c8acfea42df31fdae71f97be,D
mmlu_pro:test:5096,other,10,66,4954,b189ec765aa7ed75c8acfea42df31fdae71f97be,B
mmlu_pro:test:5097,other,10,71,4955,b189ec765aa7ed75c8acfea42df31fdae71f97be,C
mmlu_pro:test:5098,other,10,25,4956,b189ec765aa7ed75c8acfea42df31fdae71f97be,F
mmlu_pro:test:5099,other,10,83,4957,b189ec765aa7ed75c8acfea42df31fdae71f97be,B
mmlu_pro:test:5100,other,10,132,4958,b189ec765aa7ed75c8acfea42df31fdae71f97be,H
mmlu_pro:test:5101,other,10,58,4959,b189ec765aa7ed75c8acfea42df31fdae71f97be,A
mmlu_pro:test:5103,other,10,60,4961,b189ec765aa7ed75c8acfea42df31fdae71f97be,J
mmlu_pro:test:5104,other,10,63,4962,b189ec765aa7ed75c8acfea42df31fdae71f97be,I
mmlu_pro:test:5105,other,10,57,4963,b189ec765aa7ed75c8acfea42df31fdae71f97be,I
mmlu_pro:test:5106,other,9,41,4964,b189ec765aa7ed75c8acfea42df31fdae71f97be,A
mmlu_pro:test:5107,other,8,138,4965,b189ec765aa7ed75c8acfea42df31fdae71f97be,D
mmlu_pro:test:5109,other,10,111,4967,b189ec765aa7ed75c8acfea42df31fdae71f97be,H
mmlu_pro:test:5110,other,10,51,4968,b189ec765aa7ed75c8acfea42df31fdae71f97be,B
mmlu_pro:test:5111,other,10,71,4969,b189ec765aa7ed75c8acfea42df31fdae71f97be,B
mmlu_pro:test:5112,other,10,48,4970,b189ec765aa7ed75c8acfea42df31fdae71f97be,A
mmlu_pro:test:5113,other,10,109,4971,b189ec765aa7ed75c8acfea42df31fdae71f97be,J
mmlu_pro:test:5114,other,10,151,4972,b189ec765aa7ed75c8acfea42df31fdae71f97be,A
mmlu_pro:test:5115,other,10,416,4973,b189ec765aa7ed75c8acfea42df31fdae71f97be,E
mmlu_pro:test:5116,other,9,116,4974,b189ec765aa7ed75c8acfea42df31fdae71f97be,A
mmlu_pro:test:5117,other,10,412,4975,b189ec765aa7ed75c8acfea42df31fdae71f97be,C
mmlu_pro:test:5118,other,10,150,4976,b189ec765aa7ed75c8acfea42df31fdae71f97be,J
mmlu_pro:test:5119,other,10,163,4977,b189ec765aa7ed75c8acfea42df31fdae71f97be,F
mmlu_pro:test:5120,other,7,60,4978,b189ec765aa7ed75c8acfea42df31fdae71f97be,C
mmlu_pro:test:5121,other,10,265,4979,b189ec765aa7ed75c8acfea42df31fdae71f97be,H
mmlu_pro:test:5123,other,7,148,4981,b189ec765aa7ed75c8acfea42df31fdae71f97be,B
mmlu_pro:test:5124,other,10,304,4982,b189ec765aa7ed75c8acfea42df31fdae71f97be,G
mmlu_pro:test:5125,other,10,211,4983,b189ec765aa7ed75c8acfea42df31fdae71f97be,I
mmlu_pro:test:5126,other,9,408,4984,b189ec765aa7ed75c8acfea42df31fdae71f97be,F
mmlu_pro:test:5127,other,8,147,4985,b189ec765aa7ed75c8acfea42df31fdae71f97be,C
mmlu_pro:test:5128,other,9,129,4986,b189ec765aa7ed75c8acfea42df31fdae71f97be,C
mmlu_pro:test:5129,other,7,89,4987,b189ec765aa7ed75c8acfea42df31fdae71f97be,B
mmlu_pro:test:5130,other,10,58,4988,b189ec765aa7ed75c8acfea42df31fdae71f97be,A
mmlu_pro:test:5131,other,9,112,4989,b189ec765aa7ed75c8acfea42df31fdae71f97be,F
mmlu_pro:test:5132,other,9,74,4990,b189ec765aa7ed75c8acfea42df31fdae71f97be,D
mmlu_pro:test:5133,other,10,56,4991,b189ec765aa7ed75c8acfea42df31fdae71f97be,F
mmlu_pro:test:5134,other,9,54,4992,b189ec765aa7ed75c8acfea42df31fdae71f97be,B
mmlu_pro:test:5135,other,6,88,4993,b189ec765aa7ed75c8acfea42df31fdae71f97be,C
mmlu_pro:test:5136,other,10,139,4994,b189ec765aa7ed75c8acfea42df31fdae71f97be,D
mmlu_pro:test:5137,other,10,154,4995,b189ec765aa7ed75c8acfea42df31fdae71f97be,F
mmlu_pro:test:5139,other,10,385,4997,b189ec765aa7ed75c8acfea42df31fdae71f97be,I
mmlu_pro:test:5140,other,9,98,4998,b189ec765aa7ed75c8acfea42df31fdae71f97be,D
mmlu_pro:test:5141,other,10,89,4999,b189ec765aa7ed75c8acfea42df31fdae71f97be,H
mmlu_pro:test:5142,other,10,76,5000,b189ec765aa7ed75c8acfea42df31fdae71f97be,C
mmlu_pro:test:5143,other,7,50,5001,b189ec765aa7ed75c8acfea42df31fdae71f97be,E
mmlu_pro:test:5144,other,4,92,5002,b189ec765aa7ed75c8acfea42df31fdae71f97be,A
mmlu_pro:test:5145,other,9,87,5003,b189ec765aa7ed75c8acfea42df31fdae71f97be,A
mmlu_pro:test:5146,other,8,59,5004,b189ec765aa7ed75c8acfea42df31fdae71f97be,B
mmlu_pro:test:5147,other,4,71,5005,b189ec765aa7ed75c8acfea42df31fdae71f97be,C
mmlu_pro:test:5148,other,4,81,5006,b189ec765aa7ed75c8acfea42df31fdae71f97be,C
mmlu_pro:test:5149,other,4,104,5007,b189ec765aa7ed75c8acfea42df31fdae71f97be,B
mmlu_pro:test:5150,other,5,95,5008,b189ec765aa7ed75c8acfea42df31fdae71f97be,C
mmlu_pro:test:5151,other,10,84,5009,b189ec765aa7ed75c8acfea42df31fdae71f97be,C
mmlu_pro:test:5152,other,10,74,5010,b189ec765aa7ed75c8acfea42df31fdae71f97be,E
mmlu_pro:test:5153,other,10,40,5011,b189ec765aa7ed75c8acfea42df31fdae71f97be,G
mmlu_pro:test:5154,other,10,63,5012,b189ec765aa7ed75c8acfea42df31fdae71f97be,C
mmlu_pro:test:5155,other,10,63,5013,b189ec765aa7ed75c8acfea42df31fdae71f97be,J
mmlu_pro:test:5157,other,10,88,5015,b189ec765aa7ed75c8acfea42df31fdae71f97be,D
mmlu_pro:test:5158,other,10,136,5016,b189ec765aa7ed75c8acfea42df31fdae71f97be,E
mmlu_pro:test:5159,other,10,159,5017,b189ec765aa7ed75c8acfea42df31fdae71f97be,G
mmlu_pro:test:5160,other,10,66,5018,b189ec765aa7ed75c8acfea42df31fdae71f97be,J
mmlu_pro:test:5161,other,10,148,5019,b189ec765aa7ed75c8acfea42df31fdae71f97be,B
mmlu_pro:test:5162,other,10,68,5020,b189ec765aa7ed75c8acfea42df31fdae71f97be,B
mmlu_pro:test:5163,other,10,64,5021,b189ec765aa7ed75c8acfea42df31fdae71f97be,D
mmlu_pro:test:5164,other,10,101,5022,b189ec765aa7ed75c8acfea42df31fdae71f97be,I
mmlu_pro:test:5165,other,10,80,5023,b189ec765aa7ed75c8acfea42df31fdae71f97be,B
mmlu_pro:test:5166,other,10,70,5024,b189ec765aa7ed75c8acfea42df31fdae71f97be,I
mmlu_pro:test:5167,other,10,56,5025,b189ec765aa7ed75c8acfea42df31fdae71f97be,B
mmlu_pro:test:5168,other,10,241,5026,b189ec765aa7ed75c8acfea42df31fdae71f97be,D
mmlu_pro:test:5169,other,10,65,5027,b189ec765aa7ed75c8acfea42df31fdae71f97be,A
mmlu_pro:test:5170,other,10,78,5028,b189ec765aa7ed75c8acfea42df31fdae71f97be,C
mmlu_pro:test:5171,other,10,58,5029,b189ec765aa7ed75c8acfea42df31fdae71f97be,A
mmlu_pro:test:5172,other,10,46,5030,b189ec765aa7ed75c8acfea42df31fdae71f97be,A
mmlu_pro:test:5173,other,10,76,5031,b189ec765aa7ed75c8acfea42df31fdae71f97be,J
mmlu_pro:test:5174,other,10,36,5032,b189ec765aa7ed75c8acfea42df31fdae71f97be,B
mmlu_pro:test:5175,other,8,47,5033,b189ec765aa7ed75c8acfea42df31fdae71f97be,H
mmlu_pro:test:5176,other,10,87,5034,b189ec765aa7ed75c8acfea42df31fdae71f97be,G
mmlu_pro:test:5177,other,7,98,5035,b189ec765aa7ed75c8acfea42df31fdae71f97be,F
mmlu_pro:test:5178,other,10,61,5036,b189ec765aa7ed75c8acfea42df31fdae71f97be,C
mmlu_pro:test:5179,other,10,269,5037,b189ec765aa7ed75c8acfea42df31fdae71f97be,B
mmlu_pro:test:5181,other,10,400,5039,b189ec765aa7ed75c8acfea42df31fdae71f97be,C
mmlu_pro:test:5182,other,10,97,5040,b189ec765aa7ed75c8acfea42df31fdae71f97be,E
mmlu_pro:test:5183,other,10,168,5041,b189ec765aa7ed75c8acfea42df31fdae71f97be,H
mmlu_pro:test:5184,other,10,168,5042,b189ec765aa7ed75c8acfea42df31fdae71f97be,G
mmlu_pro:test:5185,other,10,550,5043,b189ec765aa7ed75c8acfea42df31fdae71f97be,J
mmlu_pro:test:5186,other,10,118,5044,b189ec765aa7ed75c8acfea42df31fdae71f97be,A
mmlu_pro:test:5187,other,10,307,5045,b189ec765aa7ed75c8acfea42df31fdae71f97be,F
mmlu_pro:test:5188,other,10,308,5046,b189ec765aa7ed75c8acfea42df31fdae71f97be,G
mmlu_pro:test:5189,other,10,88,5047,b189ec765aa7ed75c8acfea42df31fdae71f97be,B
mmlu_pro:test:5190,other,10,64,5048,b189ec765aa7ed75c8acfea42df31fdae71f97be,C
mmlu_pro:test:5191,other,10,192,5049,b189ec765aa7ed75c8acfea42df31fdae71f97be,I
mmlu_pro:test:5192,other,10,406,5050,b189ec765aa7ed75c8acfea42df31fdae71f97be,A
mmlu_pro:test:5194,other,5,56,5052,b189ec765aa7ed75c8acfea42df31fdae71f97be,B
mmlu_pro:test:5195,other,9,68,5053,b189ec765aa7ed75c8acfea42df31fdae71f97be,G
mmlu_pro:test:5196,other,10,61,5054,b189ec765aa7ed75c8acfea42df31fdae71f97be,G
mmlu_pro:test:5197,other,10,49,5055,b189ec765aa7ed75c8acfea42df31fdae71f97be,C
mmlu_pro:test:5198,other,10,65,5056,b189ec765aa7ed75c8acfea42df31fdae71f97be,B
mmlu_pro:test:5199,other,10,89,5057,b189ec765aa7ed75c8acfea42df31fdae71f97be,C
mmlu_pro:test:5200,other,10,109,5058,b189ec765aa7ed75c8acfea42df31fdae71f97be,C
mmlu_pro:test:5201,other,4,69,5059,b189ec765aa7ed75c8acfea42df31fdae71f97be,B
mmlu_pro:test:5202,other,10,74,5060,b189ec765aa7ed75c8acfea42df31fdae71f97be,D
mmlu_pro:test:5203,other,10,46,5061,b189ec765aa7ed75c8acfea42df31fdae71f97be,B
mmlu_pro:test:5205,other,4,85,5063,b189ec765aa7ed75c8acfea42df31fdae71f97be,D
mmlu_pro:test:5206,other,9,103,5064,b189ec765aa7ed75c8acfea42df31fdae71f97be,A
mmlu_pro:test:5207,other,4,77,5065,b189ec765aa7ed75c8acfea42df31fdae71f97be,D
mmlu_pro:test:5208,other,4,110,5066,b189ec765aa7ed75c8acfea42df31fdae71f97be,B
mmlu_pro:test:5209,other,8,104,5067,b189ec765aa7ed75c8acfea42df31fdae71f97be,C
mmlu_pro:test:5210,other,5,232,5068,b189ec765aa7ed75c8acfea42df31fdae71f97be,E
mmlu_pro:test:5211,other,10,81,5069,b189ec765aa7ed75c8acfea42df31fdae71f97be,B
mmlu_pro:test:5212,other,10,61,5070,b189ec765aa7ed75c8acfea42df31fdae71f97be,I
mmlu_pro:test:5213,other,10,89,5071,b189ec765aa7ed75c8acfea42df31fdae71f97be,D
mmlu_pro:test:5214,other,10,163,5072,b189ec765aa7ed75c8acfea42df31fdae71f97be,B
mmlu_pro:test:5215,other,8,34,5073,b189ec765aa7ed75c8acfea42df31fdae71f97be,E
mmlu_pro:test:5216,other,10,152,5074,b189ec765aa7ed75c8acfea42df31fdae71f97be,J
mmlu_pro:test:5217,other,10,215,5075,b189ec765aa7ed75c8acfea42df31fdae71f97be,J
mmlu_pro:test:5218,other,7,112,5076,b189ec765aa7ed75c8acfea42df31fdae71f97be,B
mmlu_pro:test:5219,other,9,357,5077,b189ec765aa7ed75c8acfea42df31fdae71f97be,D
mmlu_pro:test:5220,other,10,75,5078,b189ec765aa7ed75c8acfea42df31fdae71f97be,G
mmlu_pro:test:5221,other,10,53,5079,b189ec765aa7ed75c8acfea42df31fdae71f97be,J
mmlu_pro:test:5222,other,8,91,5080,b189ec765aa7ed75c8acfea42df31fdae71f97be,E
mmlu_pro:test:5223,other,10,105,5081,b189ec765aa7ed75c8acfea42df31fdae71f97be,A
mmlu_pro:test:5224,other,10,163,5082,b189ec765aa7ed75c8acfea42df31fdae71f97be,I
mmlu_pro:test:5225,other,10,116,5083,b189ec765aa7ed75c8acfea42df31fdae71f97be,I
mmlu_pro:test:5227,other,10,100,5085,b189ec765aa7ed75c8acfea42df31fdae71f97be,C
mmlu_pro:test:5228,other,10,80,5086,b189ec765aa7ed75c8acfea42df31fdae71f97be,F
mmlu_pro:test:5229,other,10,73,5087,b189ec765aa7ed75c8acfea42df31fdae71f97be,A
mmlu_pro:test:5230,other,10,93,5088,b189ec765aa7ed75c8acfea42df31fdae71f97be,E
mmlu_pro:test:5231,other,10,105,5089,b189ec765aa7ed75c8acfea42df31fdae71f97be,D
mmlu_pro:test:5232,other,10,46,5090,b189ec765aa7ed75c8acfea42df31fdae71f97be,H
mmlu_pro:test:5233,other,10,159,5091,b189ec765aa7ed75c8acfea42df31fdae71f97be,F
mmlu_pro:test:5234,other,10,106,5092,b189ec765aa7ed75c8acfea42df31fdae71f97be,E
mmlu_pro:test:5235,other,10,51,5093,b189ec765aa7ed75c8acfea42df31fdae71f97be,F
mmlu_pro:test:5236,other,10,160,5094,b189ec765aa7ed75c8acfea42df31fdae71f97be,F
mmlu_pro:test:5237,other,10,48,5095,b189ec765aa7ed75c8acfea42df31fdae71f97be,J
mmlu_pro:test:5238,other,10,61,5096,b189ec765aa7ed75c8acfea42df31fdae71f97be,H
mmlu_pro:test:5239,other,10,42,5097,b189ec765aa7ed75c8acfea42df31fdae71f97be,A
mmlu_pro:test:5240,other,10,44,5098,b189ec765aa7ed75c8acfea42df31fdae71f97be,J
mmlu_pro:test:5241,other,10,50,5099,b189ec765aa7ed75c8acfea42df31fdae71f97be,I
mmlu_pro:test:5242,other,8,122,5100,b189ec765aa7ed75c8acfea42df31fdae71f97be,E
mmlu_pro:test:5243,other,10,55,5101,b189ec765aa7ed75c8acfea42df31fdae71f97be,A
mmlu_pro:test:5244,other,10,183,5102,b189ec765aa7ed75c8acfea42df31fdae71f97be,D
mmlu_pro:test:5245,other,10,62,5103,b189ec765aa7ed75c8acfea42df31fdae71f97be,J
mmlu_pro:test:5246,other,10,87,5104,b189ec765aa7ed75c8acfea42df31fdae71f97be,I
mmlu_pro:test:5247,other,8,60,5105,b189ec765aa7ed75c8acfea42df31fdae71f97be,F
mmlu_pro:test:5248,other,4,66,5106,b189ec765aa7ed75c8acfea42df31fdae71f97be,A
mmlu_pro:test:5249,other,6,172,5107,b189ec765aa7ed75c8acfea42df31fdae71f97be,A
mmlu_pro:test:5250,other,10,662,5108,b189ec765aa7ed75c8acfea42df31fdae71f97be,G
mmlu_pro:test:5251,other,10,96,5109,b189ec765aa7ed75c8acfea42df31fdae71f97be,E
mmlu_pro:test:5252,other,9,36,5110,b189ec765aa7ed75c8acfea42df31fdae71f97be,H
mmlu_pro:test:5253,other,10,707,5111,b189ec765aa7ed75c8acfea42df31fdae71f97be,E
mmlu_pro:test:5254,other,10,54,5112,b189ec765aa7ed75c8acfea42df31fdae71f97be,D
mmlu_pro:test:5255,other,10,75,5113,b189ec765aa7ed75c8acfea42df31fdae71f97be,B
mmlu_pro:test:5256,other,7,97,5114,b189ec765aa7ed75c8acfea42df31fdae71f97be,B
mmlu_pro:test:5257,other,10,528,5115,b189ec765aa7ed75c8acfea42df31fdae71f97be,I
mmlu_pro:test:5258,other,10,322,5116,b189ec765aa7ed75c8acfea42df31fdae71f97be,I
mmlu_pro:test:5259,other,10,436,5117,b189ec765aa7ed75c8acfea42df31fdae71f97be,I
mmlu_pro:test:5260,other,10,186,5118,b189ec765aa7ed75c8acfea42df31fdae71f97be,C
mmlu_pro:test:5261,other,10,346,5119,b189ec765aa7ed75c8acfea42df31fdae71f97be,A
mmlu_pro:test:5262,other,10,135,5120,b189ec765aa7ed75c8acfea42df31fdae71f97be,E
mmlu_pro:test:5263,other,10,239,5121,b189ec765aa7ed75c8acfea42df31fdae71f97be,C
mmlu_pro:test:5264,other,8,210,5122,b189ec765aa7ed75c8acfea42df31fdae71f97be,B
mmlu_pro:test:5265,other,10,136,5123,b189ec765aa7ed75c8acfea42df31fdae71f97be,I
mmlu_pro:test:5266,other,10,248,5124,b189ec765aa7ed75c8acfea42df31fdae71f97be,H
mmlu_pro:test:5267,other,10,302,5125,b189ec765aa7ed75c8acfea42df31fdae71f97be,J
mmlu_pro:test:5268,other,10,367,5126,b189ec765aa7ed75c8acfea42df31fdae71f97be,H
mmlu_pro:test:5269,other,9,50,5127,b189ec765aa7ed75c8acfea42df31fdae71f97be,G
mmlu_pro:test:5270,other,10,516,5128,b189ec765aa7ed75c8acfea42df31fdae71f97be,A
mmlu_pro:test:5271,other,10,188,5129,b189ec765aa7ed75c8acfea42df31fdae71f97be,E
mmlu_pro:test:5272,other,10,170,5130,b189ec765aa7ed75c8acfea42df31fdae71f97be,E
mmlu_pro:test:5273,other,10,548,5131,b189ec765aa7ed75c8acfea42df31fdae71f97be,F
mmlu_pro:test:5274,other,10,120,5132,b189ec765aa7ed75c8acfea42df31fdae71f97be,F
mmlu_pro:test:5275,other,7,90,5133,b189ec765aa7ed75c8acfea42df31fdae71f97be,D
mmlu_pro:test:5276,other,10,46,5134,b189ec765aa7ed75c8acfea42df31fdae71f97be,H
mmlu_pro:test:5277,other,10,110,5135,b189ec765aa7ed75c8acfea42df31fdae71f97be,F
mmlu_pro:test:5278,other,7,71,5136,b189ec765aa7ed75c8acfea42df31fdae71f97be,C
mmlu_pro:test:5279,other,10,62,5137,b189ec765aa7ed75c8acfea42df31fdae71f97be,A
mmlu_pro:test:5280,other,10,111,5138,b189ec765aa7ed75c8acfea42df31fdae71f97be,I
mmlu_pro:test:5281,other,10,141,5139,b189ec765aa7ed75c8acfea42df31fdae71f97be,B
mmlu_pro:test:5282,other,8,25,5140,b189ec765aa7ed75c8acfea42df31fdae71f97be,F
mmlu_pro:test:5283,other,10,53,5141,b189ec765aa7ed75c8acfea42df31fdae71f97be,F
mmlu_pro:test:5284,other,4,129,5142,b189ec765aa7ed75c8acfea42df31fdae71f97be,C
mmlu_pro:test:5285,other,10,100,5143,b189ec765aa7ed75c8acfea42df31fdae71f97be,D
mmlu_pro:test:5286,other,10,123,5144,b189ec765aa7ed75c8acfea42df31fdae71f97be,A
mmlu_pro:test:5287,other,7,91,5145,b189ec765aa7ed75c8acfea42df31fdae71f97be,G
mmlu_pro:test:5288,other,10,113,5146,b189ec765aa7ed75c8acfea42df31fdae71f97be,D
mmlu_pro:test:5289,other,9,89,5147,b189ec765aa7ed75c8acfea42df31fdae71f97be,D
mmlu_pro:test:5290,other,4,50,5148,b189ec765aa7ed75c8acfea42df31fdae71f97be,B
mmlu_pro:test:5291,other,4,80,5149,b189ec765aa7ed75c8acfea42df31fdae71f97be,B
mmlu_pro:test:5292,other,4,87,5150,b189ec765aa7ed75c8acfea42df31fdae71f97be,C
mmlu_pro:test:5293,other,10,72,5151,b189ec765aa7ed75c8acfea42df31fdae71f97be,E
mmlu_pro:test:5294,other,4,132,5152,b189ec765aa7ed75c8acfea42df31fdae71f97be,B
mmlu_pro:test:5295,other,7,18,5153,b189ec765aa7ed75c8acfea42df31fdae71f97be,D
mmlu_pro:test:5296,other,9,69,5154,b189ec765aa7ed75c8acfea42df31fdae71f97be,I
mmlu_pro:test:5297,other,10,50,5155,b189ec765aa7ed75c8acfea42df31fdae71f97be,F
mmlu_pro:test:5298,other,9,129,5156,b189ec765aa7ed75c8acfea42df31fdae71f97be,F
mmlu_pro:test:5299,other,10,40,5157,b189ec765aa7ed75c8acfea42df31fdae71f97be,H
mmlu_pro:test:5300,other,10,61,5158,b189ec765aa7ed75c8acfea42df31fdae71f97be,C
mmlu_pro:test:5301,other,10,54,5159,b189ec765aa7ed75c8acfea42df31fdae71f97be,D
mmlu_pro:test:5302,other,10,154,5160,b189ec765aa7ed75c8acfea42df31fdae71f97be,I
mmlu_pro:test:5303,other,10,215,5161,b189ec765aa7ed75c8acfea42df31fdae71f97be,H
mmlu_pro:test:5304,other,10,134,5162,b189ec765aa7ed75c8acfea42df31fdae71f97be,C
mmlu_pro:test:5305,other,10,105,5163,b189ec765aa7ed75c8acfea42df31fdae71f97be,I
mmlu_pro:test:5306,other,10,86,5164,b189ec765aa7ed75c8acfea42df31fdae71f97be,H
mmlu_pro:test:5307,other,10,74,5165,b189ec765aa7ed75c8acfea42df31fdae71f97be,H
mmlu_pro:test:5308,other,10,88,5166,b189ec765aa7ed75c8acfea42df31fdae71f97be,G
mmlu_pro:test:5309,other,10,84,5167,b189ec765aa7ed75c8acfea42df31fdae71f97be,D
mmlu_pro:test:5310,other,10,158,5168,b189ec765aa7ed75c8acfea42df31fdae71f97be,I
mmlu_pro:test:5311,other,10,132,5169,b189ec765aa7ed75c8acfea42df31fdae71f97be,A
mmlu_pro:test:5312,other,10,93,5170,b189ec765aa7ed75c8acfea42df31fdae71f97be,F
mmlu_pro:test:5313,other,10,102,5171,b189ec765aa7ed75c8acfea42df31fdae71f97be,C
mmlu_pro:test:5315,other,10,178,5173,b189ec765aa7ed75c8acfea42df31fdae71f97be,G
mmlu_pro:test:5316,other,10,171,5174,b189ec765aa7ed75c8acfea42df31fdae71f97be,E
mmlu_pro:test:5317,other,10,80,5175,b189ec765aa7ed75c8acfea42df31fdae71f97be,C
mmlu_pro:test:5318,other,10,58,5176,b189ec765aa7ed75c8acfea42df31fdae71f97be,H
mmlu_pro:test:5319,other,10,100,5177,b189ec765aa7ed75c8acfea42df31fdae71f97be,I
mmlu_pro:test:5320,other,10,63,5178,b189ec765aa7ed75c8acfea42df31fdae71f97be,D
mmlu_pro:test:5321,other,10,75,5179,b189ec765aa7ed75c8acfea42df31fdae71f97be,G
mmlu_pro:test:5322,other,10,63,5180,b189ec765aa7ed75c8acfea42df31fdae71f97be,A
mmlu_pro:test:5323,other,9,101,5181,b189ec765aa7ed75c8acfea42df31fdae71f97be,G
mmlu_pro:test:5324,other,10,71,5182,b189ec765aa7ed75c8acfea42df31fdae71f97be,A
mmlu_pro:test:5325,other,10,106,5183,b189ec765aa7ed75c8acfea42df31fdae71f97be,I
mmlu_pro:test:5326,other,10,82,5184,b189ec765aa7ed75c8acfea42df31fdae71f97be,D
mmlu_pro:test:5327,other,10,58,5185,b189ec765aa7ed75c8acfea42df31fdae71f97be,B
mmlu_pro:test:5328,other,10,187,5186,b189ec765aa7ed75c8acfea42df31fdae71f97be,F
mmlu_pro:test:5329,other,10,90,5187,b189ec765aa7ed75c8acfea42df31fdae71f97be,F
mmlu_pro:test:5330,other,10,227,5188,b189ec765aa7ed75c8acfea42df31fdae71f97be,A
mmlu_pro:test:5331,other,10,55,5189,b189ec765aa7ed75c8acfea42df31fdae71f97be,D
mmlu_pro:test:5332,other,10,85,5190,b189ec765aa7ed75c8acfea42df31fdae71f97be,D
mmlu_pro:test:5333,other,10,72,5191,b189ec765aa7ed75c8acfea42df31fdae71f97be,B
mmlu_pro:test:5334,other,10,84,5192,b189ec765aa7ed75c8acfea42df31fdae71f97be,A
mmlu_pro:test:5335,other,10,42,5193,b189ec765aa7ed75c8acfea42df31fdae71f97be,B
mmlu_pro:test:5336,other,10,60,5194,b189ec765aa7ed75c8acfea42df31fdae71f97be,G
mmlu_pro:test:5337,other,10,55,5195,b189ec765aa7ed75c8acfea42df31fdae71f97be,A
mmlu_pro:test:5338,other,10,66,5196,b189ec765aa7ed75c8acfea42df31fdae71f97be,G
mmlu_pro:test:5339,other,10,53,5197,b189ec765aa7ed75c8acfea42df31fdae71f97be,C
mmlu_pro:test:5340,other,10,51,5198,b189ec765aa7ed75c8acfea42df31fdae71f97be,F
mmlu_pro:test:5341,other,10,81,5199,b189ec765aa7ed75c8acfea42df31fdae71f97be,B
mmlu_pro:test:5342,other,10,244,5200,b189ec765aa7ed75c8acfea42df31fdae71f97be,J
mmlu_pro:test:5343,other,10,193,5201,b189ec765aa7ed75c8acfea42df31fdae71f97be,E
mmlu_pro:test:5344,other,10,135,5202,b189ec765aa7ed75c8acfea42df31fdae71f97be,C
mmlu_pro:test:5346,other,10,344,5204,b189ec765aa7ed75c8acfea42df31fdae71f97be,F
mmlu_pro:test:5347,other,10,167,5205,b189ec765aa7ed75c8acfea42df31fdae71f97be,B
mmlu_pro:test:5348,other,10,241,5206,b189ec765aa7ed75c8acfea42df31fdae71f97be,A
mmlu_pro:test:5349,other,10,526,5207,b189ec765aa7ed75c8acfea42df31fdae71f97be,I
mmlu_pro:test:5350,other,10,346,5208,b189ec765aa7ed75c8acfea42df31fdae71f97be,I
mmlu_pro:test:5351,other,10,193,5209,b189ec765aa7ed75c8acfea42df31fdae71f97be,F
mmlu_pro:test:5352,other,10,284,5210,b189ec765aa7ed75c8acfea42df31fdae71f97be,G
mmlu_pro:test:5353,other,10,371,5211,b189ec765aa7ed75c8acfea42df31fdae71f97be,C
mmlu_pro:test:5354,other,9,42,5212,b189ec765aa7ed75c8acfea42df31fdae71f97be,D
mmlu_pro:test:5355,other,6,149,5213,b189ec765aa7ed75c8acfea42df31fdae71f97be,C
mmlu_pro:test:5356,other,8,72,5214,b189ec765aa7ed75c8acfea42df31fdae71f97be,D
mmlu_pro:test:5357,other,10,83,5215,b189ec765aa7ed75c8acfea42df31fdae71f97be,F
mmlu_pro:test:5358,other,9,75,5216,b189ec765aa7ed75c8acfea42df31fdae71f97be,E
mmlu_pro:test:5359,other,7,101,5217,b189ec765aa7ed75c8acfea42df31fdae71f97be,B
mmlu_pro:test:5360,other,10,54,5218,b189ec765aa7ed75c8acfea42df31fdae71f97be,D
mmlu_pro:test:5361,other,10,104,5219,b189ec765aa7ed75c8acfea42df31fdae71f97be,D
mmlu_pro:test:5362,other,10,51,5220,b189ec765aa7ed75c8acfea42df31fdae71f97be,A
mmlu_pro:test:5363,other,9,96,5221,b189ec765aa7ed75c8acfea42df31fdae71f97be,B
mmlu_pro:test:5364,other,8,83,5222,b189ec765aa7ed75c8acfea42df31fdae71f97be,C
mmlu_pro:test:5365,other,6,90,5223,b189ec765aa7ed75c8acfea42df31fdae71f97be,D
mmlu_pro:test:5366,other,4,74,5224,b189ec765aa7ed75c8acfea42df31fdae71f97be,C
mmlu_pro:test:5367,other,8,66,5225,b189ec765aa7ed75c8acfea42df31fdae71f97be,D
mmlu_pro:test:5368,other,9,51,5226,b189ec765aa7ed75c8acfea42df31fdae71f97be,F
mmlu_pro:test:5369,other,4,159,5227,b189ec765aa7ed75c8acfea42df31fdae71f97be,A
mmlu_pro:test:5371,other,10,79,5229,b189ec765aa7ed75c8acfea42df31fdae71f97be,B
mmlu_pro:test:5373,other,8,75,5230,b189ec765aa7ed75c8acfea42df31fdae71f97be,E
mmlu_pro:test:5374,other,10,89,5231,b189ec765aa7ed75c8acfea42df31fdae71f97be,F
mmlu_pro:test:5375,other,8,56,5232,b189ec765aa7ed75c8acfea42df31fdae71f97be,D
mmlu_pro:test:5376,other,10,98,5233,b189ec765aa7ed75c8acfea42df31fdae71f97be,G
mmlu_pro:test:5377,other,10,71,5234,b189ec765aa7ed75c8acfea42df31fdae71f97be,F
mmlu_pro:test:5378,other,10,46,5235,b189ec765aa7ed75c8acfea42df31fdae71f97be,B
mmlu_pro:test:5379,other,10,80,5236,b189ec765aa7ed75c8acfea42df31fdae71f97be,I
mmlu_pro:test:5380,other,10,136,5237,b189ec765aa7ed75c8acfea42df31fdae71f97be,B
mmlu_pro:test:5381,other,10,133,5238,b189ec765aa7ed75c8acfea42df31fdae71f97be,A
mmlu_pro:test:5382,other,10,64,5239,b189ec765aa7ed75c8acfea42df31fdae71f97be,E
mmlu_pro:test:5383,other,10,50,5240,b189ec765aa7ed75c8acfea42df31fdae71f97be,H
mmlu_pro:test:5384,other,10,40,5241,b189ec765aa7ed75c8acfea42df31fdae71f97be,F
mmlu_pro:test:5385,other,10,43,5242,b189ec765aa7ed75c8acfea42df31fdae71f97be,E
mmlu_pro:test:5386,other,10,49,5243,b189ec765aa7ed75c8acfea42df31fdae71f97be,A
mmlu_pro:test:5387,other,10,84,5244,b189ec765aa7ed75c8acfea42df31fdae71f97be,E
mmlu_pro:test:5388,other,10,71,5245,b189ec765aa7ed75c8acfea42df31fdae71f97be,B
mmlu_pro:test:5389,other,10,75,5246,b189ec765aa7ed75c8acfea42df31fdae71f97be,C
mmlu_pro:test:5391,other,10,46,5248,b189ec765aa7ed75c8acfea42df31fdae71f97be,E
mmlu_pro:test:5393,other,10,36,5249,b189ec765aa7ed75c8acfea42df31fdae71f97be,E
mmlu_pro:test:5394,other,4,71,5250,b189ec765aa7ed75c8acfea42df31fdae71f97be,D
mmlu_pro:test:5395,other,10,39,5251,b189ec765aa7ed75c8acfea42df31fdae71f97be,C
mmlu_pro:test:5396,other,10,63,5252,b189ec765aa7ed75c8acfea42df31fdae71f97be,E
mmlu_pro:test:5397,other,10,85,5253,b189ec765aa7ed75c8acfea42df31fdae71f97be,E
mmlu_pro:test:5398,other,10,56,5254,b189ec765aa7ed75c8acfea42df31fdae71f97be,C
mmlu_pro:test:5399,other,6,252,5255,b189ec765aa7ed75c8acfea42df31fdae71f97be,D
mmlu_pro:test:5400,other,8,134,5256,b189ec765aa7ed75c8acfea42df31fdae71f97be,D
mmlu_pro:test:5401,other,9,68,5257,b189ec765aa7ed75c8acfea42df31fdae71f97be,E
mmlu_pro:test:5402,other,10,74,5258,b189ec765aa7ed75c8acfea42df31fdae71f97be,G
mmlu_pro:test:5403,other,10,68,5259,b189ec765aa7ed75c8acfea42df31fdae71f97be,A
mmlu_pro:test:5404,other,10,66,5260,b189ec765aa7ed75c8acfea42df31fdae71f97be,I
mmlu_pro:test:5405,other,9,238,5261,b189ec765aa7ed75c8acfea42df31fdae71f97be,E
mmlu_pro:test:5406,other,10,268,5262,b189ec765aa7ed75c8acfea42df31fdae71f97be,E
mmlu_pro:test:5407,other,9,321,5263,b189ec765aa7ed75c8acfea42df31fdae71f97be,G
mmlu_pro:test:5408,other,10,398,5264,b189ec765aa7ed75c8acfea42df31fdae71f97be,B
mmlu_pro:test:5409,other,10,549,5265,b189ec765aa7ed75c8acfea42df31fdae71f97be,J
mmlu_pro:test:5410,other,10,119,5266,b189ec765aa7ed75c8acfea42df31fdae71f97be,E
mmlu_pro:test:5411,other,10,283,5267,b189ec765aa7ed75c8acfea42df31fdae71f97be,D
mmlu_pro:test:5412,other,10,130,5268,b189ec765aa7ed75c8acfea42df31fdae71f97be,A
mmlu_pro:test:5413,other,10,149,5269,b189ec765aa7ed75c8acfea42df31fdae71f97be,J
mmlu_pro:test:5414,other,10,327,5270,b189ec765aa7ed75c8acfea42df31fdae71f97be,D
mmlu_pro:test:5415,other,10,125,5271,b189ec765aa7ed75c8acfea42df31fdae71f97be,I
mmlu_pro:test:5416,other,3,85,5272,b189ec765aa7ed75c8acfea42df31fdae71f97be,C
mmlu_pro:test:5417,other,10,59,5273,b189ec765aa7ed75c8acfea42df31fdae71f97be,I
mmlu_pro:test:5418,other,10,81,5274,b189ec765aa7ed75c8acfea42df31fdae71f97be,B
mmlu_pro:test:5419,other,10,66,5275,b189ec765aa7ed75c8acfea42df31fdae71f97be,F
mmlu_pro:test:5420,other,8,70,5276,b189ec765aa7ed75c8acfea42df31fdae71f97be,C
mmlu_pro:test:5421,other,10,226,5277,b189ec765aa7ed75c8acfea42df31fdae71f97be,A
mmlu_pro:test:5422,other,10,89,5278,b189ec765aa7ed75c8acfea42df31fdae71f97be,C
mmlu_pro:test:5423,other,8,56,5279,b189ec765aa7ed75c8acfea42df31fdae71f97be,C
mmlu_pro:test:5424,other,10,147,5280,b189ec765aa7ed75c8acfea42df31fdae71f97be,D
mmlu_pro:test:5425,other,10,59,5281,b189ec765aa7ed75c8acfea42df31fdae71f97be,H
mmlu_pro:test:5426,other,4,88,5282,b189ec765aa7ed75c8acfea42df31fdae71f97be,D
mmlu_pro:test:5427,other,10,130,5283,b189ec765aa7ed75c8acfea42df31fdae71f97be,C
mmlu_pro:test:5428,other,10,95,5284,b189ec765aa7ed75c8acfea42df31fdae71f97be,I
mmlu_pro:test:5429,other,10,101,5285,b189ec765aa7ed75c8acfea42df31fdae71f97be,J
mmlu_pro:test:5430,other,9,88,5286,b189ec765aa7ed75c8acfea42df31fdae71f97be,H
mmlu_pro:test:5431,other,5,95,5287,b189ec765aa7ed75c8acfea42df31fdae71f97be,B
mmlu_pro:test:5433,other,9,87,5289,b189ec765aa7ed75c8acfea42df31fdae71f97be,H
mmlu_pro:test:5434,other,4,24,5290,b189ec765aa7ed75c8acfea42df31fdae71f97be,B
mmlu_pro:test:5435,other,4,70,5291,b189ec765aa7ed75c8acfea42df31fdae71f97be,D
mmlu_pro:test:5436,other,9,96,5292,b189ec765aa7ed75c8acfea42df31fdae71f97be,E
mmlu_pro:test:5437,other,10,118,5293,b189ec765aa7ed75c8acfea42df31fdae71f97be,E
mmlu_pro:test:5438,other,10,72,5294,b189ec765aa7ed75c8acfea42df31fdae71f97be,F
mmlu_pro:test:5439,other,10,199,5295,b189ec765aa7ed75c8acfea42df31fdae71f97be,C
mmlu_pro:test:5440,other,10,116,5296,b189ec765aa7ed75c8acfea42df31fdae71f97be,F
mmlu_pro:test:5441,other,10,78,5297,b189ec765aa7ed75c8acfea42df31fdae71f97be,G
mmlu_pro:test:5442,other,10,172,5298,b189ec765aa7ed75c8acfea42df31fdae71f97be,G
mmlu_pro:test:5443,other,10,279,5299,b189ec765aa7ed75c8acfea42df31fdae71f97be,H
mmlu_pro:test:5444,other,10,64,5300,b189ec765aa7ed75c8acfea42df31fdae71f97be,E
mmlu_pro:test:5445,other,10,105,5301,b189ec765aa7ed75c8acfea42df31fdae71f97be,B
mmlu_pro:test:5446,other,10,397,5302,b189ec765aa7ed75c8acfea42df31fdae71f97be,B
mmlu_pro:test:5447,other,10,125,5303,b189ec765aa7ed75c8acfea42df31fdae71f97be,E
mmlu_pro:test:5448,other,10,71,5304,b189ec765aa7ed75c8acfea42df31fdae71f97be,J
mmlu_pro:test:5449,other,10,79,5305,b189ec765aa7ed75c8acfea42df31fdae71f97be,H
mmlu_pro:test:5451,other,10,186,5307,b189ec765aa7ed75c8acfea42df31fdae71f97be,A
mmlu_pro:test:5453,other,8,40,5309,b189ec765aa7ed75c8acfea42df31fdae71f97be,B
mmlu_pro:test:5454,other,10,41,5310,b189ec765aa7ed75c8acfea42df31fdae71f97be,F
mmlu_pro:test:5456,other,10,169,5312,b189ec765aa7ed75c8acfea42df31fdae71f97be,H
mmlu_pro:test:5457,other,10,52,5313,b189ec765aa7ed75c8acfea42df31fdae71f97be,B
mmlu_pro:test:5458,other,10,66,5314,b189ec765aa7ed75c8acfea42df31fdae71f97be,G
mmlu_pro:test:5460,other,10,36,5315,b189ec765aa7ed75c8acfea42df31fdae71f97be,J
mmlu_pro:test:5461,other,10,105,5316,b189ec765aa7ed75c8acfea42df31fdae71f97be,C
mmlu_pro:test:5462,other,10,48,5317,b189ec765aa7ed75c8acfea42df31fdae71f97be,C
mmlu_pro:test:5463,other,10,55,5318,b189ec765aa7ed75c8acfea42df31fdae71f97be,I
mmlu_pro:test:5464,other,10,145,5319,b189ec765aa7ed75c8acfea42df31fdae71f97be,H
mmlu_pro:test:5465,other,10,249,5320,b189ec765aa7ed75c8acfea42df31fdae71f97be,C
mmlu_pro:test:5466,other,10,114,5321,b189ec765aa7ed75c8acfea42df31fdae71f97be,A
mmlu_pro:test:5467,other,10,406,5322,b189ec765aa7ed75c8acfea42df31fdae71f97be,G
mmlu_pro:test:5468,other,10,279,5323,b189ec765aa7ed75c8acfea42df31fdae71f97be,D
mmlu_pro:test:5469,other,8,101,5324,b189ec765aa7ed75c8acfea42df31fdae71f97be,C
mmlu_pro:test:5471,other,9,153,5325,b189ec765aa7ed75c8acfea42df31fdae71f97be,H
mmlu_pro:test:5472,other,9,146,5326,b189ec765aa7ed75c8acfea42df31fdae71f97be,C
mmlu_pro:test:5473,other,9,155,5327,b189ec765aa7ed75c8acfea42df31fdae71f97be,C
mmlu_pro:test:5474,other,10,113,5328,b189ec765aa7ed75c8acfea42df31fdae71f97be,H
mmlu_pro:test:5475,other,10,104,5329,b189ec765aa7ed75c8acfea42df31fdae71f97be,H
mmlu_pro:test:5476,other,9,142,5330,b189ec765aa7ed75c8acfea42df31fdae71f97be,C
mmlu_pro:test:5477,other,10,114,5331,b189ec765aa7ed75c8acfea42df31fdae71f97be,H
mmlu_pro:test:5478,other,9,101,5332,b189ec765aa7ed75c8acfea42df31fdae71f97be,C
mmlu_pro:test:5479,other,10,123,5333,b189ec765aa7ed75c8acfea42df31fdae71f97be,C
mmlu_pro:test:5480,other,10,326,5334,b189ec765aa7ed75c8acfea42df31fdae71f97be,H
mmlu_pro:test:5481,other,10,116,5335,b189ec765aa7ed75c8acfea42df31fdae71f97be,I
mmlu_pro:test:5482,other,9,110,5336,b189ec765aa7ed75c8acfea42df31fdae71f97be,D
mmlu_pro:test:5483,other,10,67,5337,b189ec765aa7ed75c8acfea42df31fdae71f97be,H
mmlu_pro:test:5484,other,9,142,5338,b189ec765aa7ed75c8acfea42df31fdae71f97be,H
mmlu_pro:test:5485,other,9,66,5339,b189ec765aa7ed75c8acfea42df31fdae71f97be,A
mmlu_pro:test:5486,other,10,98,5340,b189ec765aa7ed75c8acfea42df31fdae71f97be,A
mmlu_pro:test:5487,other,9,65,5341,b189ec765aa7ed75c8acfea42df31fdae71f97be,B
mmlu_pro:test:5488,other,9,100,5342,b189ec765aa7ed75c8acfea42df31fdae71f97be,D
mmlu_pro:test:5489,other,10,86,5343,b189ec765aa7ed75c8acfea42df31fdae71f97be,J
mmlu_pro:test:5490,other,10,101,5344,b189ec765aa7ed75c8acfea42df31fdae71f97be,J
mmlu_pro:test:5492,other,4,98,5346,b189ec765aa7ed75c8acfea42df31fdae71f97be,D
mmlu_pro:test:5493,other,9,69,5347,b189ec765aa7ed75c8acfea42df31fdae71f97be,G
mmlu_pro:test:5494,other,10,147,5348,b189ec765aa7ed75c8acfea42df31fdae71f97be,H
mmlu_pro:test:5495,other,9,59,5349,b189ec765aa7ed75c8acfea42df31fdae71f97be,A
mmlu_pro:test:5496,other,10,106,5350,b189ec765aa7ed75c8acfea42df31fdae71f97be,B
mmlu_pro:test:5497,other,10,92,5351,b189ec765aa7ed75c8acfea42df31fdae71f97be,J
mmlu_pro:test:5498,other,10,65,5352,b189ec765aa7ed75c8acfea42df31fdae71f97be,I
mmlu_pro:test:5499,other,4,55,5353,b189ec765aa7ed75c8acfea42df31fdae71f97be,A
mmlu_pro:test:5500,other,9,73,5354,b189ec765aa7ed75c8acfea42df31fdae71f97be,G
mmlu_pro:test:5501,other,9,40,5355,b189ec765aa7ed75c8acfea42df31fdae71f97be,D
mmlu_pro:test:5502,other,4,97,5356,b189ec765aa7ed75c8acfea42df31fdae71f97be,B
mmlu_pro:test:5503,other,3,45,5357,b189ec765aa7ed75c8acfea42df31fdae71f97be,A
mmlu_pro:test:5504,other,4,140,5358,b189ec765aa7ed75c8acfea42df31fdae71f97be,C
mmlu_pro:test:5505,other,7,62,5359,b189ec765aa7ed75c8acfea42df31fdae71f97be,B
mmlu_pro:test:5506,other,10,60,5360,b189ec765aa7ed75c8acfea42df31fdae71f97be,C
mmlu_pro:test:5507,other,8,88,5361,b189ec765aa7ed75c8acfea42df31fdae71f97be,H
mmlu_pro:test:5508,other,8,85,5362,b189ec765aa7ed75c8acfea42df31fdae71f97be,H
mmlu_pro:test:5509,other,10,143,5363,b189ec765aa7ed75c8acfea42df31fdae71f97be,J
mmlu_pro:test:5510,other,9,95,5364,b189ec765aa7ed75c8acfea42df31fdae71f97be,I
mmlu_pro:test:5512,other,9,65,5365,b189ec765aa7ed75c8acfea42df31fdae71f97be,D
mmlu_pro:test:5513,other,9,120,5366,b189ec765aa7ed75c8acfea42df31fdae71f97be,A
mmlu_pro:test:5514,other,4,42,5367,b189ec765aa7ed75c8acfea42df31fdae71f97be,D
mmlu_pro:test:5515,other,10,34,5368,b189ec765aa7ed75c8acfea42df31fdae71f97be,C
mmlu_pro:test:5516,other,6,49,5369,b189ec765aa7ed75c8acfea42df31fdae71f97be,F
mmlu_pro:test:5517,other,10,92,5370,b189ec765aa7ed75c8acfea42df31fdae71f97be,B
mmlu_pro:test:5518,other,10,27,5371,b189ec765aa7ed75c8acfea42df31fdae71f97be,H
mmlu_pro:test:5519,other,10,101,5372,b189ec765aa7ed75c8acfea42df31fdae71f97be,G
mmlu_pro:test:5520,other,10,71,5373,b189ec765aa7ed75c8acfea42df31fdae71f97be,J
mmlu_pro:test:5521,other,10,30,5374,b189ec765aa7ed75c8acfea42df31fdae71f97be,J
mmlu_pro:test:5522,other,10,191,5375,b189ec765aa7ed75c8acfea42df31fdae71f97be,F
mmlu_pro:test:5523,other,10,211,5376,b189ec765aa7ed75c8acfea42df31fdae71f97be,I
mmlu_pro:test:5524,other,9,58,5377,b189ec765aa7ed75c8acfea42df31fdae71f97be,D
mmlu_pro:test:5525,other,10,48,5378,b189ec765aa7ed75c8acfea42df31fdae71f97be,C
mmlu_pro:test:5526,other,10,73,5379,b189ec765aa7ed75c8acfea42df31fdae71f97be,H
mmlu_pro:test:5527,other,10,103,5380,b189ec765aa7ed75c8acfea42df31fdae71f97be,H
mmlu_pro:test:5528,other,10,77,5381,b189ec765aa7ed75c8acfea42df31fdae71f97be,D
mmlu_pro:test:5529,other,10,83,5382,b189ec765aa7ed75c8acfea42df31fdae71f97be,B
mmlu_pro:test:5531,other,10,105,5384,b189ec765aa7ed75c8acfea42df31fdae71f97be,F
mmlu_pro:test:5532,other,10,72,5385,b189ec765aa7ed75c8acfea42df31fdae71f97be,H
mmlu_pro:test:5533,other,10,51,5386,b189ec765aa7ed75c8acfea42df31fdae71f97be,D
mmlu_pro:test:5534,other,10,71,5387,b189ec765aa7ed75c8acfea42df31fdae71f97be,I
mmlu_pro:test:5535,other,10,59,5388,b189ec765aa7ed75c8acfea42df31fdae71f97be,F
mmlu_pro:test:5536,other,10,96,5389,b189ec765aa7ed75c8acfea42df31fdae71f97be,H
mmlu_pro:test:5537,other,10,59,5390,b189ec765aa7ed75c8acfea42df31fdae71f97be,H
mmlu_pro:test:5538,other,10,64,5391,b189ec765aa7ed75c8acfea42df31fdae71f97be,B
mmlu_pro:test:5539,other,10,61,5392,b189ec765aa7ed75c8acfea42df31fdae71f97be,F
mmlu_pro:test:5540,other,10,207,5393,b189ec765aa7ed75c8acfea42df31fdae71f97be,D
mmlu_pro:test:5541,other,10,38,5394,b189ec765aa7ed75c8acfea42df31fdae71f97be,I
mmlu_pro:test:5542,other,10,60,5395,b189ec765aa7ed75c8acfea42df31fdae71f97be,H
mmlu_pro:test:5543,other,10,31,5396,b189ec765aa7ed75c8acfea42df31fdae71f97be,H
mmlu_pro:test:5544,other,10,59,5397,b189ec765aa7ed75c8acfea42df31fdae71f97be,A
mmlu_pro:test:5545,other,10,42,5398,b189ec765aa7ed75c8acfea42df31fdae71f97be,H
mmlu_pro:test:5546,other,8,47,5399,b189ec765aa7ed75c8acfea42df31fdae71f97be,F
mmlu_pro:test:5547,other,10,58,5400,b189ec765aa7ed75c8acfea42df31fdae71f97be,G
mmlu_pro:test:5548,other,7,619,5401,b189ec765aa7ed75c8acfea42df31fdae71f97be,B
mmlu_pro:test:5549,other,10,61,5402,b189ec765aa7ed75c8acfea42df31fdae71f97be,J
mmlu_pro:test:5550,other,10,92,5403,b189ec765aa7ed75c8acfea42df31fdae71f97be,A
mmlu_pro:test:5552,other,10,60,5404,b189ec765aa7ed75c8acfea42df31fdae71f97be,E
mmlu_pro:test:5553,other,10,43,5405,b189ec765aa7ed75c8acfea42df31fdae71f97be,G
mmlu_pro:test:5554,other,9,170,5406,b189ec765aa7ed75c8acfea42df31fdae71f97be,C
mmlu_pro:test:5555,other,7,55,5407,b189ec765aa7ed75c8acfea42df31fdae71f97be,A
mmlu_pro:test:5556,other,10,287,5408,b189ec765aa7ed75c8acfea42df31fdae71f97be,A
mmlu_pro:test:5557,other,8,213,5409,b189ec765aa7ed75c8acfea42df31fdae71f97be,D
mmlu_pro:test:5558,other,10,88,5410,b189ec765aa7ed75c8acfea42df31fdae71f97be,A
mmlu_pro:test:5559,other,10,392,5411,b189ec765aa7ed75c8acfea42df31fdae71f97be,A
mmlu_pro:test:5560,other,10,151,5412,b189ec765aa7ed75c8acfea42df31fdae71f97be,A
mmlu_pro:test:5561,other,10,274,5413,b189ec765aa7ed75c8acfea42df31fdae71f97be,I
mmlu_pro:test:5562,other,10,366,5414,b189ec765aa7ed75c8acfea42df31fdae71f97be,H
mmlu_pro:test:5564,other,10,104,5416,b189ec765aa7ed75c8acfea42df31fdae71f97be,H
mmlu_pro:test:5565,other,10,172,5417,b189ec765aa7ed75c8acfea42df31fdae71f97be,G
mmlu_pro:test:5566,other,10,343,5418,b189ec765aa7ed75c8acfea42df31fdae71f97be,A
mmlu_pro:test:5567,other,10,322,5419,b189ec765aa7ed75c8acfea42df31fdae71f97be,C
mmlu_pro:test:5569,other,10,223,5421,b189ec765aa7ed75c8acfea42df31fdae71f97be,A
mmlu_pro:test:5570,other,10,146,5422,b189ec765aa7ed75c8acfea42df31fdae71f97be,H
mmlu_pro:test:5571,other,8,94,5423,b189ec765aa7ed75c8acfea42df31fdae71f97be,E
mmlu_pro:test:5573,other,10,359,5424,b189ec765aa7ed75c8acfea42df31fdae71f97be,J
mmlu_pro:test:5574,other,8,76,5425,b189ec765aa7ed75c8acfea42df31fdae71f97be,D
mmlu_pro:test:5575,other,9,49,5426,b189ec765aa7ed75c8acfea42df31fdae71f97be,D
mmlu_pro:test:5576,other,9,69,5427,b189ec765aa7ed75c8acfea42df31fdae71f97be,D
mmlu_pro:test:5577,other,9,55,5428,b189ec765aa7ed75c8acfea42df31fdae71f97be,C
mmlu_pro:test:5578,other,9,51,5429,b189ec765aa7ed75c8acfea42df31fdae71f97be,G
mmlu_pro:test:5579,other,10,181,5430,b189ec765aa7ed75c8acfea42df31fdae71f97be,D
mmlu_pro:test:5580,other,10,73,5431,b189ec765aa7ed75c8acfea42df31fdae71f97be,J
mmlu_pro:test:5581,other,4,64,5432,b189ec765aa7ed75c8acfea42df31fdae71f97be,B
mmlu_pro:test:5582,other,10,89,5433,b189ec765aa7ed75c8acfea42df31fdae71f97be,H
mmlu_pro:test:5583,other,4,129,5434,b189ec765aa7ed75c8acfea42df31fdae71f97be,B
mmlu_pro:test:5584,other,9,98,5435,b189ec765aa7ed75c8acfea42df31fdae71f97be,A
mmlu_pro:test:5585,other,8,119,5436,b189ec765aa7ed75c8acfea42df31fdae71f97be,B
mmlu_pro:test:5586,other,8,91,5437,b189ec765aa7ed75c8acfea42df31fdae71f97be,E
mmlu_pro:test:5587,other,10,141,5438,b189ec765aa7ed75c8acfea42df31fdae71f97be,I
mmlu_pro:test:5588,other,4,100,5439,b189ec765aa7ed75c8acfea42df31fdae71f97be,B
mmlu_pro:test:5590,other,3,101,5441,b189ec765aa7ed75c8acfea42df31fdae71f97be,A
mmlu_pro:test:5591,other,4,60,5442,b189ec765aa7ed75c8acfea42df31fdae71f97be,A
mmlu_pro:test:5593,other,4,64,5444,b189ec765aa7ed75c8acfea42df31fdae71f97be,D
mmlu_pro:test:5594,other,4,26,5445,b189ec765aa7ed75c8acfea42df31fdae71f97be,D
mmlu_pro:test:5595,other,10,45,5446,b189ec765aa7ed75c8acfea42df31fdae71f97be,F
mmlu_pro:test:5596,other,10,108,5447,b189ec765aa7ed75c8acfea42df31fdae71f97be,H
mmlu_pro:test:5597,other,10,173,5448,b189ec765aa7ed75c8acfea42df31fdae71f97be,H
mmlu_pro:test:5598,other,10,91,5449,b189ec765aa7ed75c8acfea42df31fdae71f97be,H
mmlu_pro:test:5599,other,10,62,5450,b189ec765aa7ed75c8acfea42df31fdae71f97be,D
mmlu_pro:test:5600,other,10,116,5451,b189ec765aa7ed75c8acfea42df31fdae71f97be,G
mmlu_pro:test:5601,other,10,237,5452,b189ec765aa7ed75c8acfea42df31fdae71f97be,H
mmlu_pro:test:5602,other,10,280,5453,b189ec765aa7ed75c8acfea42df31fdae71f97be,F
mmlu_pro:test:5603,other,10,249,5454,b189ec765aa7ed75c8acfea42df31fdae71f97be,D
mmlu_pro:test:5604,other,10,70,5455,b189ec765aa7ed75c8acfea42df31fdae71f97be,B
mmlu_pro:test:5605,other,10,91,5456,b189ec765aa7ed75c8acfea42df31fdae71f97be,J
mmlu_pro:test:5606,other,10,58,5457,b189ec765aa7ed75c8acfea42df31fdae71f97be,I
mmlu_pro:test:5607,other,10,256,5458,b189ec765aa7ed75c8acfea42df31fdae71f97be,H
mmlu_pro:test:5608,other,6,81,5459,b189ec765aa7ed75c8acfea42df31fdae71f97be,A
mmlu_pro:test:5609,other,9,49,5460,b189ec765aa7ed75c8acfea42df31fdae71f97be,G
mmlu_pro:test:5610,other,10,60,5461,b189ec765aa7ed75c8acfea42df31fdae71f97be,D
mmlu_pro:test:5611,other,10,84,5462,b189ec765aa7ed75c8acfea42df31fdae71f97be,A
mmlu_pro:test:5612,other,10,94,5463,b189ec765aa7ed75c8acfea42df31fdae71f97be,G
mmlu_pro:test:5613,other,6,142,5464,b189ec765aa7ed75c8acfea42df31fdae71f97be,F
mmlu_pro:test:5615,other,10,76,5465,b189ec765aa7ed75c8acfea42df31fdae71f97be,G
mmlu_pro:test:5616,other,10,56,5466,b189ec765aa7ed75c8acfea42df31fdae71f97be,H
mmlu_pro:test:5617,other,10,63,5467,b189ec765aa7ed75c8acfea42df31fdae71f97be,E
mmlu_pro:test:5618,other,10,61,5468,b189ec765aa7ed75c8acfea42df31fdae71f97be,J
mmlu_pro:test:5619,other,10,37,5469,b189ec765aa7ed75c8acfea42df31fdae71f97be,C
mmlu_pro:test:5620,other,10,57,5470,b189ec765aa7ed75c8acfea42df31fdae71f97be,I
mmlu_pro:test:5621,other,10,84,5471,b189ec765aa7ed75c8acfea42df31fdae71f97be,H
mmlu_pro:test:5622,other,10,283,5472,b189ec765aa7ed75c8acfea42df31fdae71f97be,B
mmlu_pro:test:5623,other,10,71,5473,b189ec765aa7ed75c8acfea42df31fdae71f97be,A
mmlu_pro:test:5624,other,10,45,5474,b189ec765aa7ed75c8acfea42df31fdae71f97be,A
mmlu_pro:test:5625,other,10,54,5475,b189ec765aa7ed75c8acfea42df31fdae71f97be,I
mmlu_pro:test:5626,other,10,73,5476,b189ec765aa7ed75c8acfea42df31fdae71f97be,E
mmlu_pro:test:5627,other,10,73,5477,b189ec765aa7ed75c8acfea42df31fdae71f97be,I
mmlu_pro:test:5628,other,8,38,5478,b189ec765aa7ed75c8acfea42df31fdae71f97be,H
mmlu_pro:test:5629,other,9,294,5479,b189ec765aa7ed75c8acfea42df31fdae71f97be,C
mmlu_pro:test:5630,other,10,96,5480,b189ec765aa7ed75c8acfea42df31fdae71f97be,D
mmlu_pro:test:5631,other,10,225,5481,b189ec765aa7ed75c8acfea42df31fdae71f97be,C
mmlu_pro:test:5632,other,10,402,5482,b189ec765aa7ed75c8acfea42df31fdae71f97be,C
mmlu_pro:test:5633,other,10,116,5483,b189ec765aa7ed75c8acfea42df31fdae71f97be,A
mmlu_pro:test:5634,other,10,328,5484,b189ec765aa7ed75c8acfea42df31fdae71f97be,D
mmlu_pro:test:5635,other,10,308,5485,b189ec765aa7ed75c8acfea42df31fdae71f97be,E
mmlu_pro:test:5636,other,10,134,5486,b189ec765aa7ed75c8acfea42df31fdae71f97be,B
mmlu_pro:test:5637,other,10,414,5487,b189ec765aa7ed75c8acfea42df31fdae71f97be,B
mmlu_pro:test:5639,other,8,98,5488,b189ec765aa7ed75c8acfea42df31fdae71f97be,B
mmlu_pro:test:5640,other,10,269,5489,b189ec765aa7ed75c8acfea42df31fdae71f97be,H
mmlu_pro:test:5641,other,10,439,5490,b189ec765aa7ed75c8acfea42df31fdae71f97be,F
mmlu_pro:test:5642,other,10,137,5491,b189ec765aa7ed75c8acfea42df31fdae71f97be,I
mmlu_pro:test:5643,other,10,129,5492,b189ec765aa7ed75c8acfea42df31fdae71f97be,D
mmlu_pro:test:5644,other,10,530,5493,b189ec765aa7ed75c8acfea42df31fdae71f97be,F
mmlu_pro:test:5645,other,10,62,5494,b189ec765aa7ed75c8acfea42df31fdae71f97be,E
mmlu_pro:test:5646,other,10,54,5495,b189ec765aa7ed75c8acfea42df31fdae71f97be,I
mmlu_pro:test:5647,other,10,100,5496,b189ec765aa7ed75c8acfea42df31fdae71f97be,A
mmlu_pro:test:5648,other,9,90,5497,b189ec765aa7ed75c8acfea42df31fdae71f97be,G
mmlu_pro:test:5649,other,4,410,5498,b189ec765aa7ed75c8acfea42df31fdae71f97be,A
mmlu_pro:test:5650,other,4,103,5499,b189ec765aa7ed75c8acfea42df31fdae71f97be,C
mmlu_pro:test:5651,other,9,120,5500,b189ec765aa7ed75c8acfea42df31fdae71f97be,D
mmlu_pro:test:5652,other,7,65,5501,b189ec765aa7ed75c8acfea42df31fdae71f97be,B
mmlu_pro:test:5653,other,10,62,5502,b189ec765aa7ed75c8acfea42df31fdae71f97be,C
mmlu_pro:test:5654,other,10,90,5503,b189ec765aa7ed75c8acfea42df31fdae71f97be,I
mmlu_pro:test:5655,other,7,77,5504,b189ec765aa7ed75c8acfea42df31fdae71f97be,D
mmlu_pro:test:5656,other,10,126,5505,b189ec765aa7ed75c8acfea42df31fdae71f97be,I
mmlu_pro:test:5657,other,4,126,5506,b189ec765aa7ed75c8acfea42df31fdae71f97be,A
mmlu_pro:test:5658,other,4,62,5507,b189ec765aa7ed75c8acfea42df31fdae71f97be,B
mmlu_pro:test:5659,other,4,16,5508,b189ec765aa7ed75c8acfea42df31fdae71f97be,A
mmlu_pro:test:5660,other,4,134,5509,b189ec765aa7ed75c8acfea42df31fdae71f97be,B
mmlu_pro:test:5661,other,8,99,5510,b189ec765aa7ed75c8acfea42df31fdae71f97be,D
mmlu_pro:test:5662,other,4,86,5511,b189ec765aa7ed75c8acfea42df31fdae71f97be,C
mmlu_pro:test:5663,other,10,98,5512,b189ec765aa7ed75c8acfea42df31fdae71f97be,G
mmlu_pro:test:5664,other,4,103,5513,b189ec765aa7ed75c8acfea42df31fdae71f97be,A
mmlu_pro:test:5665,other,4,54,5514,b189ec765aa7ed75c8acfea42df31fdae71f97be,A
mmlu_pro:test:5666,other,4,62,5515,b189ec765aa7ed75c8acfea42df31fdae71f97be,A
mmlu_pro:test:5667,other,4,62,5516,b189ec765aa7ed75c8acfea42df31fdae71f97be,B
mmlu_pro:test:5668,other,10,109,5517,b189ec765aa7ed75c8acfea42df31fdae71f97be,J
mmlu_pro:test:5669,other,8,94,5518,b189ec765aa7ed75c8acfea42df31fdae71f97be,A
mmlu_pro:test:5670,other,10,51,5519,b189ec765aa7ed75c8acfea42df31fdae71f97be,I
mmlu_pro:test:5672,other,10,77,5520,b189ec765aa7ed75c8acfea42df31fdae71f97be,F
mmlu_pro:test:5673,other,10,48,5521,b189ec765aa7ed75c8acfea42df31fdae71f97be,H
mmlu_pro:test:5674,other,10,42,5522,b189ec765aa7ed75c8acfea42df31fdae71f97be,B
mmlu_pro:test:5675,other,10,22,5523,b189ec765aa7ed75c8acfea42df31fdae71f97be,H
mmlu_pro:test:5676,other,10,71,5524,b189ec765aa7ed75c8acfea42df31fdae71f97be,G
mmlu_pro:test:5677,other,10,87,5525,b189ec765aa7ed75c8acfea42df31fdae71f97be,D
mmlu_pro:test:5678,other,10,96,5526,b189ec765aa7ed75c8acfea42df31fdae71f97be,J
mmlu_pro:test:5679,other,10,84,5527,b189ec765aa7ed75c8acfea42df31fdae71f97be,D
mmlu_pro:test:5680,other,10,66,5528,b189ec765aa7ed75c8acfea42df31fdae71f97be,J
mmlu_pro:test:5681,other,10,65,5529,b189ec765aa7ed75c8acfea42df31fdae71f97be,G
mmlu_pro:test:5682,other,10,95,5530,b189ec765aa7ed75c8acfea42df31fdae71f97be,B
mmlu_pro:test:5683,other,10,131,5531,b189ec765aa7ed75c8acfea42df31fdae71f97be,F
mmlu_pro:test:5684,other,10,129,5532,b189ec765aa7ed75c8acfea42df31fdae71f97be,C
mmlu_pro:test:5686,other,10,141,5533,b189ec765aa7ed75c8acfea42df31fdae71f97be,C
mmlu_pro:test:5687,other,10,94,5534,b189ec765aa7ed75c8acfea42df31fdae71f97be,D
mmlu_pro:test:5688,other,10,61,5535,b189ec765aa7ed75c8acfea42df31fdae71f97be,B
mmlu_pro:test:5689,other,10,95,5536,b189ec765aa7ed75c8acfea42df31fdae71f97be,H
mmlu_pro:test:5690,other,10,118,5537,b189ec765aa7ed75c8acfea42df31fdae71f97be,G
mmlu_pro:test:5692,other,10,45,5538,b189ec765aa7ed75c8acfea42df31fdae71f97be,E
mmlu_pro:test:5693,other,10,74,5539,b189ec765aa7ed75c8acfea42df31fdae71f97be,F
mmlu_pro:test:5694,other,10,120,5540,b189ec765aa7ed75c8acfea42df31fdae71f97be,H
mmlu_pro:test:5695,other,10,54,5541,b189ec765aa7ed75c8acfea42df31fdae71f97be,E
mmlu_pro:test:5696,other,7,58,5542,b189ec765aa7ed75c8acfea42df31fdae71f97be,G
mmlu_pro:test:5697,other,10,67,5543,b189ec765aa7ed75c8acfea42df31fdae71f97be,A
mmlu_pro:test:5698,other,7,31,5544,b189ec765aa7ed75c8acfea42df31fdae71f97be,D
mmlu_pro:test:5699,other,10,84,5545,b189ec765aa7ed75c8acfea42df31fdae71f97be,E
mmlu_pro:test:5700,other,9,46,5546,b189ec765aa7ed75c8acfea42df31fdae71f97be,B
mmlu_pro:test:5701,other,10,41,5547,b189ec765aa7ed75c8acfea42df31fdae71f97be,G
mmlu_pro:test:5702,other,10,83,5548,b189ec765aa7ed75c8acfea42df31fdae71f97be,A
mmlu_pro:test:5703,other,10,85,5549,b189ec765aa7ed75c8acfea42df31fdae71f97be,D
mmlu_pro:test:5704,other,10,89,5550,b189ec765aa7ed75c8acfea42df31fdae71f97be,B
mmlu_pro:test:5705,other,10,212,5551,b189ec765aa7ed75c8acfea42df31fdae71f97be,F
mmlu_pro:test:5706,other,10,98,5552,b189ec765aa7ed75c8acfea42df31fdae71f97be,H
mmlu_pro:test:5707,other,10,91,5553,b189ec765aa7ed75c8acfea42df31fdae71f97be,B
mmlu_pro:test:5708,other,10,89,5554,b189ec765aa7ed75c8acfea42df31fdae71f97be,E
mmlu_pro:test:5709,other,10,447,5555,b189ec765aa7ed75c8acfea42df31fdae71f97be,E
mmlu_pro:test:5710,other,10,397,5556,b189ec765aa7ed75c8acfea42df31fdae71f97be,E
mmlu_pro:test:5711,other,10,166,5557,b189ec765aa7ed75c8acfea42df31fdae71f97be,H
mmlu_pro:test:5712,other,10,123,5558,b189ec765aa7ed75c8acfea42df31fdae71f97be,E
mmlu_pro:test:5713,other,5,121,5559,b189ec765aa7ed75c8acfea42df31fdae71f97be,E
mmlu_pro:test:5714,other,10,199,5560,b189ec765aa7ed75c8acfea42df31fdae71f97be,J
mmlu_pro:test:5715,other,10,463,5561,b189ec765aa7ed75c8acfea42df31fdae71f97be,G
mmlu_pro:test:5716,other,10,306,5562,b189ec765aa7ed75c8acfea42df31fdae71f97be,I
mmlu_pro:test:5717,other,10,321,5563,b189ec765aa7ed75c8acfea42df31fdae71f97be,E
mmlu_pro:test:5718,other,10,398,5564,b189ec765aa7ed75c8acfea42df31fdae71f97be,C
mmlu_pro:test:5719,other,10,342,5565,b189ec765aa7ed75c8acfea42df31fdae71f97be,C
mmlu_pro:test:5721,other,10,91,5567,b189ec765aa7ed75c8acfea42df31fdae71f97be,C
mmlu_pro:test:5723,other,9,105,5568,b189ec765aa7ed75c8acfea42df31fdae71f97be,A
mmlu_pro:test:5724,other,9,66,5569,b189ec765aa7ed75c8acfea42df31fdae71f97be,G
mmlu_pro:test:5725,other,10,65,5570,b189ec765aa7ed75c8acfea42df31fdae71f97be,C
mmlu_pro:test:5726,other,9,66,5571,b189ec765aa7ed75c8acfea42df31fdae71f97be,F
mmlu_pro:test:5727,other,10,116,5572,b189ec765aa7ed75c8acfea42df31fdae71f97be,A
mmlu_pro:test:5728,other,10,183,5573,b189ec765aa7ed75c8acfea42df31fdae71f97be,D
mmlu_pro:test:5729,other,10,120,5574,b189ec765aa7ed75c8acfea42df31fdae71f97be,E
mmlu_pro:test:5730,other,9,90,5575,b189ec765aa7ed75c8acfea42df31fdae71f97be,I
mmlu_pro:test:5731,other,9,42,5576,b189ec765aa7ed75c8acfea42df31fdae71f97be,C
mmlu_pro:test:5732,other,10,42,5577,b189ec765aa7ed75c8acfea42df31fdae71f97be,G
mmlu_pro:test:5733,other,10,64,5578,b189ec765aa7ed75c8acfea42df31fdae71f97be,J
mmlu_pro:test:5734,other,9,77,5579,b189ec765aa7ed75c8acfea42df31fdae71f97be,E
mmlu_pro:test:5735,other,10,64,5580,b189ec765aa7ed75c8acfea42df31fdae71f97be,F
mmlu_pro:test:5736,other,6,95,5581,b189ec765aa7ed75c8acfea42df31fdae71f97be,F
mmlu_pro:test:5737,other,8,77,5582,b189ec765aa7ed75c8acfea42df31fdae71f97be,E
mmlu_pro:test:5738,other,8,71,5583,b189ec765aa7ed75c8acfea42df31fdae71f97be,F
mmlu_pro:test:5739,other,4,109,5584,b189ec765aa7ed75c8acfea42df31fdae71f97be,B
mmlu_pro:test:5740,other,10,118,5585,b189ec765aa7ed75c8acfea42df31fdae71f97be,I
mmlu_pro:test:5742,other,9,78,5587,b189ec765aa7ed75c8acfea42df31fdae71f97be,B
mmlu_pro:test:5743,other,4,54,5588,b189ec765aa7ed75c8acfea42df31fdae71f97be,C
mmlu_pro:test:5744,other,9,137,5589,b189ec765aa7ed75c8acfea42df31fdae71f97be,I
mmlu_pro:test:5745,other,10,121,5590,b189ec765aa7ed75c8acfea42df31fdae71f97be,A
mmlu_pro:test:5746,other,9,48,5591,b189ec765aa7ed75c8acfea42df31fdae71f97be,B
mmlu_pro:test:5747,other,10,370,5592,b189ec765aa7ed75c8acfea42df31fdae71f97be,A
mmlu_pro:test:5748,other,10,31,5593,b189ec765aa7ed75c8acfea42df31fdae71f97be,J
mmlu_pro:test:5749,other,10,220,5594,b189ec765aa7ed75c8acfea42df31fdae71f97be,D
mmlu_pro:test:5750,other,10,92,5595,b189ec765aa7ed75c8acfea42df31fdae71f97be,H
mmlu_pro:test:5751,other,10,279,5596,b189ec765aa7ed75c8acfea42df31fdae71f97be,E
mmlu_pro:test:5752,other,10,307,5597,b189ec765aa7ed75c8acfea42df31fdae71f97be,H
mmlu_pro:test:5753,other,10,105,5598,b189ec765aa7ed75c8acfea42df31fdae71f97be,F
mmlu_pro:test:5754,other,10,61,5599,b189ec765aa7ed75c8acfea42df31fdae71f97be,F
mmlu_pro:test:5755,other,10,92,5600,b189ec765aa7ed75c8acfea42df31fdae71f97be,G
mmlu_pro:test:5756,other,10,85,5601,b189ec765aa7ed75c8acfea42df31fdae71f97be,G
mmlu_pro:test:5757,other,10,53,5602,b189ec765aa7ed75c8acfea42df31fdae71f97be,F
mmlu_pro:test:5758,other,10,33,5603,b189ec765aa7ed75c8acfea42df31fdae71f97be,E
mmlu_pro:test:5759,other,10,138,5604,b189ec765aa7ed75c8acfea42df31fdae71f97be,A
mmlu_pro:test:5760,other,10,38,5605,b189ec765aa7ed75c8acfea42df31fdae71f97be,F
mmlu_pro:test:5761,other,10,57,5606,b189ec765aa7ed75c8acfea42df31fdae71f97be,J
mmlu_pro:test:5762,other,4,56,5607,b189ec765aa7ed75c8acfea42df31fdae71f97be,B
mmlu_pro:test:5763,other,10,59,5608,b189ec765aa7ed75c8acfea42df31fdae71f97be,B
mmlu_pro:test:5764,other,10,53,5609,b189ec765aa7ed75c8acfea42df31fdae71f97be,C
mmlu_pro:test:5765,other,10,69,5610,b189ec765aa7ed75c8acfea42df31fdae71f97be,F
mmlu_pro:test:5767,other,10,62,5612,b189ec765aa7ed75c8acfea42df31fdae71f97be,G
mmlu_pro:test:5768,other,8,147,5613,b189ec765aa7ed75c8acfea42df31fdae71f97be,E
mmlu_pro:test:5769,other,8,375,5614,b189ec765aa7ed75c8acfea42df31fdae71f97be,B
mmlu_pro:test:5770,other,10,161,5615,b189ec765aa7ed75c8acfea42df31fdae71f97be,D
mmlu_pro:test:5771,other,10,84,5616,b189ec765aa7ed75c8acfea42df31fdae71f97be,A
mmlu_pro:test:5772,other,10,57,5617,b189ec765aa7ed75c8acfea42df31fdae71f97be,A
mmlu_pro:test:5773,other,10,449,5618,b189ec765aa7ed75c8acfea42df31fdae71f97be,G
mmlu_pro:test:5774,other,6,68,5619,b189ec765aa7ed75c8acfea42df31fdae71f97be,C
mmlu_pro:test:5775,other,10,303,5620,b189ec765aa7ed75c8acfea42df31fdae71f97be,D
mmlu_pro:test:5776,other,9,155,5621,b189ec765aa7ed75c8acfea42df31fdae71f97be,H
mmlu_pro:test:5778,other,9,80,5623,b189ec765aa7ed75c8acfea42df31fdae71f97be,D
mmlu_pro:test:5779,other,10,465,5624,b189ec765aa7ed75c8acfea42df31fdae71f97be,D
mmlu_pro:test:5780,other,4,193,5625,b189ec765aa7ed75c8acfea42df31fdae71f97be,A
mmlu_pro:test:5781,other,4,164,5626,b189ec765aa7ed75c8acfea42df31fdae71f97be,C
mmlu_pro:test:5782,other,8,259,5627,b189ec765aa7ed75c8acfea42df31fdae71f97be,H
mmlu_pro:test:5784,other,10,369,5628,b189ec765aa7ed75c8acfea42df31fdae71f97be,H
mmlu_pro:test:5785,other,10,118,5629,b189ec765aa7ed75c8acfea42df31fdae71f97be,H
mmlu_pro:test:5786,other,10,141,5630,b189ec765aa7ed75c8acfea42df31fdae71f97be,G
mmlu_pro:test:5787,other,10,127,5631,b189ec765aa7ed75c8acfea42df31fdae71f97be,G
mmlu_pro:test:5788,other,10,38,5632,b189ec765aa7ed75c8acfea42df31fdae71f97be,F
mmlu_pro:test:5789,other,10,49,5633,b189ec765aa7ed75c8acfea42df31fdae71f97be,H
mmlu_pro:test:5790,other,10,56,5634,b189ec765aa7ed75c8acfea42df31fdae71f97be,I
mmlu_pro:test:5791,other,10,96,5635,b189ec765aa7ed75c8acfea42df31fdae71f97be,A
mmlu_pro:test:5792,other,10,67,5636,b189ec765aa7ed75c8acfea42df31fdae71f97be,D
mmlu_pro:test:5793,other,10,565,5637,b189ec765aa7ed75c8acfea42df31fdae71f97be,C
mmlu_pro:test:5794,other,4,135,5638,b189ec765aa7ed75c8acfea42df31fdae71f97be,B
mmlu_pro:test:5795,other,10,139,5639,b189ec765aa7ed75c8acfea42df31fdae71f97be,E
mmlu_pro:test:5797,other,8,84,5641,b189ec765aa7ed75c8acfea42df31fdae71f97be,F
mmlu_pro:test:5798,other,9,29,5642,b189ec765aa7ed75c8acfea42df31fdae71f97be,F
mmlu_pro:test:5799,other,4,128,5643,b189ec765aa7ed75c8acfea42df31fdae71f97be,A
mmlu_pro:test:5800,other,10,98,5644,b189ec765aa7ed75c8acfea42df31fdae71f97be,A
mmlu_pro:test:5801,other,7,99,5645,b189ec765aa7ed75c8acfea42df31fdae71f97be,C
mmlu_pro:test:5803,other,10,54,5646,b189ec765aa7ed75c8acfea42df31fdae71f97be,J
mmlu_pro:test:5804,other,10,59,5647,b189ec765aa7ed75c8acfea42df31fdae71f97be,C
mmlu_pro:test:5805,other,10,88,5648,b189ec765aa7ed75c8acfea42df31fdae71f97be,I
mmlu_pro:test:5806,other,10,81,5649,b189ec765aa7ed75c8acfea42df31fdae71f97be,G
mmlu_pro:test:5808,other,10,143,5651,b189ec765aa7ed75c8acfea42df31fdae71f97be,G
mmlu_pro:test:5809,other,10,87,5652,b189ec765aa7ed75c8acfea42df31fdae71f97be,G
mmlu_pro:test:5810,other,10,107,5653,b189ec765aa7ed75c8acfea42df31fdae71f97be,B
mmlu_pro:test:5812,other,10,66,5655,b189ec765aa7ed75c8acfea42df31fdae71f97be,B
mmlu_pro:test:5813,other,10,44,5656,b189ec765aa7ed75c8acfea42df31fdae71f97be,G
mmlu_pro:test:5814,other,10,35,5657,b189ec765aa7ed75c8acfea42df31fdae71f97be,J
mmlu_pro:test:5815,other,10,60,5658,b189ec765aa7ed75c8acfea42df31fdae71f97be,D
mmlu_pro:test:5816,other,10,89,5659,b189ec765aa7ed75c8acfea42df31fdae71f97be,C
mmlu_pro:test:5817,other,10,95,5660,b189ec765aa7ed75c8acfea42df31fdae71f97be,G
mmlu_pro:test:5818,other,10,113,5661,b189ec765aa7ed75c8acfea42df31fdae71f97be,I
mmlu_pro:test:5819,other,4,66,5662,b189ec765aa7ed75c8acfea42df31fdae71f97be,D
mmlu_pro:test:5820,other,10,407,5663,b189ec765aa7ed75c8acfea42df31fdae71f97be,E
mmlu_pro:test:5821,other,10,53,5664,b189ec765aa7ed75c8acfea42df31fdae71f97be,I
mmlu_pro:test:5822,other,10,142,5665,b189ec765aa7ed75c8acfea42df31fdae71f97be,J
mmlu_pro:test:5823,other,10,259,5666,b189ec765aa7ed75c8acfea42df31fdae71f97be,H
mmlu_pro:test:5824,other,10,39,5667,b189ec765aa7ed75c8acfea42df31fdae71f97be,D
mmlu_pro:test:5825,other,10,81,5668,b189ec765aa7ed75c8acfea42df31fdae71f97be,I
mmlu_pro:test:5826,other,10,209,5669,b189ec765aa7ed75c8acfea42df31fdae71f97be,E
mmlu_pro:test:5827,other,10,52,5670,b189ec765aa7ed75c8acfea42df31fdae71f97be,H
mmlu_pro:test:5828,other,10,100,5671,b189ec765aa7ed75c8acfea42df31fdae71f97be,C
mmlu_pro:test:5829,other,10,78,5672,b189ec765aa7ed75c8acfea42df31fdae71f97be,B
mmlu_pro:test:5830,other,10,42,5673,b189ec765aa7ed75c8acfea42df31fdae71f97be,E
mmlu_pro:test:5831,other,10,54,5674,b189ec765aa7ed75c8acfea42df31fdae71f97be,D
mmlu_pro:test:5832,other,9,76,5675,b189ec765aa7ed75c8acfea42df31fdae71f97be,E
mmlu_pro:test:5833,other,10,45,5676,b189ec765aa7ed75c8acfea42df31fdae71f97be,A
mmlu_pro:test:5834,other,7,95,5677,b189ec765aa7ed75c8acfea42df31fdae71f97be,F
mmlu_pro:test:5837,other,10,74,5679,b189ec765aa7ed75c8acfea42df31fdae71f97be,B
mmlu_pro:test:5838,other,10,471,5680,b189ec765aa7ed75c8acfea42df31fdae71f97be,B
mmlu_pro:test:5839,other,10,430,5681,b189ec765aa7ed75c8acfea42df31fdae71f97be,D
mmlu_pro:test:5840,other,10,381,5682,b189ec765aa7ed75c8acfea42df31fdae71f97be,C
mmlu_pro:test:5841,other,10,134,5683,b189ec765aa7ed75c8acfea42df31fdae71f97be,D
mmlu_pro:test:5842,other,10,216,5684,b189ec765aa7ed75c8acfea42df31fdae71f97be,D
mmlu_pro:test:5843,other,10,125,5685,b189ec765aa7ed75c8acfea42df31fdae71f97be,I
mmlu_pro:test:5844,other,10,227,5686,b189ec765aa7ed75c8acfea42df31fdae71f97be,A
mmlu_pro:test:5846,other,10,278,5688,b189ec765aa7ed75c8acfea42df31fdae71f97be,F
mmlu_pro:test:5847,other,8,178,5689,b189ec765aa7ed75c8acfea42df31fdae71f97be,C
mmlu_pro:test:5848,other,10,311,5690,b189ec765aa7ed75c8acfea42df31fdae71f97be,J
mmlu_pro:test:5849,other,8,132,5691,b189ec765aa7ed75c8acfea42df31fdae71f97be,H
mmlu_pro:test:5850,other,10,519,5692,b189ec765aa7ed75c8acfea42df31fdae71f97be,E
mmlu_pro:test:5851,other,10,345,5693,b189ec765aa7ed75c8acfea42df31fdae71f97be,I
mmlu_pro:test:5852,other,10,410,5694,b189ec765aa7ed75c8acfea42df31fdae71f97be,B
mmlu_pro:test:5853,other,10,176,5695,b189ec765aa7ed75c8acfea42df31fdae71f97be,D
mmlu_pro:test:5854,other,8,62,5696,b189ec765aa7ed75c8acfea42df31fdae71f97be,A
mmlu_pro:test:5855,other,8,40,5697,b189ec765aa7ed75c8acfea42df31fdae71f97be,D
mmlu_pro:test:5856,other,10,201,5698,b189ec765aa7ed75c8acfea42df31fdae71f97be,B
mmlu_pro:test:5857,other,9,52,5699,b189ec765aa7ed75c8acfea42df31fdae71f97be,D
mmlu_pro:test:5858,other,10,150,5700,b189ec765aa7ed75c8acfea42df31fdae71f97be,J
mmlu_pro:test:5859,other,4,125,5701,b189ec765aa7ed75c8acfea42df31fdae71f97be,C
mmlu_pro:test:5860,other,9,76,5702,b189ec765aa7ed75c8acfea42df31fdae71f97be,H
mmlu_pro:test:5861,other,4,70,5703,b189ec765aa7ed75c8acfea42df31fdae71f97be,A
mmlu_pro:test:5862,other,4,58,5704,b189ec765aa7ed75c8acfea42df31fdae71f97be,C
mmlu_pro:test:5863,other,10,65,5705,b189ec765aa7ed75c8acfea42df31fdae71f97be,D
mmlu_pro:test:5864,other,4,53,5706,b189ec765aa7ed75c8acfea42df31fdae71f97be,C
mmlu_pro:test:5865,other,4,95,5707,b189ec765aa7ed75c8acfea42df31fdae71f97be,A
mmlu_pro:test:5866,other,8,105,5708,b189ec765aa7ed75c8acfea42df31fdae71f97be,G
mmlu_pro:test:5868,other,4,124,5710,b189ec765aa7ed75c8acfea42df31fdae71f97be,C
mmlu_pro:test:5869,other,10,58,5711,b189ec765aa7ed75c8acfea42df31fdae71f97be,D
mmlu_pro:test:5870,other,10,29,5712,b189ec765aa7ed75c8acfea42df31fdae71f97be,G
mmlu_pro:test:5871,other,10,67,5713,b189ec765aa7ed75c8acfea42df31fdae71f97be,G
mmlu_pro:test:5872,other,10,196,5714,b189ec765aa7ed75c8acfea42df31fdae71f97be,E
mmlu_pro:test:5873,other,9,32,5715,b189ec765aa7ed75c8acfea42df31fdae71f97be,A
mmlu_pro:test:5874,other,10,42,5716,b189ec765aa7ed75c8acfea42df31fdae71f97be,J
mmlu_pro:test:5875,other,7,97,5717,b189ec765aa7ed75c8acfea42df31fdae71f97be,G
mmlu_pro:test:5876,other,10,42,5718,b189ec765aa7ed75c8acfea42df31fdae71f97be,J
mmlu_pro:test:5877,other,8,45,5719,b189ec765aa7ed75c8acfea42df31fdae71f97be,B
mmlu_pro:test:5878,other,10,305,5720,b189ec765aa7ed75c8acfea42df31fdae71f97be,B
mmlu_pro:test:5879,other,10,273,5721,b189ec765aa7ed75c8acfea42df31fdae71f97be,H
mmlu_pro:test:5880,other,10,66,5722,b189ec765aa7ed75c8acfea42df31fdae71f97be,E
mmlu_pro:test:5881,other,10,199,5723,b189ec765aa7ed75c8acfea42df31fdae71f97be,H
mmlu_pro:test:5882,other,10,118,5724,b189ec765aa7ed75c8acfea42df31fdae71f97be,F
mmlu_pro:test:5883,other,10,74,5725,b189ec765aa7ed75c8acfea42df31fdae71f97be,J
mmlu_pro:test:5884,other,10,93,5726,b189ec765aa7ed75c8acfea42df31fdae71f97be,G
mmlu_pro:test:5885,other,10,51,5727,b189ec765aa7ed75c8acfea42df31fdae71f97be,J
mmlu_pro:test:5887,other,10,74,5729,b189ec765aa7ed75c8acfea42df31fdae71f97be,J
mmlu_pro:test:5888,other,10,55,5730,b189ec765aa7ed75c8acfea42df31fdae71f97be,D
mmlu_pro:test:5889,other,10,79,5731,b189ec765aa7ed75c8acfea42df31fdae71f97be,E
mmlu_pro:test:5890,other,10,42,5732,b189ec765aa7ed75c8acfea42df31fdae71f97be,H
mmlu_pro:test:5891,other,6,50,5733,b189ec765aa7ed75c8acfea42df31fdae71f97be,E
mmlu_pro:test:5892,other,10,55,5734,b189ec765aa7ed75c8acfea42df31fdae71f97be,F
mmlu_pro:test:5893,other,10,70,5735,b189ec765aa7ed75c8acfea42df31fdae71f97be,D
mmlu_pro:test:5894,other,10,53,5736,b189ec765aa7ed75c8acfea42df31fdae71f97be,B
mmlu_pro:test:5895,other,10,71,5737,b189ec765aa7ed75c8acfea42df31fdae71f97be,J
mmlu_pro:test:5896,other,10,135,5738,b189ec765aa7ed75c8acfea42df31fdae71f97be,B
mmlu_pro:test:5897,other,10,45,5739,b189ec765aa7ed75c8acfea42df31fdae71f97be,H
mmlu_pro:test:5898,other,10,103,5740,b189ec765aa7ed75c8acfea42df31fdae71f97be,D
mmlu_pro:test:5899,other,10,54,5741,b189ec765aa7ed75c8acfea42df31fdae71f97be,C
mmlu_pro:test:5900,other,10,86,5742,b189ec765aa7ed75c8acfea42df31fdae71f97be,J
mmlu_pro:test:5901,other,4,80,5743,b189ec765aa7ed75c8acfea42df31fdae71f97be,A
mmlu_pro:test:5902,other,10,48,5744,b189ec765aa7ed75c8acfea42df31fdae71f97be,I
mmlu_pro:test:5903,other,10,250,5745,b189ec765aa7ed75c8acfea42df31fdae71f97be,I
mmlu_pro:test:5904,other,10,75,5746,b189ec765aa7ed75c8acfea42df31fdae71f97be,C
mmlu_pro:test:5905,other,10,44,5747,b189ec765aa7ed75c8acfea42df31fdae71f97be,G
mmlu_pro:test:5906,other,10,153,5748,b189ec765aa7ed75c8acfea42df31fdae71f97be,J
mmlu_pro:test:5907,other,10,237,5749,b189ec765aa7ed75c8acfea42df31fdae71f97be,C
mmlu_pro:test:5908,other,10,241,5750,b189ec765aa7ed75c8acfea42df31fdae71f97be,J
mmlu_pro:test:5910,other,10,169,5752,b189ec765aa7ed75c8acfea42df31fdae71f97be,H
mmlu_pro:test:5911,other,10,351,5753,b189ec765aa7ed75c8acfea42df31fdae71f97be,D
mmlu_pro:test:5912,other,10,125,5754,b189ec765aa7ed75c8acfea42df31fdae71f97be,I
mmlu_pro:test:5913,other,10,161,5755,b189ec765aa7ed75c8acfea42df31fdae71f97be,H
mmlu_pro:test:5914,other,10,322,5756,b189ec765aa7ed75c8acfea42df31fdae71f97be,H
mmlu_pro:test:5915,other,8,98,5757,b189ec765aa7ed75c8acfea42df31fdae71f97be,E
mmlu_pro:test:5916,other,8,182,5758,b189ec765aa7ed75c8acfea42df31fdae71f97be,G
mmlu_pro:test:5917,other,10,209,5759,b189ec765aa7ed75c8acfea42df31fdae71f97be,C
mmlu_pro:test:5918,other,9,161,5760,b189ec765aa7ed75c8acfea42df31fdae71f97be,H
mmlu_pro:test:5919,other,10,120,5761,b189ec765aa7ed75c8acfea42df31fdae71f97be,B
mmlu_pro:test:5920,other,10,619,5762,b189ec765aa7ed75c8acfea42df31fdae71f97be,C
mmlu_pro:test:5921,other,10,189,5763,b189ec765aa7ed75c8acfea42df31fdae71f97be,F
mmlu_pro:test:5922,other,8,78,5764,b189ec765aa7ed75c8acfea42df31fdae71f97be,H
mmlu_pro:test:5923,other,10,323,5765,b189ec765aa7ed75c8acfea42df31fdae71f97be,E
mmlu_pro:test:5924,other,10,436,5766,b189ec765aa7ed75c8acfea42df31fdae71f97be,G
mmlu_pro:test:5926,other,9,39,5767,b189ec765aa7ed75c8acfea42df31fdae71f97be,E
mmlu_pro:test:5927,other,10,78,5768,b189ec765aa7ed75c8acfea42df31fdae71f97be,H
mmlu_pro:test:5928,other,10,147,5769,b189ec765aa7ed75c8acfea42df31fdae71f97be,J
mmlu_pro:test:5929,other,8,43,5770,b189ec765aa7ed75c8acfea42df31fdae71f97be,H
mmlu_pro:test:5930,other,6,70,5771,b189ec765aa7ed75c8acfea42df31fdae71f97be,B
mmlu_pro:test:5931,other,10,147,5772,b189ec765aa7ed75c8acfea42df31fdae71f97be,J
mmlu_pro:test:5932,other,10,92,5773,b189ec765aa7ed75c8acfea42df31fdae71f97be,F
mmlu_pro:test:5933,other,10,96,5774,b189ec765aa7ed75c8acfea42df31fdae71f97be,B
mmlu_pro:test:5934,other,10,123,5775,b189ec765aa7ed75c8acfea42df31fdae71f97be,E
mmlu_pro:test:5935,other,9,49,5776,b189ec765aa7ed75c8acfea42df31fdae71f97be,B
mmlu_pro:test:5936,other,7,119,5777,b189ec765aa7ed75c8acfea42df31fdae71f97be,F
mmlu_pro:test:5937,other,7,76,5778,b189ec765aa7ed75c8acfea42df31fdae71f97be,G
mmlu_pro:test:5938,other,10,84,5779,b189ec765aa7ed75c8acfea42df31fdae71f97be,F
mmlu_pro:test:5939,other,8,69,5780,b189ec765aa7ed75c8acfea42df31fdae71f97be,E
mmlu_pro:test:5940,other,7,42,5781,b189ec765aa7ed75c8acfea42df31fdae71f97be,C
mmlu_pro:test:5941,other,8,139,5782,b189ec765aa7ed75c8acfea42df31fdae71f97be,E
mmlu_pro:test:5942,other,9,80,5783,b189ec765aa7ed75c8acfea42df31fdae71f97be,G
mmlu_pro:test:5943,other,4,106,5784,b189ec765aa7ed75c8acfea42df31fdae71f97be,A
mmlu_pro:test:5944,other,10,61,5785,b189ec765aa7ed75c8acfea42df31fdae71f97be,F
mmlu_pro:test:5945,other,10,15,5786,b189ec765aa7ed75c8acfea42df31fdae71f97be,I
mmlu_pro:test:5946,other,10,66,5787,b189ec765aa7ed75c8acfea42df31fdae71f97be,E
mmlu_pro:test:5947,other,9,130,5788,b189ec765aa7ed75c8acfea42df31fdae71f97be,H
mmlu_pro:test:5949,other,10,96,5790,b189ec765aa7ed75c8acfea42df31fdae71f97be,B
mmlu_pro:test:5950,other,10,168,5791,b189ec765aa7ed75c8acfea42df31fdae71f97be,G
mmlu_pro:test:5951,other,10,192,5792,b189ec765aa7ed75c8acfea42df31fdae71f97be,I
mmlu_pro:test:5952,other,10,104,5793,b189ec765aa7ed75c8acfea42df31fdae71f97be,G
mmlu_pro:test:5953,other,10,348,5794,b189ec765aa7ed75c8acfea42df31fdae71f97be,F
mmlu_pro:test:5954,other,10,62,5795,b189ec765aa7ed75c8acfea42df31fdae71f97be,J
mmlu_pro:test:5955,other,10,68,5796,b189ec765aa7ed75c8acfea42df31fdae71f97be,C
mmlu_pro:test:5956,other,10,78,5797,b189ec765aa7ed75c8acfea42df31fdae71f97be,G
mmlu_pro:test:5957,other,10,103,5798,b189ec765aa7ed75c8acfea42df31fdae71f97be,A
mmlu_pro:test:5958,other,10,105,5799,b189ec765aa7ed75c8acfea42df31fdae71f97be,J
mmlu_pro:test:5959,other,10,75,5800,b189ec765aa7ed75c8acfea42df31fdae71f97be,H
mmlu_pro:test:5960,other,10,89,5801,b189ec765aa7ed75c8acfea42df31fdae71f97be,G
mmlu_pro:test:5961,other,10,84,5802,b189ec765aa7ed75c8acfea42df31fdae71f97be,I
mmlu_pro:test:5962,other,10,70,5803,b189ec765aa7ed75c8acfea42df31fdae71f97be,D
mmlu_pro:test:5963,other,10,105,5804,b189ec765aa7ed75c8acfea42df31fdae71f97be,D
mmlu_pro:test:5964,other,10,97,5805,b189ec765aa7ed75c8acfea42df31fdae71f97be,H
mmlu_pro:test:5965,other,10,73,5806,b189ec765aa7ed75c8acfea42df31fdae71f97be,H
mmlu_pro:test:5966,other,10,58,5807,b189ec765aa7ed75c8acfea42df31fdae71f97be,A
mmlu_pro:test:5967,other,10,58,5808,b189ec765aa7ed75c8acfea42df31fdae71f97be,A
mmlu_pro:test:5968,other,10,95,5809,b189ec765aa7ed75c8acfea42df31fdae71f97be,C
mmlu_pro:test:5969,other,10,83,5810,b189ec765aa7ed75c8acfea42df31fdae71f97be,H
mmlu_pro:test:5970,other,10,47,5811,b189ec765aa7ed75c8acfea42df31fdae71f97be,B
mmlu_pro:test:5971,other,10,70,5812,b189ec765aa7ed75c8acfea42df31fdae71f97be,C
mmlu_pro:test:5972,other,10,128,5813,b189ec765aa7ed75c8acfea42df31fdae71f97be,E
mmlu_pro:test:5973,other,10,74,5814,b189ec765aa7ed75c8acfea42df31fdae71f97be,G
mmlu_pro:test:5974,other,10,71,5815,b189ec765aa7ed75c8acfea42df31fdae71f97be,H
mmlu_pro:test:5975,other,10,126,5816,b189ec765aa7ed75c8acfea42df31fdae71f97be,B
mmlu_pro:test:5976,other,10,73,5817,b189ec765aa7ed75c8acfea42df31fdae71f97be,F
mmlu_pro:test:5977,other,8,140,5818,b189ec765aa7ed75c8acfea42df31fdae71f97be,B
mmlu_pro:test:5978,other,10,59,5819,b189ec765aa7ed75c8acfea42df31fdae71f97be,E
mmlu_pro:test:5979,other,10,84,5820,b189ec765aa7ed75c8acfea42df31fdae71f97be,J
mmlu_pro:test:5980,other,10,47,5821,b189ec765aa7ed75c8acfea42df31fdae71f97be,G
mmlu_pro:test:5981,other,10,187,5822,b189ec765aa7ed75c8acfea42df31fdae71f97be,F
mmlu_pro:test:5982,other,10,410,5823,b189ec765aa7ed75c8acfea42df31fdae71f97be,D
mmlu_pro:test:5983,other,10,321,5824,b189ec765aa7ed75c8acfea42df31fdae71f97be,D
mmlu_pro:test:5984,other,9,180,5825,b189ec765aa7ed75c8acfea42df31fdae71f97be,A
mmlu_pro:test:5985,other,10,256,5826,b189ec765aa7ed75c8acfea42df31fdae71f97be,B
mmlu_pro:test:5986,other,10,227,5827,b189ec765aa7ed75c8acfea42df31fdae71f97be,I
mmlu_pro:test:5987,other,10,105,5828,b189ec765aa7ed75c8acfea42df31fdae71f97be,E
mmlu_pro:test:5988,other,10,347,5829,b189ec765aa7ed75c8acfea42df31fdae71f97be,H
mmlu_pro:test:5989,other,10,219,5830,b189ec765aa7ed75c8acfea42df31fdae71f97be,J
mmlu_pro:test:5990,other,10,138,5831,b189ec765aa7ed75c8acfea42df31fdae71f97be,A
mmlu_pro:test:5991,other,10,298,5832,b189ec765aa7ed75c8acfea42df31fdae71f97be,B
mmlu_pro:test:5992,other,8,69,5833,b189ec765aa7ed75c8acfea42df31fdae71f97be,H
mmlu_pro:test:5994,other,10,61,5835,b189ec765aa7ed75c8acfea42df31fdae71f97be,F
mmlu_pro:test:5995,other,10,84,5836,b189ec765aa7ed75c8acfea42df31fdae71f97be,C
mmlu_pro:test:5996,other,9,94,5837,b189ec765aa7ed75c8acfea42df31fdae71f97be,I
mmlu_pro:test:5997,other,10,97,5838,b189ec765aa7ed75c8acfea42df31fdae71f97be,I
mmlu_pro:test:5998,other,9,100,5839,b189ec765aa7ed75c8acfea42df31fdae71f97be,B
mmlu_pro:test:5999,other,9,102,5840,b189ec765aa7ed75c8acfea42df31fdae71f97be,F
mmlu_pro:test:6000,other,9,45,5841,b189ec765aa7ed75c8acfea42df31fdae71f97be,I
mmlu_pro:test:6001,health,7,50,5842,b189ec765aa7ed75c8acfea42df31fdae71f97be,E
mmlu_pro:test:6002,health,4,52,5843,b189ec765aa7ed75c8acfea42df31fdae71f97be,C
mmlu_pro:test:6003,health,10,31,5844,b189ec765aa7ed75c8acfea42df31fdae71f97be,I
mmlu_pro:test:6004,health,10,84,5845,b189ec765aa7ed75c8acfea42df31fdae71f97be,F
mmlu_pro:test:6005,health,10,50,5846,b189ec765aa7ed75c8acfea42df31fdae71f97be,D
mmlu_pro:test:6006,health,8,63,5847,b189ec765aa7ed75c8acfea42df31fdae71f97be,E
mmlu_pro:test:6007,health,8,81,5848,b189ec765aa7ed75c8acfea42df31fdae71f97be,D
mmlu_pro:test:6008,health,10,331,5849,b189ec765aa7ed75c8acfea42df31fdae71f97be,G
mmlu_pro:test:6009,health,10,69,5850,b189ec765aa7ed75c8acfea42df31fdae71f97be,D
mmlu_pro:test:6010,health,10,108,5851,b189ec765aa7ed75c8acfea42df31fdae71f97be,B
mmlu_pro:test:6011,health,8,27,5852,b189ec765aa7ed75c8acfea42df31fdae71f97be,B
mmlu_pro:test:6012,health,10,54,5853,b189ec765aa7ed75c8acfea42df31fdae71f97be,A
mmlu_pro:test:6013,health,10,39,5854,b189ec765aa7ed75c8acfea42df31fdae71f97be,G
mmlu_pro:test:6014,health,9,77,5855,b189ec765aa7ed75c8acfea42df31fdae71f97be,D
mmlu_pro:test:6015,health,10,73,5856,b189ec765aa7ed75c8acfea42df31fdae71f97be,D
mmlu_pro:test:6016,health,8,31,5857,b189ec765aa7ed75c8acfea42df31fdae71f97be,C
mmlu_pro:test:6017,health,10,53,5858,b189ec765aa7ed75c8acfea42df31fdae71f97be,A
mmlu_pro:test:6018,health,10,15,5859,b189ec765aa7ed75c8acfea42df31fdae71f97be,H
mmlu_pro:test:6019,health,10,74,5860,b189ec765aa7ed75c8acfea42df31fdae71f97be,G
mmlu_pro:test:6021,health,10,102,5862,b189ec765aa7ed75c8acfea42df31fdae71f97be,C
mmlu_pro:test:6022,health,5,76,5863,b189ec765aa7ed75c8acfea42df31fdae71f97be,E
mmlu_pro:test:6023,health,10,107,5864,b189ec765aa7ed75c8acfea42df31fdae71f97be,B
mmlu_pro:test:6024,health,10,85,5865,b189ec765aa7ed75c8acfea42df31fdae71f97be,F
mmlu_pro:test:6026,health,6,17,5866,b189ec765aa7ed75c8acfea42df31fdae71f97be,A
mmlu_pro:test:6027,health,10,64,5867,b189ec765aa7ed75c8acfea42df31fdae71f97be,J
mmlu_pro:test:6028,health,10,59,5868,b189ec765aa7ed75c8acfea42df31fdae71f97be,E
mmlu_pro:test:6029,health,10,21,5869,b189ec765aa7ed75c8acfea42df31fdae71f97be,I
mmlu_pro:test:6030,health,10,66,5870,b189ec765aa7ed75c8acfea42df31fdae71f97be,G
mmlu_pro:test:6031,health,10,57,5871,b189ec765aa7ed75c8acfea42df31fdae71f97be,B
mmlu_pro:test:6032,health,10,101,5872,b189ec765aa7ed75c8acfea42df31fdae71f97be,A
mmlu_pro:test:6033,health,10,719,5873,b189ec765aa7ed75c8acfea42df31fdae71f97be,A
mmlu_pro:test:6034,health,10,276,5874,b189ec765aa7ed75c8acfea42df31fdae71f97be,F
mmlu_pro:test:6036,health,10,633,5876,b189ec765aa7ed75c8acfea42df31fdae71f97be,D
mmlu_pro:test:6037,health,10,633,5877,b189ec765aa7ed75c8acfea42df31fdae71f97be,C
mmlu_pro:test:6038,health,4,573,5878,b189ec765aa7ed75c8acfea42df31fdae71f97be,C
mmlu_pro:test:6039,health,10,573,5879,b189ec765aa7ed75c8acfea42df31fdae71f97be,A
mmlu_pro:test:6040,health,4,549,5880,b189ec765aa7ed75c8acfea42df31fdae71f97be,B
mmlu_pro:test:6041,health,10,822,5881,b189ec765aa7ed75c8acfea42df31fdae71f97be,B
mmlu_pro:test:6042,health,10,822,5882,b189ec765aa7ed75c8acfea42df31fdae71f97be,A
mmlu_pro:test:6043,health,10,351,5883,b189ec765aa7ed75c8acfea42df31fdae71f97be,B
mmlu_pro:test:6044,health,10,351,5884,b189ec765aa7ed75c8acfea42df31fdae71f97be,G
mmlu_pro:test:6045,health,8,810,5885,b189ec765aa7ed75c8acfea42df31fdae71f97be,D
mmlu_pro:test:6046,health,10,856,5886,b189ec765aa7ed75c8acfea42df31fdae71f97be,A
mmlu_pro:test:6047,health,7,567,5887,b189ec765aa7ed75c8acfea42df31fdae71f97be,B
mmlu_pro:test:6048,health,4,412,5888,b189ec765aa7ed75c8acfea42df31fdae71f97be,A
mmlu_pro:test:6049,health,10,67,5889,b189ec765aa7ed75c8acfea42df31fdae71f97be,J
mmlu_pro:test:6050,health,10,47,5890,b189ec765aa7ed75c8acfea42df31fdae71f97be,I
mmlu_pro:test:6051,health,10,47,5891,b189ec765aa7ed75c8acfea42df31fdae71f97be,F
mmlu_pro:test:6052,health,10,69,5892,b189ec765aa7ed75c8acfea42df31fdae71f97be,G
mmlu_pro:test:6053,health,4,137,5893,b189ec765aa7ed75c8acfea42df31fdae71f97be,D
mmlu_pro:test:6054,health,8,137,5894,b189ec765aa7ed75c8acfea42df31fdae71f97be,B
mmlu_pro:test:6055,health,7,86,5895,b189ec765aa7ed75c8acfea42df31fdae71f97be,G
mmlu_pro:test:6056,health,10,47,5896,b189ec765aa7ed75c8acfea42df31fdae71f97be,I
mmlu_pro:test:6057,health,10,86,5897,b189ec765aa7ed75c8acfea42df31fdae71f97be,D
mmlu_pro:test:6058,health,10,164,5898,b189ec765aa7ed75c8acfea42df31fdae71f97be,G
mmlu_pro:test:6059,health,10,202,5899,b189ec765aa7ed75c8acfea42df31fdae71f97be,B
mmlu_pro:test:6060,health,4,121,5900,b189ec765aa7ed75c8acfea42df31fdae71f97be,C
mmlu_pro:test:6061,health,10,58,5901,b189ec765aa7ed75c8acfea42df31fdae71f97be,I
mmlu_pro:test:6062,health,10,58,5902,b189ec765aa7ed75c8acfea42df31fdae71f97be,E
mmlu_pro:test:6063,health,4,226,5903,b189ec765aa7ed75c8acfea42df31fdae71f97be,A
mmlu_pro:test:6064,health,9,55,5904,b189ec765aa7ed75c8acfea42df31fdae71f97be,E
mmlu_pro:test:6065,health,3,101,5905,b189ec765aa7ed75c8acfea42df31fdae71f97be,B
mmlu_pro:test:6066,health,10,55,5906,b189ec765aa7ed75c8acfea42df31fdae71f97be,E
mmlu_pro:test:6067,health,4,35,5907,b189ec765aa7ed75c8acfea42df31fdae71f97be,A
mmlu_pro:test:6068,health,4,35,5908,b189ec765aa7ed75c8acfea42df31fdae71f97be,C
mmlu_pro:test:6069,health,10,62,5909,b189ec765aa7ed75c8acfea42df31fdae71f97be,B
mmlu_pro:test:6070,health,10,108,5910,b189ec765aa7ed75c8acfea42df31fdae71f97be,H
mmlu_pro:test:6071,health,10,32,5911,b189ec765aa7ed75c8acfea42df31fdae71f97be,I
mmlu_pro:test:6072,health,10,60,5912,b189ec765aa7ed75c8acfea42df31fdae71f97be,H
mmlu_pro:test:6073,health,10,58,5913,b189ec765aa7ed75c8acfea42df31fdae71f97be,J
mmlu_pro:test:6074,health,10,213,5914,b189ec765aa7ed75c8acfea42df31fdae71f97be,E
mmlu_pro:test:6075,health,8,35,5915,b189ec765aa7ed75c8acfea42df31fdae71f97be,F
mmlu_pro:test:6076,health,10,184,5916,b189ec765aa7ed75c8acfea42df31fdae71f97be,H
mmlu_pro:test:6077,health,10,128,5917,b189ec765aa7ed75c8acfea42df31fdae71f97be,B
mmlu_pro:test:6078,health,10,56,5918,b189ec765aa7ed75c8acfea42df31fdae71f97be,H
mmlu_pro:test:6079,health,10,223,5919,b189ec765aa7ed75c8acfea42df31fdae71f97be,I
mmlu_pro:test:6080,health,10,143,5920,b189ec765aa7ed75c8acfea42df31fdae71f97be,H
mmlu_pro:test:6081,health,10,189,5921,b189ec765aa7ed75c8acfea42df31fdae71f97be,B
mmlu_pro:test:6082,health,9,147,5922,b189ec765aa7ed75c8acfea42df31fdae71f97be,A
mmlu_pro:test:6083,health,5,65,5923,b189ec765aa7ed75c8acfea42df31fdae71f97be,B
mmlu_pro:test:6085,health,9,83,5924,b189ec765aa7ed75c8acfea42df31fdae71f97be,H
mmlu_pro:test:6086,health,9,38,5925,b189ec765aa7ed75c8acfea42df31fdae71f97be,A
mmlu_pro:test:6087,health,10,73,5926,b189ec765aa7ed75c8acfea42df31fdae71f97be,D
mmlu_pro:test:6088,health,10,65,5927,b189ec765aa7ed75c8acfea42df31fdae71f97be,A
mmlu_pro:test:6089,health,10,64,5928,b189ec765aa7ed75c8acfea42df31fdae71f97be,B
mmlu_pro:test:6090,health,10,66,5929,b189ec765aa7ed75c8acfea42df31fdae71f97be,F
mmlu_pro:test:6091,health,10,168,5930,b189ec765aa7ed75c8acfea42df31fdae71f97be,F
mmlu_pro:test:6092,health,10,45,5931,b189ec765aa7ed75c8acfea42df31fdae71f97be,G
mmlu_pro:test:6093,health,10,79,5932,b189ec765aa7ed75c8acfea42df31fdae71f97be,F
mmlu_pro:test:6094,health,10,67,5933,b189ec765aa7ed75c8acfea42df31fdae71f97be,D
mmlu_pro:test:6095,health,4,64,5934,b189ec765aa7ed75c8acfea42df31fdae71f97be,C
mmlu_pro:test:6096,health,10,78,5935,b189ec765aa7ed75c8acfea42df31fdae71f97be,C
mmlu_pro:test:6097,health,10,66,5936,b189ec765aa7ed75c8acfea42df31fdae71f97be,G
mmlu_pro:test:6098,health,10,64,5937,b189ec765aa7ed75c8acfea42df31fdae71f97be,C
mmlu_pro:test:6100,health,10,46,5939,b189ec765aa7ed75c8acfea42df31fdae71f97be,H
mmlu_pro:test:6101,health,8,67,5940,b189ec765aa7ed75c8acfea42df31fdae71f97be,G
mmlu_pro:test:6102,health,10,241,5941,b189ec765aa7ed75c8acfea42df31fdae71f97be,E
mmlu_pro:test:6103,health,10,59,5942,b189ec765aa7ed75c8acfea42df31fdae71f97be,H
mmlu_pro:test:6104,health,10,1311,5943,b189ec765aa7ed75c8acfea42df31fdae71f97be,I
mmlu_pro:test:6105,health,10,1311,5944,b189ec765aa7ed75c8acfea42df31fdae71f97be,J
mmlu_pro:test:6106,health,9,866,5945,b189ec765aa7ed75c8acfea42df31fdae71f97be,B
mmlu_pro:test:6107,health,8,298,5946,b189ec765aa7ed75c8acfea42df31fdae71f97be,B
mmlu_pro:test:6108,health,10,529,5947,b189ec765aa7ed75c8acfea42df31fdae71f97be,A
mmlu_pro:test:6109,health,10,529,5948,b189ec765aa7ed75c8acfea42df31fdae71f97be,E
mmlu_pro:test:6110,health,10,608,5949,b189ec765aa7ed75c8acfea42df31fdae71f97be,F
mmlu_pro:test:6111,health,9,685,5950,b189ec765aa7ed75c8acfea42df31fdae71f97be,G
mmlu_pro:test:6113,health,10,383,5952,b189ec765aa7ed75c8acfea42df31fdae71f97be,H
mmlu_pro:test:6114,health,10,383,5953,b189ec765aa7ed75c8acfea42df31fdae71f97be,F
mmlu_pro:test:6115,health,8,295,5954,b189ec765aa7ed75c8acfea42df31fdae71f97be,B
mmlu_pro:test:6116,health,8,295,5955,b189ec765aa7ed75c8acfea42df31fdae71f97be,F
mmlu_pro:test:6117,health,10,629,5956,b189ec765aa7ed75c8acfea42df31fdae71f97be,F
mmlu_pro:test:6118,health,4,355,5957,b189ec765aa7ed75c8acfea42df31fdae71f97be,A
mmlu_pro:test:6119,health,10,69,5958,b189ec765aa7ed75c8acfea42df31fdae71f97be,G
mmlu_pro:test:6120,health,10,69,5959,b189ec765aa7ed75c8acfea42df31fdae71f97be,H
mmlu_pro:test:6121,health,10,171,5960,b189ec765aa7ed75c8acfea42df31fdae71f97be,C
mmlu_pro:test:6123,health,4,46,5962,b189ec765aa7ed75c8acfea42df31fdae71f97be,A
mmlu_pro:test:6124,health,5,46,5963,b189ec765aa7ed75c8acfea42df31fdae71f97be,C
mmlu_pro:test:6125,health,10,102,5964,b189ec765aa7ed75c8acfea42df31fdae71f97be,C
mmlu_pro:test:6127,health,5,98,5966,b189ec765aa7ed75c8acfea42df31fdae71f97be,B
mmlu_pro:test:6128,health,10,89,5967,b189ec765aa7ed75c8acfea42df31fdae71f97be,A
mmlu_pro:test:6129,health,10,96,5968,b189ec765aa7ed75c8acfea42df31fdae71f97be,H
mmlu_pro:test:6130,health,10,55,5969,b189ec765aa7ed75c8acfea42df31fdae71f97be,C
mmlu_pro:test:6131,health,10,81,5970,b189ec765aa7ed75c8acfea42df31fdae71f97be,A
mmlu_pro:test:6132,health,10,81,5971,b189ec765aa7ed75c8acfea42df31fdae71f97be,C
mmlu_pro:test:6133,health,10,52,5972,b189ec765aa7ed75c8acfea42df31fdae71f97be,H
mmlu_pro:test:6134,health,10,69,5973,b189ec765aa7ed75c8acfea42df31fdae71f97be,E
mmlu_pro:test:6135,health,10,56,5974,b189ec765aa7ed75c8acfea42df31fdae71f97be,J
mmlu_pro:test:6136,health,10,79,5975,b189ec765aa7ed75c8acfea42df31fdae71f97be,B
mmlu_pro:test:6137,health,10,89,5976,b189ec765aa7ed75c8acfea42df31fdae71f97be,D
mmlu_pro:test:6138,health,10,133,5977,b189ec765aa7ed75c8acfea42df31fdae71f97be,D
mmlu_pro:test:6139,health,10,448,5978,b189ec765aa7ed75c8acfea42df31fdae71f97be,H
mmlu_pro:test:6140,health,10,67,5979,b189ec765aa7ed75c8acfea42df31fdae71f97be,I
mmlu_pro:test:6141,health,10,27,5980,b189ec765aa7ed75c8acfea42df31fdae71f97be,D
mmlu_pro:test:6142,health,10,393,5981,b189ec765aa7ed75c8acfea42df31fdae71f97be,A
mmlu_pro:test:6143,health,10,51,5982,b189ec765aa7ed75c8acfea42df31fdae71f97be,E
mmlu_pro:test:6144,health,10,138,5983,b189ec765aa7ed75c8acfea42df31fdae71f97be,D
mmlu_pro:test:6145,health,10,121,5984,b189ec765aa7ed75c8acfea42df31fdae71f97be,G
mmlu_pro:test:6146,health,10,77,5985,b189ec765aa7ed75c8acfea42df31fdae71f97be,J
mmlu_pro:test:6147,health,10,24,5986,b189ec765aa7ed75c8acfea42df31fdae71f97be,I
mmlu_pro:test:6148,health,10,81,5987,b189ec765aa7ed75c8acfea42df31fdae71f97be,F
mmlu_pro:test:6149,health,6,90,5988,b189ec765aa7ed75c8acfea42df31fdae71f97be,A
mmlu_pro:test:6150,health,10,64,5989,b189ec765aa7ed75c8acfea42df31fdae71f97be,J
mmlu_pro:test:6151,health,10,45,5990,b189ec765aa7ed75c8acfea42df31fdae71f97be,A
mmlu_pro:test:6152,health,10,42,5991,b189ec765aa7ed75c8acfea42df31fdae71f97be,D
mmlu_pro:test:6153,health,6,98,5992,b189ec765aa7ed75c8acfea42df31fdae71f97be,B
mmlu_pro:test:6154,health,10,31,5993,b189ec765aa7ed75c8acfea42df31fdae71f97be,I
mmlu_pro:test:6155,health,10,35,5994,b189ec765aa7ed75c8acfea42df31fdae71f97be,C
mmlu_pro:test:6156,health,10,47,5995,b189ec765aa7ed75c8acfea42df31fdae71f97be,D
mmlu_pro:test:6157,health,10,167,5996,b189ec765aa7ed75c8acfea42df31fdae71f97be,E
mmlu_pro:test:6158,health,10,181,5997,b189ec765aa7ed75c8acfea42df31fdae71f97be,B
mmlu_pro:test:6159,health,10,147,5998,b189ec765aa7ed75c8acfea42df31fdae71f97be,I
mmlu_pro:test:6160,health,10,81,5999,b189ec765aa7ed75c8acfea42df31fdae71f97be,B
mmlu_pro:test:6161,health,9,59,6000,b189ec765aa7ed75c8acfea42df31fdae71f97be,B
mmlu_pro:test:6162,health,10,85,6001,b189ec765aa7ed75c8acfea42df31fdae71f97be,A
mmlu_pro:test:6163,health,10,75,6002,b189ec765aa7ed75c8acfea42df31fdae71f97be,G
mmlu_pro:test:6164,health,10,84,6003,b189ec765aa7ed75c8acfea42df31fdae71f97be,A
mmlu_pro:test:6165,health,10,102,6004,b189ec765aa7ed75c8acfea42df31fdae71f97be,B
mmlu_pro:test:6166,health,10,40,6005,b189ec765aa7ed75c8acfea42df31fdae71f97be,F
mmlu_pro:test:6168,health,10,78,6007,b189ec765aa7ed75c8acfea42df31fdae71f97be,H
mmlu_pro:test:6169,health,10,118,6008,b189ec765aa7ed75c8acfea42df31fdae71f97be,I
mmlu_pro:test:6170,health,10,45,6009,b189ec765aa7ed75c8acfea42df31fdae71f97be,J
mmlu_pro:test:6171,health,10,62,6010,b189ec765aa7ed75c8acfea42df31fdae71f97be,F
mmlu_pro:test:6172,health,8,101,6011,b189ec765aa7ed75c8acfea42df31fdae71f97be,D
mmlu_pro:test:6173,health,10,21,6012,b189ec765aa7ed75c8acfea42df31fdae71f97be,E
mmlu_pro:test:6174,health,10,360,6013,b189ec765aa7ed75c8acfea42df31fdae71f97be,B
mmlu_pro:test:6175,health,4,784,6014,b189ec765aa7ed75c8acfea42df31fdae71f97be,B
mmlu_pro:test:6176,health,10,498,6015,b189ec765aa7ed75c8acfea42df31fdae71f97be,D
mmlu_pro:test:6177,health,10,498,6016,b189ec765aa7ed75c8acfea42df31fdae71f97be,E
mmlu_pro:test:6178,health,10,424,6017,b189ec765aa7ed75c8acfea42df31fdae71f97be,D
mmlu_pro:test:6179,health,10,327,6018,b189ec765aa7ed75c8acfea42df31fdae71f97be,E
mmlu_pro:test:6180,health,10,327,6019,b189ec765aa7ed75c8acfea42df31fdae71f97be,A
mmlu_pro:test:6181,health,9,1190,6020,b189ec765aa7ed75c8acfea42df31fdae71f97be,I
mmlu_pro:test:6182,health,10,1190,6021,b189ec765aa7ed75c8acfea42df31fdae71f97be,J
mmlu_pro:test:6183,health,4,620,6022,b189ec765aa7ed75c8acfea42df31fdae71f97be,A
mmlu_pro:test:6184,health,8,410,6023,b189ec765aa7ed75c8acfea42df31fdae71f97be,E
mmlu_pro:test:6185,health,10,448,6024,b189ec765aa7ed75c8acfea42df31fdae71f97be,B
mmlu_pro:test:6187,health,4,615,6026,b189ec765aa7ed75c8acfea42df31fdae71f97be,D
mmlu_pro:test:6188,health,10,436,6027,b189ec765aa7ed75c8acfea42df31fdae71f97be,H
mmlu_pro:test:6189,health,10,436,6028,b189ec765aa7ed75c8acfea42df31fdae71f97be,F
mmlu_pro:test:6190,health,10,402,6029,b189ec765aa7ed75c8acfea42df31fdae71f97be,J
mmlu_pro:test:6191,health,9,71,6030,b189ec765aa7ed75c8acfea42df31fdae71f97be,E
mmlu_pro:test:6193,health,4,53,6031,b189ec765aa7ed75c8acfea42df31fdae71f97be,D
mmlu_pro:test:6194,health,10,130,6032,b189ec765aa7ed75c8acfea42df31fdae71f97be,A
mmlu_pro:test:6195,health,9,130,6033,b189ec765aa7ed75c8acfea42df31fdae71f97be,A
mmlu_pro:test:6196,health,10,67,6034,b189ec765aa7ed75c8acfea42df31fdae71f97be,I
mmlu_pro:test:6197,health,8,81,6035,b189ec765aa7ed75c8acfea42df31fdae71f97be,F
mmlu_pro:test:6198,health,10,108,6036,b189ec765aa7ed75c8acfea42df31fdae71f97be,E
mmlu_pro:test:6199,health,10,158,6037,b189ec765aa7ed75c8acfea42df31fdae71f97be,D
mmlu_pro:test:6200,health,10,58,6038,b189ec765aa7ed75c8acfea42df31fdae71f97be,I
mmlu_pro:test:6201,health,10,200,6039,b189ec765aa7ed75c8acfea42df31fdae71f97be,F
mmlu_pro:test:6202,health,10,85,6040,b189ec765aa7ed75c8acfea42df31fdae71f97be,F
mmlu_pro:test:6203,health,10,82,6041,b189ec765aa7ed75c8acfea42df31fdae71f97be,D
mmlu_pro:test:6204,health,9,24,6042,b189ec765aa7ed75c8acfea42df31fdae71f97be,D
mmlu_pro:test:6205,health,10,203,6043,b189ec765aa7ed75c8acfea42df31fdae71f97be,F
mmlu_pro:test:6206,health,10,74,6044,b189ec765aa7ed75c8acfea42df31fdae71f97be,D
mmlu_pro:test:6207,health,10,49,6045,b189ec765aa7ed75c8acfea42df31fdae71f97be,D
mmlu_pro:test:6208,health,10,55,6046,b189ec765aa7ed75c8acfea42df31fdae71f97be,I
mmlu_pro:test:6209,health,10,81,6047,b189ec765aa7ed75c8acfea42df31fdae71f97be,I
mmlu_pro:test:6210,health,10,69,6048,b189ec765aa7ed75c8acfea42df31fdae71f97be,C
mmlu_pro:test:6211,health,10,30,6049,b189ec765aa7ed75c8acfea42df31fdae71f97be,A
mmlu_pro:test:6212,health,10,55,6050,b189ec765aa7ed75c8acfea42df31fdae71f97be,J
mmlu_pro:test:6213,health,10,60,6051,b189ec765aa7ed75c8acfea42df31fdae71f97be,C
mmlu_pro:test:6214,health,10,99,6052,b189ec765aa7ed75c8acfea42df31fdae71f97be,G
mmlu_pro:test:6215,health,10,94,6053,b189ec765aa7ed75c8acfea42df31fdae71f97be,J
mmlu_pro:test:6217,health,9,54,6055,b189ec765aa7ed75c8acfea42df31fdae71f97be,G
mmlu_pro:test:6218,health,10,82,6056,b189ec765aa7ed75c8acfea42df31fdae71f97be,I
mmlu_pro:test:6219,health,10,303,6057,b189ec765aa7ed75c8acfea42df31fdae71f97be,I
mmlu_pro:test:6220,health,10,60,6058,b189ec765aa7ed75c8acfea42df31fdae71f97be,A
mmlu_pro:test:6221,health,9,79,6059,b189ec765aa7ed75c8acfea42df31fdae71f97be,F
mmlu_pro:test:6222,health,10,82,6060,b189ec765aa7ed75c8acfea42df31fdae71f97be,J
mmlu_pro:test:6223,health,10,72,6061,b189ec765aa7ed75c8acfea42df31fdae71f97be,J
mmlu_pro:test:6224,health,10,65,6062,b189ec765aa7ed75c8acfea42df31fdae71f97be,B
mmlu_pro:test:6225,health,10,50,6063,b189ec765aa7ed75c8acfea42df31fdae71f97be,I
mmlu_pro:test:6226,health,10,125,6064,b189ec765aa7ed75c8acfea42df31fdae71f97be,J
mmlu_pro:test:6227,health,10,125,6065,b189ec765aa7ed75c8acfea42df31fdae71f97be,F
mmlu_pro:test:6228,health,8,110,6066,b189ec765aa7ed75c8acfea42df31fdae71f97be,C
mmlu_pro:test:6229,health,10,32,6067,b189ec765aa7ed75c8acfea42df31fdae71f97be,E
mmlu_pro:test:6230,health,4,763,6068,b189ec765aa7ed75c8acfea42df31fdae71f97be,A
mmlu_pro:test:6231,health,10,704,6069,b189ec765aa7ed75c8acfea42df31fdae71f97be,H
mmlu_pro:test:6233,health,10,331,6071,b189ec765aa7ed75c8acfea42df31fdae71f97be,G
mmlu_pro:test:6234,health,10,331,6072,b189ec765aa7ed75c8acfea42df31fdae71f97be,I
mmlu_pro:test:6235,health,10,464,6073,b189ec765aa7ed75c8acfea42df31fdae71f97be,E
mmlu_pro:test:6236,health,10,453,6074,b189ec765aa7ed75c8acfea42df31fdae71f97be,G
mmlu_pro:test:6237,health,10,453,6075,b189ec765aa7ed75c8acfea42df31fdae71f97be,I
mmlu_pro:test:6238,health,9,481,6076,b189ec765aa7ed75c8acfea42df31fdae71f97be,F
mmlu_pro:test:6239,health,9,734,6077,b189ec765aa7ed75c8acfea42df31fdae71f97be,C
mmlu_pro:test:6240,health,7,527,6078,b189ec765aa7ed75c8acfea42df31fdae71f97be,A
mmlu_pro:test:6242,health,4,1244,6080,b189ec765aa7ed75c8acfea42df31fdae71f97be,B
mmlu_pro:test:6243,health,10,342,6081,b189ec765aa7ed75c8acfea42df31fdae71f97be,H
mmlu_pro:test:6244,health,10,342,6082,b189ec765aa7ed75c8acfea42df31fdae71f97be,I
mmlu_pro:test:6245,health,4,1135,6083,b189ec765aa7ed75c8acfea42df31fdae71f97be,A
mmlu_pro:test:6246,health,10,955,6084,b189ec765aa7ed75c8acfea42df31fdae71f97be,C
mmlu_pro:test:6247,health,10,955,6085,b189ec765aa7ed75c8acfea42df31fdae71f97be,E
mmlu_pro:test:6248,health,10,788,6086,b189ec765aa7ed75c8acfea42df31fdae71f97be,I
mmlu_pro:test:6249,health,10,788,6087,b189ec765aa7ed75c8acfea42df31fdae71f97be,F
mmlu_pro:test:6250,health,10,806,6088,b189ec765aa7ed75c8acfea42df31fdae71f97be,I
mmlu_pro:test:6251,health,10,806,6089,b189ec765aa7ed75c8acfea42df31fdae71f97be,E
mmlu_pro:test:6252,health,10,707,6090,b189ec765aa7ed75c8acfea42df31fdae71f97be,D
mmlu_pro:test:6253,health,10,707,6091,b189ec765aa7ed75c8acfea42df31fdae71f97be,B
mmlu_pro:test:6254,health,10,560,6092,b189ec765aa7ed75c8acfea42df31fdae71f97be,G
mmlu_pro:test:6255,health,10,560,6093,b189ec765aa7ed75c8acfea42df31fdae71f97be,J
mmlu_pro:test:6256,health,4,299,6094,b189ec765aa7ed75c8acfea42df31fdae71f97be,D
mmlu_pro:test:6257,health,10,299,6095,b189ec765aa7ed75c8acfea42df31fdae71f97be,F
mmlu_pro:test:6258,health,4,767,6096,b189ec765aa7ed75c8acfea42df31fdae71f97be,B
mmlu_pro:test:6259,health,4,69,6097,b189ec765aa7ed75c8acfea42df31fdae71f97be,D
mmlu_pro:test:6260,health,10,69,6098,b189ec765aa7ed75c8acfea42df31fdae71f97be,D
mmlu_pro:test:6261,health,10,45,6099,b189ec765aa7ed75c8acfea42df31fdae71f97be,D
mmlu_pro:test:6262,health,10,45,6100,b189ec765aa7ed75c8acfea42df31fdae71f97be,J
mmlu_pro:test:6263,health,10,37,6101,b189ec765aa7ed75c8acfea42df31fdae71f97be,G
mmlu_pro:test:6264,health,7,254,6102,b189ec765aa7ed75c8acfea42df31fdae71f97be,C
mmlu_pro:test:6265,health,7,254,6103,b189ec765aa7ed75c8acfea42df31fdae71f97be,A
mmlu_pro:test:6266,health,10,106,6104,b189ec765aa7ed75c8acfea42df31fdae71f97be,E
mmlu_pro:test:6267,health,10,106,6105,b189ec765aa7ed75c8acfea42df31fdae71f97be,B
mmlu_pro:test:6268,health,10,60,6106,b189ec765aa7ed75c8acfea42df31fdae71f97be,A
mmlu_pro:test:6269,health,10,118,6107,b189ec765aa7ed75c8acfea42df31fdae71f97be,D
mmlu_pro:test:6270,health,10,58,6108,b189ec765aa7ed75c8acfea42df31fdae71f97be,B
mmlu_pro:test:6271,health,10,75,6109,b189ec765aa7ed75c8acfea42df31fdae71f97be,E
mmlu_pro:test:6272,health,10,95,6110,b189ec765aa7ed75c8acfea42df31fdae71f97be,H
mmlu_pro:test:6273,health,8,68,6111,b189ec765aa7ed75c8acfea42df31fdae71f97be,E
mmlu_pro:test:6274,health,10,136,6112,b189ec765aa7ed75c8acfea42df31fdae71f97be,I
mmlu_pro:test:6275,health,10,136,6113,b189ec765aa7ed75c8acfea42df31fdae71f97be,A
mmlu_pro:test:6276,health,10,31,6114,b189ec765aa7ed75c8acfea42df31fdae71f97be,B
mmlu_pro:test:6277,health,10,86,6115,b189ec765aa7ed75c8acfea42df31fdae71f97be,G
mmlu_pro:test:6278,health,4,70,6116,b189ec765aa7ed75c8acfea42df31fdae71f97be,C
mmlu_pro:test:6279,health,10,31,6117,b189ec765aa7ed75c8acfea42df31fdae71f97be,A
mmlu_pro:test:6280,health,10,47,6118,b189ec765aa7ed75c8acfea42df31fdae71f97be,D
mmlu_pro:test:6281,health,10,44,6119,b189ec765aa7ed75c8acfea42df31fdae71f97be,A
mmlu_pro:test:6282,health,10,54,6120,b189ec765aa7ed75c8acfea42df31fdae71f97be,E
mmlu_pro:test:6284,health,9,72,6121,b189ec765aa7ed75c8acfea42df31fdae71f97be,H
mmlu_pro:test:6285,health,10,53,6122,b189ec765aa7ed75c8acfea42df31fdae71f97be,I
mmlu_pro:test:6286,health,10,61,6123,b189ec765aa7ed75c8acfea42df31fdae71f97be,C
mmlu_pro:test:6287,health,6,65,6124,b189ec765aa7ed75c8acfea42df31fdae71f97be,B
mmlu_pro:test:6288,health,9,143,6125,b189ec765aa7ed75c8acfea42df31fdae71f97be,C
mmlu_pro:test:6289,health,10,104,6126,b189ec765aa7ed75c8acfea42df31fdae71f97be,C
mmlu_pro:test:6290,health,10,91,6127,b189ec765aa7ed75c8acfea42df31fdae71f97be,C
mmlu_pro:test:6291,health,10,89,6128,b189ec765aa7ed75c8acfea42df31fdae71f97be,B
mmlu_pro:test:6292,health,10,147,6129,b189ec765aa7ed75c8acfea42df31fdae71f97be,F
mmlu_pro:test:6293,health,10,79,6130,b189ec765aa7ed75c8acfea42df31fdae71f97be,A
mmlu_pro:test:6294,health,10,83,6131,b189ec765aa7ed75c8acfea42df31fdae71f97be,I
mmlu_pro:test:6295,health,8,137,6132,b189ec765aa7ed75c8acfea42df31fdae71f97be,C
mmlu_pro:test:6297,health,10,77,6134,b189ec765aa7ed75c8acfea42df31fdae71f97be,F
mmlu_pro:test:6298,health,10,81,6135,b189ec765aa7ed75c8acfea42df31fdae71f97be,I
mmlu_pro:test:6299,health,10,48,6136,b189ec765aa7ed75c8acfea42df31fdae71f97be,B
mmlu_pro:test:6300,health,10,73,6137,b189ec765aa7ed75c8acfea42df31fdae71f97be,D
mmlu_pro:test:6301,health,10,49,6138,b189ec765aa7ed75c8acfea42df31fdae71f97be,J
mmlu_pro:test:6302,health,7,80,6139,b189ec765aa7ed75c8acfea42df31fdae71f97be,D
mmlu_pro:test:6303,health,8,80,6140,b189ec765aa7ed75c8acfea42df31fdae71f97be,G
mmlu_pro:test:6304,health,10,57,6141,b189ec765aa7ed75c8acfea42df31fdae71f97be,C
mmlu_pro:test:6305,health,10,45,6142,b189ec765aa7ed75c8acfea42df31fdae71f97be,I
mmlu_pro:test:6306,health,10,336,6143,b189ec765aa7ed75c8acfea42df31fdae71f97be,G
mmlu_pro:test:6308,health,10,565,6145,b189ec765aa7ed75c8acfea42df31fdae71f97be,D
mmlu_pro:test:6309,health,4,493,6146,b189ec765aa7ed75c8acfea42df31fdae71f97be,D
mmlu_pro:test:6311,health,10,470,6148,b189ec765aa7ed75c8acfea42df31fdae71f97be,B
mmlu_pro:test:6312,health,10,470,6149,b189ec765aa7ed75c8acfea42df31fdae71f97be,F
mmlu_pro:test:6313,health,10,1165,6150,b189ec765aa7ed75c8acfea42df31fdae71f97be,H
mmlu_pro:test:6314,health,10,1165,6151,b189ec765aa7ed75c8acfea42df31fdae71f97be,J
mmlu_pro:test:6315,health,10,885,6152,b189ec765aa7ed75c8acfea42df31fdae71f97be,D
mmlu_pro:test:6316,health,10,69,6153,b189ec765aa7ed75c8acfea42df31fdae71f97be,C
mmlu_pro:test:6317,health,9,162,6154,b189ec765aa7ed75c8acfea42df31fdae71f97be,G
mmlu_pro:test:6318,health,6,93,6155,b189ec765aa7ed75c8acfea42df31fdae71f97be,A
mmlu_pro:test:6319,health,10,119,6156,b189ec765aa7ed75c8acfea42df31fdae71f97be,C
mmlu_pro:test:6320,health,7,73,6157,b189ec765aa7ed75c8acfea42df31fdae71f97be,D
mmlu_pro:test:6321,health,10,152,6158,b189ec765aa7ed75c8acfea42df31fdae71f97be,G
mmlu_pro:test:6322,health,10,152,6159,b189ec765aa7ed75c8acfea42df31fdae71f97be,I
mmlu_pro:test:6323,health,10,274,6160,b189ec765aa7ed75c8acfea42df31fdae71f97be,G
mmlu_pro:test:6324,health,3,24,6161,b189ec765aa7ed75c8acfea42df31fdae71f97be,A
mmlu_pro:test:6325,health,9,24,6162,b189ec765aa7ed75c8acfea42df31fdae71f97be,E
mmlu_pro:test:6326,health,7,54,6163,b189ec765aa7ed75c8acfea42df31fdae71f97be,G
mmlu_pro:test:6327,health,9,86,6164,b189ec765aa7ed75c8acfea42df31fdae71f97be,A
mmlu_pro:test:6328,health,10,728,6165,b189ec765aa7ed75c8acfea42df31fdae71f97be,J
mmlu_pro:test:6329,health,10,4671,6166,b189ec765aa7ed75c8acfea42df31fdae71f97be,H
mmlu_pro:test:6330,health,10,41,6167,b189ec765aa7ed75c8acfea42df31fdae71f97be,H
mmlu_pro:test:6331,health,10,41,6168,b189ec765aa7ed75c8acfea42df31fdae71f97be,I
mmlu_pro:test:6332,health,10,119,6169,b189ec765aa7ed75c8acfea42df31fdae71f97be,B
mmlu_pro:test:6333,health,7,61,6170,b189ec765aa7ed75c8acfea42df31fdae71f97be,C
mmlu_pro:test:6334,health,9,35,6171,b189ec765aa7ed75c8acfea42df31fdae71f97be,C
mmlu_pro:test:6335,health,10,47,6172,b189ec765aa7ed75c8acfea42df31fdae71f97be,D
mmlu_pro:test:6336,health,10,57,6173,b189ec765aa7ed75c8acfea42df31fdae71f97be,F
mmlu_pro:test:6337,health,10,75,6174,b189ec765aa7ed75c8acfea42df31fdae71f97be,H
mmlu_pro:test:6338,health,9,94,6175,b189ec765aa7ed75c8acfea42df31fdae71f97be,D
mmlu_pro:test:6339,health,10,86,6176,b189ec765aa7ed75c8acfea42df31fdae71f97be,J
mmlu_pro:test:6340,health,10,73,6177,b189ec765aa7ed75c8acfea42df31fdae71f97be,F
mmlu_pro:test:6341,health,10,119,6178,b189ec765aa7ed75c8acfea42df31fdae71f97be,D
mmlu_pro:test:6343,health,10,90,6180,b189ec765aa7ed75c8acfea42df31fdae71f97be,F
mmlu_pro:test:6344,health,10,91,6181,b189ec765aa7ed75c8acfea42df31fdae71f97be,E
mmlu_pro:test:6345,health,10,63,6182,b189ec765aa7ed75c8acfea42df31fdae71f97be,F
mmlu_pro:test:6346,health,10,93,6183,b189ec765aa7ed75c8acfea42df31fdae71f97be,J
mmlu_pro:test:6347,health,10,233,6184,b189ec765aa7ed75c8acfea42df31fdae71f97be,C
mmlu_pro:test:6348,health,10,69,6185,b189ec765aa7ed75c8acfea42df31fdae71f97be,B
mmlu_pro:test:6349,health,10,97,6186,b189ec765aa7ed75c8acfea42df31fdae71f97be,E
mmlu_pro:test:6350,health,10,107,6187,b189ec765aa7ed75c8acfea42df31fdae71f97be,C
mmlu_pro:test:6351,health,10,39,6188,b189ec765aa7ed75c8acfea42df31fdae71f97be,H
mmlu_pro:test:6352,health,10,64,6189,b189ec765aa7ed75c8acfea42df31fdae71f97be,J
mmlu_pro:test:6353,health,10,88,6190,b189ec765aa7ed75c8acfea42df31fdae71f97be,F
mmlu_pro:test:6354,health,10,71,6191,b189ec765aa7ed75c8acfea42df31fdae71f97be,D
mmlu_pro:test:6355,health,10,65,6192,b189ec765aa7ed75c8acfea42df31fdae71f97be,D
mmlu_pro:test:6356,health,10,449,6193,b189ec765aa7ed75c8acfea42df31fdae71f97be,A
mmlu_pro:test:6357,health,10,340,6194,b189ec765aa7ed75c8acfea42df31fdae71f97be,H
mmlu_pro:test:6358,health,10,340,6195,b189ec765aa7ed75c8acfea42df31fdae71f97be,E
mmlu_pro:test:6359,health,9,412,6196,b189ec765aa7ed75c8acfea42df31fdae71f97be,D
mmlu_pro:test:6360,health,8,562,6197,b189ec765aa7ed75c8acfea42df31fdae71f97be,G
mmlu_pro:test:6361,health,10,562,6198,b189ec765aa7ed75c8acfea42df31fdae71f97be,G
mmlu_pro:test:6362,health,10,696,6199,b189ec765aa7ed75c8acfea42df31fdae71f97be,H
mmlu_pro:test:6363,health,4,696,6200,b189ec765aa7ed75c8acfea42df31fdae71f97be,A
mmlu_pro:test:6364,health,4,658,6201,b189ec765aa7ed75c8acfea42df31fdae71f97be,A
mmlu_pro:test:6366,health,9,847,6202,b189ec765aa7ed75c8acfea42df31fdae71f97be,B
mmlu_pro:test:6367,health,10,333,6203,b189ec765aa7ed75c8acfea42df31fdae71f97be,C
mmlu_pro:test:6368,health,10,471,6204,b189ec765aa7ed75c8acfea42df31fdae71f97be,B
mmlu_pro:test:6369,health,10,471,6205,b189ec765aa7ed75c8acfea42df31fdae71f97be,C
mmlu_pro:test:6370,health,4,394,6206,b189ec765aa7ed75c8acfea42df31fdae71f97be,D
mmlu_pro:test:6371,health,10,1132,6207,b189ec765aa7ed75c8acfea42df31fdae71f97be,J
mmlu_pro:test:6372,health,10,1132,6208,b189ec765aa7ed75c8acfea42df31fdae71f97be,G
mmlu_pro:test:6373,health,10,1153,6209,b189ec765aa7ed75c8acfea42df31fdae71f97be,I
mmlu_pro:test:6374,health,10,1153,6210,b189ec765aa7ed75c8acfea42df31fdae71f97be,G
mmlu_pro:test:6375,health,10,538,6211,b189ec765aa7ed75c8acfea42df31fdae71f97be,B
mmlu_pro:test:6376,health,10,538,6212,b189ec765aa7ed75c8acfea42df31fdae71f97be,E
mmlu_pro:test:6377,health,9,721,6213,b189ec765aa7ed75c8acfea42df31fdae71f97be,D
mmlu_pro:test:6378,health,10,721,6214,b189ec765aa7ed75c8acfea42df31fdae71f97be,D
mmlu_pro:test:6379,health,4,458,6215,b189ec765aa7ed75c8acfea42df31fdae71f97be,B
mmlu_pro:test:6380,health,10,74,6216,b189ec765aa7ed75c8acfea42df31fdae71f97be,D
mmlu_pro:test:6381,health,10,74,6217,b189ec765aa7ed75c8acfea42df31fdae71f97be,F
mmlu_pro:test:6382,health,7,15,6218,b189ec765aa7ed75c8acfea42df31fdae71f97be,A
mmlu_pro:test:6383,health,10,86,6219,b189ec765aa7ed75c8acfea42df31fdae71f97be,G
mmlu_pro:test:6384,health,10,98,6220,b189ec765aa7ed75c8acfea42df31fdae71f97be,C
mmlu_pro:test:6385,health,10,63,6221,b189ec765aa7ed75c8acfea42df31fdae71f97be,D
mmlu_pro:test:6386,health,10,63,6222,b189ec765aa7ed75c8acfea42df31fdae71f97be,H
mmlu_pro:test:6387,health,10,135,6223,b189ec765aa7ed75c8acfea42df31fdae71f97be,J
mmlu_pro:test:6388,health,10,106,6224,b189ec765aa7ed75c8acfea42df31fdae71f97be,A
mmlu_pro:test:6389,health,10,106,6225,b189ec765aa7ed75c8acfea42df31fdae71f97be,J
mmlu_pro:test:6390,health,9,86,6226,b189ec765aa7ed75c8acfea42df31fdae71f97be,A
mmlu_pro:test:6391,health,4,107,6227,b189ec765aa7ed75c8acfea42df31fdae71f97be,C
mmlu_pro:test:6392,health,4,52,6228,b189ec765aa7ed75c8acfea42df31fdae71f97be,B
mmlu_pro:test:6393,health,10,112,6229,b189ec765aa7ed75c8acfea42df31fdae71f97be,H
mmlu_pro:test:6394,health,10,75,6230,b189ec765aa7ed75c8acfea42df31fdae71f97be,J
mmlu_pro:test:6395,health,10,68,6231,b189ec765aa7ed75c8acfea42df31fdae71f97be,D
mmlu_pro:test:6396,health,5,86,6232,b189ec765aa7ed75c8acfea42df31fdae71f97be,C
mmlu_pro:test:6397,health,10,55,6233,b189ec765aa7ed75c8acfea42df31fdae71f97be,A
mmlu_pro:test:6398,health,8,61,6234,b189ec765aa7ed75c8acfea42df31fdae71f97be,F
mmlu_pro:test:6399,health,10,23,6235,b189ec765aa7ed75c8acfea42df31fdae71f97be,B
mmlu_pro:test:6400,health,10,53,6236,b189ec765aa7ed75c8acfea42df31fdae71f97be,G
mmlu_pro:test:6401,health,9,37,6237,b189ec765aa7ed75c8acfea42df31fdae71f97be,D
mmlu_pro:test:6402,health,10,77,6238,b189ec765aa7ed75c8acfea42df31fdae71f97be,H
mmlu_pro:test:6403,health,10,70,6239,b189ec765aa7ed75c8acfea42df31fdae71f97be,H
mmlu_pro:test:6404,health,10,65,6240,b189ec765aa7ed75c8acfea42df31fdae71f97be,A
mmlu_pro:test:6405,health,10,41,6241,b189ec765aa7ed75c8acfea42df31fdae71f97be,A
mmlu_pro:test:6406,health,10,61,6242,b189ec765aa7ed75c8acfea42df31fdae71f97be,G
mmlu_pro:test:6407,health,10,80,6243,b189ec765aa7ed75c8acfea42df31fdae71f97be,J
mmlu_pro:test:6408,health,10,75,6244,b189ec765aa7ed75c8acfea42df31fdae71f97be,F
mmlu_pro:test:6409,health,10,151,6245,b189ec765aa7ed75c8acfea42df31fdae71f97be,B
mmlu_pro:test:6410,health,10,78,6246,b189ec765aa7ed75c8acfea42df31fdae71f97be,I
mmlu_pro:test:6411,health,8,76,6247,b189ec765aa7ed75c8acfea42df31fdae71f97be,C
mmlu_pro:test:6413,health,7,59,6249,b189ec765aa7ed75c8acfea42df31fdae71f97be,C
mmlu_pro:test:6414,health,10,123,6250,b189ec765aa7ed75c8acfea42df31fdae71f97be,B
mmlu_pro:test:6415,health,10,64,6251,b189ec765aa7ed75c8acfea42df31fdae71f97be,E
mmlu_pro:test:6416,health,10,69,6252,b189ec765aa7ed75c8acfea42df31fdae71f97be,J
mmlu_pro:test:6417,health,10,34,6253,b189ec765aa7ed75c8acfea42df31fdae71f97be,F
mmlu_pro:test:6418,health,10,122,6254,b189ec765aa7ed75c8acfea42df31fdae71f97be,H
mmlu_pro:test:6419,health,10,157,6255,b189ec765aa7ed75c8acfea42df31fdae71f97be,B
mmlu_pro:test:6420,health,10,115,6256,b189ec765aa7ed75c8acfea42df31fdae71f97be,H
mmlu_pro:test:6421,health,10,123,6257,b189ec765aa7ed75c8acfea42df31fdae71f97be,D
mmlu_pro:test:6422,health,10,81,6258,b189ec765aa7ed75c8acfea42df31fdae71f97be,I
mmlu_pro:test:6423,health,7,78,6259,b189ec765aa7ed75c8acfea42df31fdae71f97be,G
mmlu_pro:test:6424,health,9,137,6260,b189ec765aa7ed75c8acfea42df31fdae71f97be,C
mmlu_pro:test:6425,health,10,105,6261,b189ec765aa7ed75c8acfea42df31fdae71f97be,B
mmlu_pro:test:6426,health,10,28,6262,b189ec765aa7ed75c8acfea42df31fdae71f97be,D
mmlu_pro:test:6427,health,9,58,6263,b189ec765aa7ed75c8acfea42df31fdae71f97be,G
mmlu_pro:test:6428,health,10,74,6264,b189ec765aa7ed75c8acfea42df31fdae71f97be,B
mmlu_pro:test:6429,health,10,85,6265,b189ec765aa7ed75c8acfea42df31fdae71f97be,G
mmlu_pro:test:6430,health,10,667,6266,b189ec765aa7ed75c8acfea42df31fdae71f97be,J
mmlu_pro:test:6431,health,10,626,6267,b189ec765aa7ed75c8acfea42df31fdae71f97be,D
mmlu_pro:test:6432,health,10,412,6268,b189ec765aa7ed75c8acfea42df31fdae71f97be,F
mmlu_pro:test:6433,health,10,620,6269,b189ec765aa7ed75c8acfea42df31fdae71f97be,G
mmlu_pro:test:6434,health,10,620,6270,b189ec765aa7ed75c8acfea42df31fdae71f97be,B
mmlu_pro:test:6435,health,10,368,6271,b189ec765aa7ed75c8acfea42df31fdae71f97be,G
mmlu_pro:test:6436,health,10,368,6272,b189ec765aa7ed75c8acfea42df31fdae71f97be,A
mmlu_pro:test:6437,health,4,865,6273,b189ec765aa7ed75c8acfea42df31fdae71f97be,D
mmlu_pro:test:6438,health,4,532,6274,b189ec765aa7ed75c8acfea42df31fdae71f97be,D
mmlu_pro:test:6439,health,10,904,6275,b189ec765aa7ed75c8acfea42df31fdae71f97be,C
mmlu_pro:test:6440,health,10,904,6276,b189ec765aa7ed75c8acfea42df31fdae71f97be,E
mmlu_pro:test:6441,health,10,342,6277,b189ec765aa7ed75c8acfea42df31fdae71f97be,I
mmlu_pro:test:6442,health,10,342,6278,b189ec765aa7ed75c8acfea42df31fdae71f97be,F
mmlu_pro:test:6443,health,4,1222,6279,b189ec765aa7ed75c8acfea42df31fdae71f97be,B
mmlu_pro:test:6444,health,10,397,6280,b189ec765aa7ed75c8acfea42df31fdae71f97be,J
mmlu_pro:test:6445,health,10,397,6281,b189ec765aa7ed75c8acfea42df31fdae71f97be,I
mmlu_pro:test:6446,health,10,284,6282,b189ec765aa7ed75c8acfea42df31fdae71f97be,H
mmlu_pro:test:6447,health,10,284,6283,b189ec765aa7ed75c8acfea42df31fdae71f97be,E
mmlu_pro:test:6448,health,9,377,6284,b189ec765aa7ed75c8acfea42df31fdae71f97be,F
mmlu_pro:test:6449,health,9,377,6285,b189ec765aa7ed75c8acfea42df31fdae71f97be,G
mmlu_pro:test:6450,health,10,727,6286,b189ec765aa7ed75c8acfea42df31fdae71f97be,E
mmlu_pro:test:6451,health,10,727,6287,b189ec765aa7ed75c8acfea42df31fdae71f97be,J
mmlu_pro:test:6453,health,10,61,6289,b189ec765aa7ed75c8acfea42df31fdae71f97be,J
mmlu_pro:test:6454,health,4,121,6290,b189ec765aa7ed75c8acfea42df31fdae71f97be,B
mmlu_pro:test:6455,health,8,37,6291,b189ec765aa7ed75c8acfea42df31fdae71f97be,E
mmlu_pro:test:6456,health,10,261,6292,b189ec765aa7ed75c8acfea42df31fdae71f97be,F
mmlu_pro:test:6457,health,10,90,6293,b189ec765aa7ed75c8acfea42df31fdae71f97be,E
mmlu_pro:test:6458,health,10,77,6294,b189ec765aa7ed75c8acfea42df31fdae71f97be,B
mmlu_pro:test:6459,health,10,112,6295,b189ec765aa7ed75c8acfea42df31fdae71f97be,I
mmlu_pro:test:6460,health,10,33,6296,b189ec765aa7ed75c8acfea42df31fdae71f97be,A
mmlu_pro:test:6461,health,10,148,6297,b189ec765aa7ed75c8acfea42df31fdae71f97be,D
mmlu_pro:test:6462,health,10,41,6298,b189ec765aa7ed75c8acfea42df31fdae71f97be,G
mmlu_pro:test:6463,health,10,127,6299,b189ec765aa7ed75c8acfea42df31fdae71f97be,F
mmlu_pro:test:6464,health,10,98,6300,b189ec765aa7ed75c8acfea42df31fdae71f97be,D
mmlu_pro:test:6465,health,10,35,6301,b189ec765aa7ed75c8acfea42df31fdae71f97be,C
mmlu_pro:test:6467,health,10,53,6303,b189ec765aa7ed75c8acfea42df31fdae71f97be,B
mmlu_pro:test:6468,health,10,82,6304,b189ec765aa7ed75c8acfea42df31fdae71f97be,H
mmlu_pro:test:6469,health,10,67,6305,b189ec765aa7ed75c8acfea42df31fdae71f97be,H
mmlu_pro:test:6470,health,10,115,6306,b189ec765aa7ed75c8acfea42df31fdae71f97be,D
mmlu_pro:test:6471,health,10,75,6307,b189ec765aa7ed75c8acfea42df31fdae71f97be,E
mmlu_pro:test:6472,health,10,83,6308,b189ec765aa7ed75c8acfea42df31fdae71f97be,C
mmlu_pro:test:6473,health,10,76,6309,b189ec765aa7ed75c8acfea42df31fdae71f97be,H
mmlu_pro:test:6474,health,10,53,6310,b189ec765aa7ed75c8acfea42df31fdae71f97be,D
mmlu_pro:test:6475,health,10,149,6311,b189ec765aa7ed75c8acfea42df31fdae71f97be,F
mmlu_pro:test:6476,health,10,56,6312,b189ec765aa7ed75c8acfea42df31fdae71f97be,F
mmlu_pro:test:6477,health,10,85,6313,b189ec765aa7ed75c8acfea42df31fdae71f97be,C
mmlu_pro:test:6478,health,10,53,6314,b189ec765aa7ed75c8acfea42df31fdae71f97be,C
mmlu_pro:test:6479,health,10,86,6315,b189ec765aa7ed75c8acfea42df31fdae71f97be,E
mmlu_pro:test:6480,health,10,66,6316,b189ec765aa7ed75c8acfea42df31fdae71f97be,G
mmlu_pro:test:6481,health,10,32,6317,b189ec765aa7ed75c8acfea42df31fdae71f97be,E
mmlu_pro:test:6482,health,10,51,6318,b189ec765aa7ed75c8acfea42df31fdae71f97be,E
mmlu_pro:test:6483,health,10,28,6319,b189ec765aa7ed75c8acfea42df31fdae71f97be,F
mmlu_pro:test:6484,health,10,81,6320,b189ec765aa7ed75c8acfea42df31fdae71f97be,F
mmlu_pro:test:6485,health,10,56,6321,b189ec765aa7ed75c8acfea42df31fdae71f97be,E
mmlu_pro:test:6486,health,10,72,6322,b189ec765aa7ed75c8acfea42df31fdae71f97be,G
mmlu_pro:test:6487,health,10,963,6323,b189ec765aa7ed75c8acfea42df31fdae71f97be,B
mmlu_pro:test:6488,health,10,918,6324,b189ec765aa7ed75c8acfea42df31fdae71f97be,B
mmlu_pro:test:6490,health,9,272,6326,b189ec765aa7ed75c8acfea42df31fdae71f97be,D
mmlu_pro:test:6491,health,10,410,6327,b189ec765aa7ed75c8acfea42df31fdae71f97be,G
mmlu_pro:test:6492,health,9,410,6328,b189ec765aa7ed75c8acfea42df31fdae71f97be,F
mmlu_pro:test:6493,health,10,425,6329,b189ec765aa7ed75c8acfea42df31fdae71f97be,D
mmlu_pro:test:6494,health,10,425,6330,b189ec765aa7ed75c8acfea42df31fdae71f97be,H
mmlu_pro:test:6496,health,10,439,6332,b189ec765aa7ed75c8acfea42df31fdae71f97be,C
mmlu_pro:test:6497,health,10,422,6333,b189ec765aa7ed75c8acfea42df31fdae71f97be,H
mmlu_pro:test:6498,health,10,422,6334,b189ec765aa7ed75c8acfea42df31fdae71f97be,A
mmlu_pro:test:6499,health,10,285,6335,b189ec765aa7ed75c8acfea42df31fdae71f97be,A
mmlu_pro:test:6500,health,4,419,6336,b189ec765aa7ed75c8acfea42df31fdae71f97be,C
mmlu_pro:test:6501,health,10,1274,6337,b189ec765aa7ed75c8acfea42df31fdae71f97be,B
mmlu_pro:test:6502,health,10,1274,6338,b189ec765aa7ed75c8acfea42df31fdae71f97be,G
mmlu_pro:test:6503,health,10,363,6339,b189ec765aa7ed75c8acfea42df31fdae71f97be,C
mmlu_pro:test:6504,health,10,363,6340,b189ec765aa7ed75c8acfea42df31fdae71f97be,I
mmlu_pro:test:6505,health,4,646,6341,b189ec765aa7ed75c8acfea42df31fdae71f97be,A
mmlu_pro:test:6506,health,10,646,6342,b189ec765aa7ed75c8acfea42df31fdae71f97be,E
mmlu_pro:test:6507,health,10,538,6343,b189ec765aa7ed75c8acfea42df31fdae71f97be,G
mmlu_pro:test:6508,health,10,538,6344,b189ec765aa7ed75c8acfea42df31fdae71f97be,I
mmlu_pro:test:6509,health,6,54,6345,b189ec765aa7ed75c8acfea42df31fdae71f97be,E
mmlu_pro:test:6510,health,10,83,6346,b189ec765aa7ed75c8acfea42df31fdae71f97be,C
mmlu_pro:test:6511,health,10,83,6347,b189ec765aa7ed75c8acfea42df31fdae71f97be,I
mmlu_pro:test:6512,health,10,96,6348,b189ec765aa7ed75c8acfea42df31fdae71f97be,J
mmlu_pro:test:6513,health,4,81,6349,b189ec765aa7ed75c8acfea42df31fdae71f97be,C
mmlu_pro:test:6514,health,9,90,6350,b189ec765aa7ed75c8acfea42df31fdae71f97be,G
mmlu_pro:test:6515,health,10,55,6351,b189ec765aa7ed75c8acfea42df31fdae71f97be,B
mmlu_pro:test:6516,health,9,71,6352,b189ec765aa7ed75c8acfea42df31fdae71f97be,B
mmlu_pro:test:6517,health,10,58,6353,b189ec765aa7ed75c8acfea42df31fdae71f97be,F
mmlu_pro:test:6518,health,4,44,6354,b189ec765aa7ed75c8acfea42df31fdae71f97be,B
mmlu_pro:test:6519,health,4,70,6355,b189ec765aa7ed75c8acfea42df31fdae71f97be,C
mmlu_pro:test:6520,health,10,53,6356,b189ec765aa7ed75c8acfea42df31fdae71f97be,D
mmlu_pro:test:6521,health,10,357,6357,b189ec765aa7ed75c8acfea42df31fdae71f97be,C
mmlu_pro:test:6522,health,10,484,6358,b189ec765aa7ed75c8acfea42df31fdae71f97be,F
mmlu_pro:test:6523,health,10,499,6359,b189ec765aa7ed75c8acfea42df31fdae71f97be,G
mmlu_pro:test:6525,health,10,464,6361,b189ec765aa7ed75c8acfea42df31fdae71f97be,H
mmlu_pro:test:6526,health,10,44,6362,b189ec765aa7ed75c8acfea42df31fdae71f97be,J
mmlu_pro:test:6527,health,8,61,6363,b189ec765aa7ed75c8acfea42df31fdae71f97be,C
mmlu_pro:test:6528,health,10,54,6364,b189ec765aa7ed75c8acfea42df31fdae71f97be,I
mmlu_pro:test:6529,health,9,68,6365,b189ec765aa7ed75c8acfea42df31fdae71f97be,F
mmlu_pro:test:6530,health,10,81,6366,b189ec765aa7ed75c8acfea42df31fdae71f97be,J
mmlu_pro:test:6531,health,10,26,6367,b189ec765aa7ed75c8acfea42df31fdae71f97be,A
mmlu_pro:test:6532,health,10,73,6368,b189ec765aa7ed75c8acfea42df31fdae71f97be,H
mmlu_pro:test:6533,health,10,94,6369,b189ec765aa7ed75c8acfea42df31fdae71f97be,E
mmlu_pro:test:6534,health,10,53,6370,b189ec765aa7ed75c8acfea42df31fdae71f97be,G
mmlu_pro:test:6535,health,10,77,6371,b189ec765aa7ed75c8acfea42df31fdae71f97be,J
mmlu_pro:test:6536,health,10,123,6372,b189ec765aa7ed75c8acfea42df31fdae71f97be,E
mmlu_pro:test:6537,health,10,74,6373,b189ec765aa7ed75c8acfea42df31fdae71f97be,B
mmlu_pro:test:6539,health,10,21,6374,b189ec765aa7ed75c8acfea42df31fdae71f97be,I
mmlu_pro:test:6540,health,10,825,6375,b189ec765aa7ed75c8acfea42df31fdae71f97be,E
mmlu_pro:test:6541,health,4,1261,6376,b189ec765aa7ed75c8acfea42df31fdae71f97be,D
mmlu_pro:test:6543,health,9,559,6378,b189ec765aa7ed75c8acfea42df31fdae71f97be,E
mmlu_pro:test:6544,health,10,1270,6379,b189ec765aa7ed75c8acfea42df31fdae71f97be,E
mmlu_pro:test:6545,health,10,1270,6380,b189ec765aa7ed75c8acfea42df31fdae71f97be,B
mmlu_pro:test:6546,health,8,1096,6381,b189ec765aa7ed75c8acfea42df31fdae71f97be,B
mmlu_pro:test:6547,health,6,1096,6382,b189ec765aa7ed75c8acfea42df31fdae71f97be,B
mmlu_pro:test:6548,health,10,373,6383,b189ec765aa7ed75c8acfea42df31fdae71f97be,E
mmlu_pro:test:6550,health,10,872,6385,b189ec765aa7ed75c8acfea42df31fdae71f97be,C
mmlu_pro:test:6551,health,10,872,6386,b189ec765aa7ed75c8acfea42df31fdae71f97be,G
mmlu_pro:test:6552,health,4,357,6387,b189ec765aa7ed75c8acfea42df31fdae71f97be,D
mmlu_pro:test:6553,health,10,640,6388,b189ec765aa7ed75c8acfea42df31fdae71f97be,A
mmlu_pro:test:6554,health,10,640,6389,b189ec765aa7ed75c8acfea42df31fdae71f97be,G
mmlu_pro:test:6555,health,10,749,6390,b189ec765aa7ed75c8acfea42df31fdae71f97be,A
mmlu_pro:test:6556,health,10,749,6391,b189ec765aa7ed75c8acfea42df31fdae71f97be,I
mmlu_pro:test:6558,health,10,460,6393,b189ec765aa7ed75c8acfea42df31fdae71f97be,B
mmlu_pro:test:6559,health,10,631,6394,b189ec765aa7ed75c8acfea42df31fdae71f97be,J
mmlu_pro:test:6560,health,10,631,6395,b189ec765aa7ed75c8acfea42df31fdae71f97be,A
mmlu_pro:test:6561,health,9,329,6396,b189ec765aa7ed75c8acfea42df31fdae71f97be,F
mmlu_pro:test:6562,health,10,329,6397,b189ec765aa7ed75c8acfea42df31fdae71f97be,G
mmlu_pro:test:6563,health,10,700,6398,b189ec765aa7ed75c8acfea42df31fdae71f97be,G
mmlu_pro:test:6564,health,10,700,6399,b189ec765aa7ed75c8acfea42df31fdae71f97be,B
mmlu_pro:test:6565,health,10,129,6400,b189ec765aa7ed75c8acfea42df31fdae71f97be,D
mmlu_pro:test:6566,health,10,129,6401,b189ec765aa7ed75c8acfea42df31fdae71f97be,J
mmlu_pro:test:6567,health,4,100,6402,b189ec765aa7ed75c8acfea42df31fdae71f97be,B
mmlu_pro:test:6569,health,10,67,6404,b189ec765aa7ed75c8acfea42df31fdae71f97be,A
mmlu_pro:test:6570,health,9,67,6405,b189ec765aa7ed75c8acfea42df31fdae71f97be,A
mmlu_pro:test:6571,health,4,120,6406,b189ec765aa7ed75c8acfea42df31fdae71f97be,A
mmlu_pro:test:6572,health,9,120,6407,b189ec765aa7ed75c8acfea42df31fdae71f97be,D
mmlu_pro:test:6573,health,9,73,6408,b189ec765aa7ed75c8acfea42df31fdae71f97be,G
mmlu_pro:test:6574,health,10,55,6409,b189ec765aa7ed75c8acfea42df31fdae71f97be,G
mmlu_pro:test:6575,health,10,55,6410,b189ec765aa7ed75c8acfea42df31fdae71f97be,J
mmlu_pro:test:6576,health,4,71,6411,b189ec765aa7ed75c8acfea42df31fdae71f97be,A
mmlu_pro:test:6577,health,10,71,6412,b189ec765aa7ed75c8acfea42df31fdae71f97be,A
mmlu_pro:test:6578,health,10,104,6413,b189ec765aa7ed75c8acfea42df31fdae71f97be,A
mmlu_pro:test:6579,health,10,47,6414,b189ec765aa7ed75c8acfea42df31fdae71f97be,H
mmlu_pro:test:6580,health,10,47,6415,b189ec765aa7ed75c8acfea42df31fdae71f97be,E
mmlu_pro:test:6581,health,10,65,6416,b189ec765aa7ed75c8acfea42df31fdae71f97be,A
mmlu_pro:test:6582,health,10,95,6417,b189ec765aa7ed75c8acfea42df31fdae71f97be,H
mmlu_pro:test:6583,health,10,46,6418,b189ec765aa7ed75c8acfea42df31fdae71f97be,E
mmlu_pro:test:6584,health,10,118,6419,b189ec765aa7ed75c8acfea42df31fdae71f97be,E
mmlu_pro:test:6585,health,10,63,6420,b189ec765aa7ed75c8acfea42df31fdae71f97be,J
mmlu_pro:test:6586,health,8,72,6421,b189ec765aa7ed75c8acfea42df31fdae71f97be,C
mmlu_pro:test:6587,health,10,104,6422,b189ec765aa7ed75c8acfea42df31fdae71f97be,F
mmlu_pro:test:6588,health,10,84,6423,b189ec765aa7ed75c8acfea42df31fdae71f97be,F
mmlu_pro:test:6589,health,10,194,6424,b189ec765aa7ed75c8acfea42df31fdae71f97be,A
mmlu_pro:test:6590,health,10,103,6425,b189ec765aa7ed75c8acfea42df31fdae71f97be,J
mmlu_pro:test:6592,health,10,142,6427,b189ec765aa7ed75c8acfea42df31fdae71f97be,J
mmlu_pro:test:6593,health,10,93,6428,b189ec765aa7ed75c8acfea42df31fdae71f97be,G
mmlu_pro:test:6594,health,10,104,6429,b189ec765aa7ed75c8acfea42df31fdae71f97be,A
mmlu_pro:test:6595,health,10,54,6430,b189ec765aa7ed75c8acfea42df31fdae71f97be,A
mmlu_pro:test:6597,health,10,99,6432,b189ec765aa7ed75c8acfea42df31fdae71f97be,B
mmlu_pro:test:6598,health,10,67,6433,b189ec765aa7ed75c8acfea42df31fdae71f97be,E
mmlu_pro:test:6599,health,10,75,6434,b189ec765aa7ed75c8acfea42df31fdae71f97be,I
mmlu_pro:test:6600,health,9,49,6435,b189ec765aa7ed75c8acfea42df31fdae71f97be,G
mmlu_pro:test:6601,health,10,89,6436,b189ec765aa7ed75c8acfea42df31fdae71f97be,I
mmlu_pro:test:6602,health,10,89,6437,b189ec765aa7ed75c8acfea42df31fdae71f97be,J
mmlu_pro:test:6603,health,10,32,6438,b189ec765aa7ed75c8acfea42df31fdae71f97be,F
mmlu_pro:test:6604,health,10,262,6439,b189ec765aa7ed75c8acfea42df31fdae71f97be,A
mmlu_pro:test:6605,health,10,42,6440,b189ec765aa7ed75c8acfea42df31fdae71f97be,C
mmlu_pro:test:6606,health,9,90,6441,b189ec765aa7ed75c8acfea42df31fdae71f97be,C
mmlu_pro:test:6607,health,10,105,6442,b189ec765aa7ed75c8acfea42df31fdae71f97be,E
mmlu_pro:test:6608,health,10,504,6443,b189ec765aa7ed75c8acfea42df31fdae71f97be,A
mmlu_pro:test:6609,health,10,375,6444,b189ec765aa7ed75c8acfea42df31fdae71f97be,F
mmlu_pro:test:6610,health,4,757,6445,b189ec765aa7ed75c8acfea42df31fdae71f97be,B
mmlu_pro:test:6611,health,10,774,6446,b189ec765aa7ed75c8acfea42df31fdae71f97be,E
mmlu_pro:test:6612,health,10,377,6447,b189ec765aa7ed75c8acfea42df31fdae71f97be,J
mmlu_pro:test:6613,health,10,377,6448,b189ec765aa7ed75c8acfea42df31fdae71f97be,I
mmlu_pro:test:6614,health,10,707,6449,b189ec765aa7ed75c8acfea42df31fdae71f97be,F
mmlu_pro:test:6615,health,8,707,6450,b189ec765aa7ed75c8acfea42df31fdae71f97be,E
mmlu_pro:test:6616,health,10,404,6451,b189ec765aa7ed75c8acfea42df31fdae71f97be,D
mmlu_pro:test:6617,health,9,404,6452,b189ec765aa7ed75c8acfea42df31fdae71f97be,D
mmlu_pro:test:6618,health,10,926,6453,b189ec765aa7ed75c8acfea42df31fdae71f97be,E
mmlu_pro:test:6619,health,10,926,6454,b189ec765aa7ed75c8acfea42df31fdae71f97be,F
mmlu_pro:test:6620,health,9,558,6455,b189ec765aa7ed75c8acfea42df31fdae71f97be,A
mmlu_pro:test:6621,health,10,45,6456,b189ec765aa7ed75c8acfea42df31fdae71f97be,E
mmlu_pro:test:6623,health,10,22,6458,b189ec765aa7ed75c8acfea42df31fdae71f97be,C
mmlu_pro:test:6625,health,5,80,6460,b189ec765aa7ed75c8acfea42df31fdae71f97be,E
mmlu_pro:test:6626,health,9,25,6461,b189ec765aa7ed75c8acfea42df31fdae71f97be,I
mmlu_pro:test:6627,health,4,25,6462,b189ec765aa7ed75c8acfea42df31fdae71f97be,B
mmlu_pro:test:6628,health,4,102,6463,b189ec765aa7ed75c8acfea42df31fdae71f97be,D
mmlu_pro:test:6629,health,5,102,6464,b189ec765aa7ed75c8acfea42df31fdae71f97be,E
mmlu_pro:test:6630,health,8,100,6465,b189ec765aa7ed75c8acfea42df31fdae71f97be,A
mmlu_pro:test:6631,health,10,70,6466,b189ec765aa7ed75c8acfea42df31fdae71f97be,I
mmlu_pro:test:6632,health,10,104,6467,b189ec765aa7ed75c8acfea42df31fdae71f97be,H
mmlu_pro:test:6633,health,10,134,6468,b189ec765aa7ed75c8acfea42df31fdae71f97be,E
mmlu_pro:test:6634,health,10,167,6469,b189ec765aa7ed75c8acfea42df31fdae71f97be,I
mmlu_pro:test:6635,health,10,167,6470,b189ec765aa7ed75c8acfea42df31fdae71f97be,F
mmlu_pro:test:6636,health,3,47,6471,b189ec765aa7ed75c8acfea42df31fdae71f97be,B
mmlu_pro:test:6638,health,4,67,6473,b189ec765aa7ed75c8acfea42df31fdae71f97be,B
mmlu_pro:test:6639,health,10,221,6474,b189ec765aa7ed75c8acfea42df31fdae71f97be,B
mmlu_pro:test:6640,health,4,110,6475,b189ec765aa7ed75c8acfea42df31fdae71f97be,C
mmlu_pro:test:6641,health,4,57,6476,b189ec765aa7ed75c8acfea42df31fdae71f97be,A
mmlu_pro:test:6642,health,8,108,6477,b189ec765aa7ed75c8acfea42df31fdae71f97be,E
mmlu_pro:test:6643,health,10,55,6478,b189ec765aa7ed75c8acfea42df31fdae71f97be,I
mmlu_pro:test:6644,health,10,94,6479,b189ec765aa7ed75c8acfea42df31fdae71f97be,E
mmlu_pro:test:6645,health,10,324,6480,b189ec765aa7ed75c8acfea42df31fdae71f97be,H
mmlu_pro:test:6646,health,10,865,6481,b189ec765aa7ed75c8acfea42df31fdae71f97be,B
mmlu_pro:test:6647,health,8,452,6482,b189ec765aa7ed75c8acfea42df31fdae71f97be,B
mmlu_pro:test:6648,health,10,42,6483,b189ec765aa7ed75c8acfea42df31fdae71f97be,B
mmlu_pro:test:6649,health,9,16,6484,b189ec765aa7ed75c8acfea42df31fdae71f97be,B
mmlu_pro:test:6650,health,10,43,6485,b189ec765aa7ed75c8acfea42df31fdae71f97be,H
mmlu_pro:test:6651,health,9,81,6486,b189ec765aa7ed75c8acfea42df31fdae71f97be,D
mmlu_pro:test:6652,health,9,140,6487,b189ec765aa7ed75c8acfea42df31fdae71f97be,E
mmlu_pro:test:6653,health,8,58,6488,b189ec765aa7ed75c8acfea42df31fdae71f97be,H
mmlu_pro:test:6655,health,10,20,6490,b189ec765aa7ed75c8acfea42df31fdae71f97be,D
mmlu_pro:test:6656,health,10,128,6491,b189ec765aa7ed75c8acfea42df31fdae71f97be,G
mmlu_pro:test:6657,health,10,211,6492,b189ec765aa7ed75c8acfea42df31fdae71f97be,C
mmlu_pro:test:6658,health,10,171,6493,b189ec765aa7ed75c8acfea42df31fdae71f97be,B
mmlu_pro:test:6659,health,10,82,6494,b189ec765aa7ed75c8acfea42df31fdae71f97be,G
mmlu_pro:test:6660,health,10,101,6495,b189ec765aa7ed75c8acfea42df31fdae71f97be,A
mmlu_pro:test:6661,health,10,122,6496,b189ec765aa7ed75c8acfea42df31fdae71f97be,F
mmlu_pro:test:6663,health,10,80,6498,b189ec765aa7ed75c8acfea42df31fdae71f97be,D
mmlu_pro:test:6664,health,10,473,6499,b189ec765aa7ed75c8acfea42df31fdae71f97be,I
mmlu_pro:test:6665,health,10,778,6500,b189ec765aa7ed75c8acfea42df31fdae71f97be,C
mmlu_pro:test:6666,health,10,562,6501,b189ec765aa7ed75c8acfea42df31fdae71f97be,I
mmlu_pro:test:6667,health,10,562,6502,b189ec765aa7ed75c8acfea42df31fdae71f97be,F
mmlu_pro:test:6668,health,8,513,6503,b189ec765aa7ed75c8acfea42df31fdae71f97be,E
mmlu_pro:test:6669,health,10,866,6504,b189ec765aa7ed75c8acfea42df31fdae71f97be,D
mmlu_pro:test:6670,health,10,866,6505,b189ec765aa7ed75c8acfea42df31fdae71f97be,A
mmlu_pro:test:6671,health,9,588,6506,b189ec765aa7ed75c8acfea42df31fdae71f97be,G
mmlu_pro:test:6672,health,10,525,6507,b189ec765aa7ed75c8acfea42df31fdae71f97be,D
mmlu_pro:test:6673,health,10,525,6508,b189ec765aa7ed75c8acfea42df31fdae71f97be,A
mmlu_pro:test:6674,health,10,612,6509,b189ec765aa7ed75c8acfea42df31fdae71f97be,I
mmlu_pro:test:6675,health,10,612,6510,b189ec765aa7ed75c8acfea42df31fdae71f97be,E
mmlu_pro:test:6676,health,4,382,6511,b189ec765aa7ed75c8acfea42df31fdae71f97be,C
mmlu_pro:test:6677,health,10,513,6512,b189ec765aa7ed75c8acfea42df31fdae71f97be,D
mmlu_pro:test:6678,health,10,513,6513,b189ec765aa7ed75c8acfea42df31fdae71f97be,E
mmlu_pro:test:6681,health,9,535,6516,b189ec765aa7ed75c8acfea42df31fdae71f97be,H
mmlu_pro:test:6682,health,10,317,6517,b189ec765aa7ed75c8acfea42df31fdae71f97be,H
mmlu_pro:test:6683,health,10,317,6518,b189ec765aa7ed75c8acfea42df31fdae71f97be,J
mmlu_pro:test:6684,health,4,689,6519,b189ec765aa7ed75c8acfea42df31fdae71f97be,D
mmlu_pro:test:6685,health,10,1318,6520,b189ec765aa7ed75c8acfea42df31fdae71f97be,B
mmlu_pro:test:6686,health,10,1318,6521,b189ec765aa7ed75c8acfea42df31fdae71f97be,J
mmlu_pro:test:6687,health,4,770,6522,b189ec765aa7ed75c8acfea42df31fdae71f97be,B
mmlu_pro:test:6688,health,4,655,6523,b189ec765aa7ed75c8acfea42df31fdae71f97be,D
mmlu_pro:test:6689,health,10,655,6524,b189ec765aa7ed75c8acfea42df31fdae71f97be,A
mmlu_pro:test:6690,health,4,534,6525,b189ec765aa7ed75c8acfea42df31fdae71f97be,A
mmlu_pro:test:6691,health,10,534,6526,b189ec765aa7ed75c8acfea42df31fdae71f97be,J
mmlu_pro:test:6692,health,10,750,6527,b189ec765aa7ed75c8acfea42df31fdae71f97be,I
mmlu_pro:test:6693,health,10,750,6528,b189ec765aa7ed75c8acfea42df31fdae71f97be,B
mmlu_pro:test:6695,health,10,87,6529,b189ec765aa7ed75c8acfea42df31fdae71f97be,C
mmlu_pro:test:6696,health,7,80,6530,b189ec765aa7ed75c8acfea42df31fdae71f97be,F
mmlu_pro:test:6697,health,8,80,6531,b189ec765aa7ed75c8acfea42df31fdae71f97be,F
mmlu_pro:test:6698,health,9,55,6532,b189ec765aa7ed75c8acfea42df31fdae71f97be,F
mmlu_pro:test:6699,health,10,65,6533,b189ec765aa7ed75c8acfea42df31fdae71f97be,F
mmlu_pro:test:6700,health,10,65,6534,b189ec765aa7ed75c8acfea42df31fdae71f97be,I
mmlu_pro:test:6701,health,10,82,6535,b189ec765aa7ed75c8acfea42df31fdae71f97be,I
mmlu_pro:test:6702,health,10,82,6536,b189ec765aa7ed75c8acfea42df31fdae71f97be,E
mmlu_pro:test:6703,health,4,87,6537,b189ec765aa7ed75c8acfea42df31fdae71f97be,D
mmlu_pro:test:6704,health,10,87,6538,b189ec765aa7ed75c8acfea42df31fdae71f97be,I
mmlu_pro:test:6705,health,4,124,6539,b189ec765aa7ed75c8acfea42df31fdae71f97be,A
mmlu_pro:test:6706,health,10,102,6540,b189ec765aa7ed75c8acfea42df31fdae71f97be,H
mmlu_pro:test:6707,health,8,157,6541,b189ec765aa7ed75c8acfea42df31fdae71f97be,G
mmlu_pro:test:6708,health,8,118,6542,b189ec765aa7ed75c8acfea42df31fdae71f97be,F
mmlu_pro:test:6709,health,9,45,6543,b189ec765aa7ed75c8acfea42df31fdae71f97be,I
mmlu_pro:test:6710,health,10,26,6544,b189ec765aa7ed75c8acfea42df31fdae71f97be,E
mmlu_pro:test:6711,health,3,316,6545,b189ec765aa7ed75c8acfea42df31fdae71f97be,C
mmlu_pro:test:6712,health,9,44,6546,b189ec765aa7ed75c8acfea42df31fdae71f97be,C
mmlu_pro:test:6713,health,9,88,6547,b189ec765aa7ed75c8acfea42df31fdae71f97be,E
mmlu_pro:test:6714,health,4,73,6548,b189ec765aa7ed75c8acfea42df31fdae71f97be,A
mmlu_pro:test:6715,health,10,70,6549,b189ec765aa7ed75c8acfea42df31fdae71f97be,A
mmlu_pro:test:6716,health,10,48,6550,b189ec765aa7ed75c8acfea42df31fdae71f97be,D
mmlu_pro:test:6717,health,10,51,6551,b189ec765aa7ed75c8acfea42df31fdae71f97be,C
mmlu_pro:test:6718,health,10,4509,6552,b189ec765aa7ed75c8acfea42df31fdae71f97be,G
mmlu_pro:test:6719,health,8,71,6553,b189ec765aa7ed75c8acfea42df31fdae71f97be,B
mmlu_pro:test:6720,health,10,53,6554,b189ec765aa7ed75c8acfea42df31fdae71f97be,E
mmlu_pro:test:6721,health,9,32,6555,b189ec765aa7ed75c8acfea42df31fdae71f97be,I
mmlu_pro:test:6722,health,8,26,6556,b189ec765aa7ed75c8acfea42df31fdae71f97be,B
mmlu_pro:test:6723,health,10,52,6557,b189ec765aa7ed75c8acfea42df31fdae71f97be,A
mmlu_pro:test:6724,health,10,76,6558,b189ec765aa7ed75c8acfea42df31fdae71f97be,C
mmlu_pro:test:6725,health,10,72,6559,b189ec765aa7ed75c8acfea42df31fdae71f97be,H
mmlu_pro:test:6726,health,10,97,6560,b189ec765aa7ed75c8acfea42df31fdae71f97be,B
mmlu_pro:test:6727,health,10,79,6561,b189ec765aa7ed75c8acfea42df31fdae71f97be,A
mmlu_pro:test:6728,health,10,66,6562,b189ec765aa7ed75c8acfea42df31fdae71f97be,D
mmlu_pro:test:6729,health,10,70,6563,b189ec765aa7ed75c8acfea42df31fdae71f97be,F
mmlu_pro:test:6730,health,10,78,6564,b189ec765aa7ed75c8acfea42df31fdae71f97be,I
mmlu_pro:test:6731,health,9,75,6565,b189ec765aa7ed75c8acfea42df31fdae71f97be,G
mmlu_pro:test:6732,health,7,69,6566,b189ec765aa7ed75c8acfea42df31fdae71f97be,F
mmlu_pro:test:6733,health,10,56,6567,b189ec765aa7ed75c8acfea42df31fdae71f97be,D
mmlu_pro:test:6734,health,10,65,6568,b189ec765aa7ed75c8acfea42df31fdae71f97be,C
mmlu_pro:test:6735,health,7,70,6569,b189ec765aa7ed75c8acfea42df31fdae71f97be,B
mmlu_pro:test:6736,health,10,64,6570,b189ec765aa7ed75c8acfea42df31fdae71f97be,H
mmlu_pro:test:6737,health,10,80,6571,b189ec765aa7ed75c8acfea42df31fdae71f97be,I
mmlu_pro:test:6738,health,10,24,6572,b189ec765aa7ed75c8acfea42df31fdae71f97be,E
mmlu_pro:test:6739,health,10,106,6573,b189ec765aa7ed75c8acfea42df31fdae71f97be,J
mmlu_pro:test:6740,health,7,57,6574,b189ec765aa7ed75c8acfea42df31fdae71f97be,G
mmlu_pro:test:6741,health,8,65,6575,b189ec765aa7ed75c8acfea42df31fdae71f97be,E
mmlu_pro:test:6742,health,10,238,6576,b189ec765aa7ed75c8acfea42df31fdae71f97be,I
mmlu_pro:test:6743,health,10,83,6577,b189ec765aa7ed75c8acfea42df31fdae71f97be,H
mmlu_pro:test:6744,health,10,66,6578,b189ec765aa7ed75c8acfea42df31fdae71f97be,C
mmlu_pro:test:6745,health,9,44,6579,b189ec765aa7ed75c8acfea42df31fdae71f97be,B
mmlu_pro:test:6746,health,10,88,6580,b189ec765aa7ed75c8acfea42df31fdae71f97be,F
mmlu_pro:test:6747,health,10,174,6581,b189ec765aa7ed75c8acfea42df31fdae71f97be,A
mmlu_pro:test:6748,health,10,671,6582,b189ec765aa7ed75c8acfea42df31fdae71f97be,D
mmlu_pro:test:6749,health,4,1637,6583,b189ec765aa7ed75c8acfea42df31fdae71f97be,D
mmlu_pro:test:6750,health,4,599,6584,b189ec765aa7ed75c8acfea42df31fdae71f97be,B
mmlu_pro:test:6751,health,10,695,6585,b189ec765aa7ed75c8acfea42df31fdae71f97be,J
mmlu_pro:test:6752,health,10,695,6586,b189ec765aa7ed75c8acfea42df31fdae71f97be,G
mmlu_pro:test:6753,health,10,816,6587,b189ec765aa7ed75c8acfea42df31fdae71f97be,I
mmlu_pro:test:6754,health,4,274,6588,b189ec765aa7ed75c8acfea42df31fdae71f97be,B
mmlu_pro:test:6755,health,10,274,6589,b189ec765aa7ed75c8acfea42df31fdae71f97be,A
mmlu_pro:test:6756,health,10,1172,6590,b189ec765aa7ed75c8acfea42df31fdae71f97be,J
mmlu_pro:test:6757,health,10,1172,6591,b189ec765aa7ed75c8acfea42df31fdae71f97be,G
mmlu_pro:test:6758,health,4,643,6592,b189ec765aa7ed75c8acfea42df31fdae71f97be,A
mmlu_pro:test:6759,health,9,357,6593,b189ec765aa7ed75c8acfea42df31fdae71f97be,I
mmlu_pro:test:6760,health,10,650,6594,b189ec765aa7ed75c8acfea42df31fdae71f97be,I
mmlu_pro:test:6761,health,10,650,6595,b189ec765aa7ed75c8acfea42df31fdae71f97be,G
mmlu_pro:test:6762,health,10,247,6596,b189ec765aa7ed75c8acfea42df31fdae71f97be,I
mmlu_pro:test:6763,health,10,247,6597,b189ec765aa7ed75c8acfea42df31fdae71f97be,G
mmlu_pro:test:6764,health,4,91,6598,b189ec765aa7ed75c8acfea42df31fdae71f97be,B
mmlu_pro:test:6765,health,10,91,6599,b189ec765aa7ed75c8acfea42df31fdae71f97be,A
mmlu_pro:test:6766,health,4,53,6600,b189ec765aa7ed75c8acfea42df31fdae71f97be,A
mmlu_pro:test:6767,health,9,47,6601,b189ec765aa7ed75c8acfea42df31fdae71f97be,E
mmlu_pro:test:6768,health,10,60,6602,b189ec765aa7ed75c8acfea42df31fdae71f97be,A
mmlu_pro:test:6769,health,6,43,6603,b189ec765aa7ed75c8acfea42df31fdae71f97be,B
mmlu_pro:test:6770,health,10,109,6604,b189ec765aa7ed75c8acfea42df31fdae71f97be,I
mmlu_pro:test:6771,health,4,71,6605,b189ec765aa7ed75c8acfea42df31fdae71f97be,D
mmlu_pro:test:6772,health,8,56,6606,b189ec765aa7ed75c8acfea42df31fdae71f97be,G
mmlu_pro:test:6773,health,10,91,6607,b189ec765aa7ed75c8acfea42df31fdae71f97be,H
mmlu_pro:test:6774,health,9,44,6608,b189ec765aa7ed75c8acfea42df31fdae71f97be,E
mmlu_pro:test:6775,health,10,59,6609,b189ec765aa7ed75c8acfea42df31fdae71f97be,A
mmlu_pro:test:6776,health,10,108,6610,b189ec765aa7ed75c8acfea42df31fdae71f97be,F
mmlu_pro:test:6777,health,10,99,6611,b189ec765aa7ed75c8acfea42df31fdae71f97be,E
mmlu_pro:test:6778,health,7,31,6612,b189ec765aa7ed75c8acfea42df31fdae71f97be,C
mmlu_pro:test:6779,health,10,56,6613,b189ec765aa7ed75c8acfea42df31fdae71f97be,I
mmlu_pro:test:6780,health,10,25,6614,b189ec765aa7ed75c8acfea42df31fdae71f97be,J
mmlu_pro:test:6781,health,10,79,6615,b189ec765aa7ed75c8acfea42df31fdae71f97be,E
mmlu_pro:test:6782,health,10,85,6616,b189ec765aa7ed75c8acfea42df31fdae71f97be,E
mmlu_pro:test:6783,health,10,70,6617,b189ec765aa7ed75c8acfea42df31fdae71f97be,G
mmlu_pro:test:6784,health,10,100,6618,b189ec765aa7ed75c8acfea42df31fdae71f97be,H
mmlu_pro:test:6785,health,10,57,6619,b189ec765aa7ed75c8acfea42df31fdae71f97be,B
mmlu_pro:test:6786,health,10,102,6620,b189ec765aa7ed75c8acfea42df31fdae71f97be,B
mmlu_pro:test:6787,health,10,187,6621,b189ec765aa7ed75c8acfea42df31fdae71f97be,A
mmlu_pro:test:6788,health,4,75,6622,b189ec765aa7ed75c8acfea42df31fdae71f97be,A
mmlu_pro:test:6789,health,10,94,6623,b189ec765aa7ed75c8acfea42df31fdae71f97be,H
mmlu_pro:test:6791,health,10,964,6625,b189ec765aa7ed75c8acfea42df31fdae71f97be,B
mmlu_pro:test:6792,health,10,828,6626,b189ec765aa7ed75c8acfea42df31fdae71f97be,A
mmlu_pro:test:6793,health,10,430,6627,b189ec765aa7ed75c8acfea42df31fdae71f97be,B
mmlu_pro:test:6794,health,10,430,6628,b189ec765aa7ed75c8acfea42df31fdae71f97be,H
mmlu_pro:test:6795,health,4,1056,6629,b189ec765aa7ed75c8acfea42df31fdae71f97be,D
mmlu_pro:test:6796,health,10,465,6630,b189ec765aa7ed75c8acfea42df31fdae71f97be,G
mmlu_pro:test:6797,health,10,465,6631,b189ec765aa7ed75c8acfea42df31fdae71f97be,E
mmlu_pro:test:6798,health,10,641,6632,b189ec765aa7ed75c8acfea42df31fdae71f97be,J
mmlu_pro:test:6799,health,10,641,6633,b189ec765aa7ed75c8acfea42df31fdae71f97be,H
mmlu_pro:test:6800,health,8,774,6634,b189ec765aa7ed75c8acfea42df31fdae71f97be,H
mmlu_pro:test:6801,health,10,774,6635,b189ec765aa7ed75c8acfea42df31fdae71f97be,J
mmlu_pro:test:6802,health,4,448,6636,b189ec765aa7ed75c8acfea42df31fdae71f97be,A
mmlu_pro:test:6803,health,10,688,6637,b189ec765aa7ed75c8acfea42df31fdae71f97be,F
mmlu_pro:test:6804,health,10,688,6638,b189ec765aa7ed75c8acfea42df31fdae71f97be,B
mmlu_pro:test:6805,health,10,922,6639,b189ec765aa7ed75c8acfea42df31fdae71f97be,F
mmlu_pro:test:6806,health,10,922,6640,b189ec765aa7ed75c8acfea42df31fdae71f97be,G
mmlu_pro:test:6807,health,10,71,6641,b189ec765aa7ed75c8acfea42df31fdae71f97be,H
mmlu_pro:test:6808,health,10,65,6642,b189ec765aa7ed75c8acfea42df31fdae71f97be,H
mmlu_pro:test:6809,health,10,65,6643,b189ec765aa7ed75c8acfea42df31fdae71f97be,J
mmlu_pro:test:6810,health,10,158,6644,b189ec765aa7ed75c8acfea42df31fdae71f97be,F
mmlu_pro:test:6811,health,4,87,6645,b189ec765aa7ed75c8acfea42df31fdae71f97be,A
mmlu_pro:test:6812,health,10,87,6646,b189ec765aa7ed75c8acfea42df31fdae71f97be,E
mmlu_pro:test:6813,health,10,72,6647,b189ec765aa7ed75c8acfea42df31fdae71f97be,C
mmlu_pro:test:6814,health,10,72,6648,b189ec765aa7ed75c8acfea42df31fdae71f97be,H
mmlu_pro:test:6815,health,10,70,6649,b189ec765aa7ed75c8acfea42df31fdae71f97be,C
mmlu_pro:test:6816,health,8,70,6650,b189ec765aa7ed75c8acfea42df31fdae71f97be,C
mmlu_pro:test:6817,health,10,191,6651,b189ec765aa7ed75c8acfea42df31fdae71f97be,B
mmlu_pro:test:6818,health,8,54,6652,b189ec765aa7ed75c8acfea42df31fdae71f97be,G
mmlu_pro:test:6819,health,7,74,6653,b189ec765aa7ed75c8acfea42df31fdae71f97be,C
mmlu_pro:test:6820,health,10,44,6654,b189ec765aa7ed75c8acfea42df31fdae71f97be,C
mmlu_pro:test:6821,health,10,150,6655,b189ec765aa7ed75c8acfea42df31fdae71f97be,G
mmlu_pro:test:6822,health,10,126,6656,b189ec765aa7ed75c8acfea42df31fdae71f97be,C
mmlu_pro:test:6823,health,10,126,6657,b189ec765aa7ed75c8acfea42df31fdae71f97be,G
mmlu_pro:test:6825,health,4,64,6659,b189ec765aa7ed75c8acfea42df31fdae71f97be,C
mmlu_pro:test:6826,economics,8,72,6660,b189ec765aa7ed75c8acfea42df31fdae71f97be,G
mmlu_pro:test:6827,economics,10,29,6661,b189ec765aa7ed75c8acfea42df31fdae71f97be,A
mmlu_pro:test:6828,economics,10,78,6662,b189ec765aa7ed75c8acfea42df31fdae71f97be,B
mmlu_pro:test:6829,economics,10,88,6663,b189ec765aa7ed75c8acfea42df31fdae71f97be,I
mmlu_pro:test:6830,economics,10,32,6664,b189ec765aa7ed75c8acfea42df31fdae71f97be,A
mmlu_pro:test:6831,economics,9,75,6665,b189ec765aa7ed75c8acfea42df31fdae71f97be,F
mmlu_pro:test:6832,economics,8,12,6666,b189ec765aa7ed75c8acfea42df31fdae71f97be,B
mmlu_pro:test:6833,economics,10,62,6667,b189ec765aa7ed75c8acfea42df31fdae71f97be,B
mmlu_pro:test:6834,economics,10,56,6668,b189ec765aa7ed75c8acfea42df31fdae71f97be,I
mmlu_pro:test:6836,economics,10,59,6669,b189ec765aa7ed75c8acfea42df31fdae71f97be,E
mmlu_pro:test:6837,economics,10,89,6670,b189ec765aa7ed75c8acfea42df31fdae71f97be,A
mmlu_pro:test:6838,economics,10,85,6671,b189ec765aa7ed75c8acfea42df31fdae71f97be,D
mmlu_pro:test:6839,economics,10,177,6672,b189ec765aa7ed75c8acfea42df31fdae71f97be,D
mmlu_pro:test:6840,economics,10,93,6673,b189ec765aa7ed75c8acfea42df31fdae71f97be,G
mmlu_pro:test:6841,economics,9,181,6674,b189ec765aa7ed75c8acfea42df31fdae71f97be,C
mmlu_pro:test:6842,economics,10,76,6675,b189ec765aa7ed75c8acfea42df31fdae71f97be,A
mmlu_pro:test:6843,economics,10,442,6676,b189ec765aa7ed75c8acfea42df31fdae71f97be,E
mmlu_pro:test:6844,economics,10,67,6677,b189ec765aa7ed75c8acfea42df31fdae71f97be,H
mmlu_pro:test:6845,economics,4,165,6678,b189ec765aa7ed75c8acfea42df31fdae71f97be,D
mmlu_pro:test:6846,economics,10,412,6679,b189ec765aa7ed75c8acfea42df31fdae71f97be,A
mmlu_pro:test:6847,economics,10,102,6680,b189ec765aa7ed75c8acfea42df31fdae71f97be,D
mmlu_pro:test:6848,economics,4,97,6681,b189ec765aa7ed75c8acfea42df31fdae71f97be,C
mmlu_pro:test:6849,economics,4,164,6682,b189ec765aa7ed75c8acfea42df31fdae71f97be,C
mmlu_pro:test:6850,economics,4,158,6683,b189ec765aa7ed75c8acfea42df31fdae71f97be,A
mmlu_pro:test:6851,economics,4,439,6684,b189ec765aa7ed75c8acfea42df31fdae71f97be,A
mmlu_pro:test:6852,economics,4,229,6685,b189ec765aa7ed75c8acfea42df31fdae71f97be,C
mmlu_pro:test:6853,economics,10,93,6686,b189ec765aa7ed75c8acfea42df31fdae71f97be,F
mmlu_pro:test:6854,economics,10,185,6687,b189ec765aa7ed75c8acfea42df31fdae71f97be,I
mmlu_pro:test:6855,economics,4,104,6688,b189ec765aa7ed75c8acfea42df31fdae71f97be,C
mmlu_pro:test:6857,economics,10,25,6690,b189ec765aa7ed75c8acfea42df31fdae71f97be,A
mmlu_pro:test:6858,economics,10,38,6691,b189ec765aa7ed75c8acfea42df31fdae71f97be,C
mmlu_pro:test:6859,economics,10,251,6692,b189ec765aa7ed75c8acfea42df31fdae71f97be,G
mmlu_pro:test:6860,economics,10,42,6693,b189ec765aa7ed75c8acfea42df31fdae71f97be,J
mmlu_pro:test:6861,economics,10,249,6694,b189ec765aa7ed75c8acfea42df31fdae71f97be,B
mmlu_pro:test:6862,economics,10,133,6695,b189ec765aa7ed75c8acfea42df31fdae71f97be,I
mmlu_pro:test:6863,economics,10,45,6696,b189ec765aa7ed75c8acfea42df31fdae71f97be,G
mmlu_pro:test:6864,economics,10,45,6697,b189ec765aa7ed75c8acfea42df31fdae71f97be,D
mmlu_pro:test:6865,economics,10,113,6698,b189ec765aa7ed75c8acfea42df31fdae71f97be,H
mmlu_pro:test:6866,economics,10,168,6699,b189ec765aa7ed75c8acfea42df31fdae71f97be,G
mmlu_pro:test:6867,economics,10,100,6700,b189ec765aa7ed75c8acfea42df31fdae71f97be,C
mmlu_pro:test:6868,economics,10,205,6701,b189ec765aa7ed75c8acfea42df31fdae71f97be,E
mmlu_pro:test:6869,economics,10,65,6702,b189ec765aa7ed75c8acfea42df31fdae71f97be,C
mmlu_pro:test:6870,economics,3,60,6703,b189ec765aa7ed75c8acfea42df31fdae71f97be,B
mmlu_pro:test:6871,economics,10,138,6704,b189ec765aa7ed75c8acfea42df31fdae71f97be,C
mmlu_pro:test:6872,economics,10,281,6705,b189ec765aa7ed75c8acfea42df31fdae71f97be,C
mmlu_pro:test:6873,economics,10,57,6706,b189ec765aa7ed75c8acfea42df31fdae71f97be,I
mmlu_pro:test:6874,economics,10,307,6707,b189ec765aa7ed75c8acfea42df31fdae71f97be,A
mmlu_pro:test:6875,economics,10,27,6708,b189ec765aa7ed75c8acfea42df31fdae71f97be,A
mmlu_pro:test:6876,economics,10,115,6709,b189ec765aa7ed75c8acfea42df31fdae71f97be,A
mmlu_pro:test:6877,economics,10,27,6710,b189ec765aa7ed75c8acfea42df31fdae71f97be,E
mmlu_pro:test:6878,economics,10,158,6711,b189ec765aa7ed75c8acfea42df31fdae71f97be,C
mmlu_pro:test:6879,economics,10,27,6712,b189ec765aa7ed75c8acfea42df31fdae71f97be,G
mmlu_pro:test:6881,economics,10,27,6714,b189ec765aa7ed75c8acfea42df31fdae71f97be,G
mmlu_pro:test:6882,economics,10,75,6715,b189ec765aa7ed75c8acfea42df31fdae71f97be,J
mmlu_pro:test:6883,economics,10,356,6716,b189ec765aa7ed75c8acfea42df31fdae71f97be,C
mmlu_pro:test:6884,economics,4,18,6717,b189ec765aa7ed75c8acfea42df31fdae71f97be,C
mmlu_pro:test:6885,economics,4,195,6718,b189ec765aa7ed75c8acfea42df31fdae71f97be,B
mmlu_pro:test:6886,economics,10,159,6719,b189ec765aa7ed75c8acfea42df31fdae71f97be,J
mmlu_pro:test:6887,economics,10,69,6720,b189ec765aa7ed75c8acfea42df31fdae71f97be,I
mmlu_pro:test:6888,economics,10,63,6721,b189ec765aa7ed75c8acfea42df31fdae71f97be,G
mmlu_pro:test:6890,economics,9,76,6723,b189ec765aa7ed75c8acfea42df31fdae71f97be,D
mmlu_pro:test:6891,economics,9,42,6724,b189ec765aa7ed75c8acfea42df31fdae71f97be,D
mmlu_pro:test:6892,economics,10,82,6725,b189ec765aa7ed75c8acfea42df31fdae71f97be,B
mmlu_pro:test:6894,economics,10,209,6727,b189ec765aa7ed75c8acfea42df31fdae71f97be,F
mmlu_pro:test:6895,economics,10,80,6728,b189ec765aa7ed75c8acfea42df31fdae71f97be,J
mmlu_pro:test:6896,economics,10,153,6729,b189ec765aa7ed75c8acfea42df31fdae71f97be,F
mmlu_pro:test:6897,economics,10,78,6730,b189ec765aa7ed75c8acfea42df31fdae71f97be,B
mmlu_pro:test:6898,economics,10,113,6731,b189ec765aa7ed75c8acfea42df31fdae71f97be,C
mmlu_pro:test:6899,economics,10,72,6732,b189ec765aa7ed75c8acfea42df31fdae71f97be,I
mmlu_pro:test:6900,economics,10,22,6733,b189ec765aa7ed75c8acfea42df31fdae71f97be,C
mmlu_pro:test:6901,economics,10,66,6734,b189ec765aa7ed75c8acfea42df31fdae71f97be,B
mmlu_pro:test:6902,economics,10,152,6735,b189ec765aa7ed75c8acfea42df31fdae71f97be,I
mmlu_pro:test:6904,economics,10,58,6737,b189ec765aa7ed75c8acfea42df31fdae71f97be,G
mmlu_pro:test:6905,economics,10,60,6738,b189ec765aa7ed75c8acfea42df31fdae71f97be,I
mmlu_pro:test:6906,economics,10,121,6739,b189ec765aa7ed75c8acfea42df31fdae71f97be,E
mmlu_pro:test:6907,economics,10,105,6740,b189ec765aa7ed75c8acfea42df31fdae71f97be,I
mmlu_pro:test:6908,economics,10,250,6741,b189ec765aa7ed75c8acfea42df31fdae71f97be,C
mmlu_pro:test:6909,economics,10,458,6742,b189ec765aa7ed75c8acfea42df31fdae71f97be,C
mmlu_pro:test:6910,economics,10,214,6743,b189ec765aa7ed75c8acfea42df31fdae71f97be,J
mmlu_pro:test:6911,economics,8,131,6744,b189ec765aa7ed75c8acfea42df31fdae71f97be,F
mmlu_pro:test:6912,economics,10,116,6745,b189ec765aa7ed75c8acfea42df31fdae71f97be,B
mmlu_pro:test:6913,economics,10,115,6746,b189ec765aa7ed75c8acfea42df31fdae71f97be,C
mmlu_pro:test:6914,economics,10,147,6747,b189ec765aa7ed75c8acfea42df31fdae71f97be,F
mmlu_pro:test:6915,economics,4,239,6748,b189ec765aa7ed75c8acfea42df31fdae71f97be,C
mmlu_pro:test:6916,economics,9,85,6749,b189ec765aa7ed75c8acfea42df31fdae71f97be,G
mmlu_pro:test:6918,economics,10,40,6751,b189ec765aa7ed75c8acfea42df31fdae71f97be,A
mmlu_pro:test:6919,economics,10,142,6752,b189ec765aa7ed75c8acfea42df31fdae71f97be,A
mmlu_pro:test:6920,economics,4,65,6753,b189ec765aa7ed75c8acfea42df31fdae71f97be,B
mmlu_pro:test:6921,economics,10,144,6754,b189ec765aa7ed75c8acfea42df31fdae71f97be,A
mmlu_pro:test:6922,economics,4,126,6755,b189ec765aa7ed75c8acfea42df31fdae71f97be,A
mmlu_pro:test:6923,economics,10,345,6756,b189ec765aa7ed75c8acfea42df31fdae71f97be,B
mmlu_pro:test:6924,economics,4,81,6757,b189ec765aa7ed75c8acfea42df31fdae71f97be,A
mmlu_pro:test:6925,economics,4,140,6758,b189ec765aa7ed75c8acfea42df31fdae71f97be,C
mmlu_pro:test:6926,economics,4,197,6759,b189ec765aa7ed75c8acfea42df31fdae71f97be,D
mmlu_pro:test:6927,economics,9,32,6760,b189ec765aa7ed75c8acfea42df31fdae71f97be,E
mmlu_pro:test:6928,economics,4,102,6761,b189ec765aa7ed75c8acfea42df31fdae71f97be,B
mmlu_pro:test:6929,economics,10,291,6762,b189ec765aa7ed75c8acfea42df31fdae71f97be,B
mmlu_pro:test:6930,economics,10,47,6763,b189ec765aa7ed75c8acfea42df31fdae71f97be,G
mmlu_pro:test:6931,economics,10,36,6764,b189ec765aa7ed75c8acfea42df31fdae71f97be,C
mmlu_pro:test:6932,economics,10,25,6765,b189ec765aa7ed75c8acfea42df31fdae71f97be,I
mmlu_pro:test:6933,economics,10,185,6766,b189ec765aa7ed75c8acfea42df31fdae71f97be,C
mmlu_pro:test:6934,economics,10,172,6767,b189ec765aa7ed75c8acfea42df31fdae71f97be,E
mmlu_pro:test:6935,economics,10,166,6768,b189ec765aa7ed75c8acfea42df31fdae71f97be,G
mmlu_pro:test:6936,economics,10,187,6769,b189ec765aa7ed75c8acfea42df31fdae71f97be,E
mmlu_pro:test:6937,economics,10,175,6770,b189ec765aa7ed75c8acfea42df31fdae71f97be,E
mmlu_pro:test:6938,economics,10,49,6771,b189ec765aa7ed75c8acfea42df31fdae71f97be,D
mmlu_pro:test:6939,economics,10,109,6772,b189ec765aa7ed75c8acfea42df31fdae71f97be,H
mmlu_pro:test:6940,economics,10,327,6773,b189ec765aa7ed75c8acfea42df31fdae71f97be,B
mmlu_pro:test:6941,economics,10,54,6774,b189ec765aa7ed75c8acfea42df31fdae71f97be,J
mmlu_pro:test:6942,economics,5,257,6775,b189ec765aa7ed75c8acfea42df31fdae71f97be,B
mmlu_pro:test:6943,economics,10,60,6776,b189ec765aa7ed75c8acfea42df31fdae71f97be,F
mmlu_pro:test:6944,economics,10,148,6777,b189ec765aa7ed75c8acfea42df31fdae71f97be,A
mmlu_pro:test:6945,economics,10,862,6778,b189ec765aa7ed75c8acfea42df31fdae71f97be,D
mmlu_pro:test:6946,economics,10,72,6779,b189ec765aa7ed75c8acfea42df31fdae71f97be,H
mmlu_pro:test:6947,economics,10,123,6780,b189ec765aa7ed75c8acfea42df31fdae71f97be,I
mmlu_pro:test:6948,economics,10,109,6781,b189ec765aa7ed75c8acfea42df31fdae71f97be,D
mmlu_pro:test:6949,economics,9,73,6782,b189ec765aa7ed75c8acfea42df31fdae71f97be,H
mmlu_pro:test:6950,economics,10,15,6783,b189ec765aa7ed75c8acfea42df31fdae71f97be,J
mmlu_pro:test:6951,economics,10,238,6784,b189ec765aa7ed75c8acfea42df31fdae71f97be,J
mmlu_pro:test:6952,economics,10,26,6785,b189ec765aa7ed75c8acfea42df31fdae71f97be,F
mmlu_pro:test:6953,economics,10,87,6786,b189ec765aa7ed75c8acfea42df31fdae71f97be,I
mmlu_pro:test:6954,economics,10,100,6787,b189ec765aa7ed75c8acfea42df31fdae71f97be,I
mmlu_pro:test:6955,economics,10,352,6788,b189ec765aa7ed75c8acfea42df31fdae71f97be,G
mmlu_pro:test:6956,economics,10,149,6789,b189ec765aa7ed75c8acfea42df31fdae71f97be,H
mmlu_pro:test:6957,economics,10,52,6790,b189ec765aa7ed75c8acfea42df31fdae71f97be,C
mmlu_pro:test:6958,economics,10,83,6791,b189ec765aa7ed75c8acfea42df31fdae71f97be,B
mmlu_pro:test:6959,economics,10,57,6792,b189ec765aa7ed75c8acfea42df31fdae71f97be,G
mmlu_pro:test:6960,economics,9,252,6793,b189ec765aa7ed75c8acfea42df31fdae71f97be,D
mmlu_pro:test:6961,economics,10,72,6794,b189ec765aa7ed75c8acfea42df31fdae71f97be,E
mmlu_pro:test:6962,economics,4,291,6795,b189ec765aa7ed75c8acfea42df31fdae71f97be,C
mmlu_pro:test:6963,economics,10,92,6796,b189ec765aa7ed75c8acfea42df31fdae71f97be,E
mmlu_pro:test:6964,economics,6,94,6797,b189ec765aa7ed75c8acfea42df31fdae71f97be,F
mmlu_pro:test:6965,economics,10,89,6798,b189ec765aa7ed75c8acfea42df31fdae71f97be,B
mmlu_pro:test:6966,economics,10,129,6799,b189ec765aa7ed75c8acfea42df31fdae71f97be,A
mmlu_pro:test:6967,economics,7,84,6800,b189ec765aa7ed75c8acfea42df31fdae71f97be,C
mmlu_pro:test:6968,economics,5,79,6801,b189ec765aa7ed75c8acfea42df31fdae71f97be,A
mmlu_pro:test:6969,economics,5,105,6802,b189ec765aa7ed75c8acfea42df31fdae71f97be,E
mmlu_pro:test:6970,economics,10,70,6803,b189ec765aa7ed75c8acfea42df31fdae71f97be,B
mmlu_pro:test:6971,economics,10,48,6804,b189ec765aa7ed75c8acfea42df31fdae71f97be,J
mmlu_pro:test:6972,economics,8,127,6805,b189ec765aa7ed75c8acfea42df31fdae71f97be,B
mmlu_pro:test:6973,economics,10,157,6806,b189ec765aa7ed75c8acfea42df31fdae71f97be,F
mmlu_pro:test:6974,economics,10,62,6807,b189ec765aa7ed75c8acfea42df31fdae71f97be,A
mmlu_pro:test:6975,economics,10,101,6808,b189ec765aa7ed75c8acfea42df31fdae71f97be,E
mmlu_pro:test:6976,economics,10,107,6809,b189ec765aa7ed75c8acfea42df31fdae71f97be,B
mmlu_pro:test:6977,economics,10,98,6810,b189ec765aa7ed75c8acfea42df31fdae71f97be,I
mmlu_pro:test:6978,economics,10,77,6811,b189ec765aa7ed75c8acfea42df31fdae71f97be,G
mmlu_pro:test:6979,economics,10,58,6812,b189ec765aa7ed75c8acfea42df31fdae71f97be,E
mmlu_pro:test:6980,economics,10,31,6813,b189ec765aa7ed75c8acfea42df31fdae71f97be,G
mmlu_pro:test:6981,economics,10,69,6814,b189ec765aa7ed75c8acfea42df31fdae71f97be,J
mmlu_pro:test:6982,economics,10,249,6815,b189ec765aa7ed75c8acfea42df31fdae71f97be,H
mmlu_pro:test:6983,economics,9,62,6816,b189ec765aa7ed75c8acfea42df31fdae71f97be,B
mmlu_pro:test:6984,economics,10,47,6817,b189ec765aa7ed75c8acfea42df31fdae71f97be,F
mmlu_pro:test:6985,economics,4,39,6818,b189ec765aa7ed75c8acfea42df31fdae71f97be,B
mmlu_pro:test:6986,economics,10,42,6819,b189ec765aa7ed75c8acfea42df31fdae71f97be,A
mmlu_pro:test:6987,economics,10,125,6820,b189ec765aa7ed75c8acfea42df31fdae71f97be,H
mmlu_pro:test:6988,economics,10,493,6821,b189ec765aa7ed75c8acfea42df31fdae71f97be,E
mmlu_pro:test:6990,economics,10,254,6823,b189ec765aa7ed75c8acfea42df31fdae71f97be,D
mmlu_pro:test:6992,economics,10,277,6824,b189ec765aa7ed75c8acfea42df31fdae71f97be,F
mmlu_pro:test:6993,economics,4,91,6825,b189ec765aa7ed75c8acfea42df31fdae71f97be,D
mmlu_pro:test:6994,economics,10,124,6826,b189ec765aa7ed75c8acfea42df31fdae71f97be,F
mmlu_pro:test:6995,economics,8,73,6827,b189ec765aa7ed75c8acfea42df31fdae71f97be,G
mmlu_pro:test:6996,economics,10,72,6828,b189ec765aa7ed75c8acfea42df31fdae71f97be,A
mmlu_pro:test:6997,economics,9,53,6829,b189ec765aa7ed75c8acfea42df31fdae71f97be,F
mmlu_pro:test:6998,economics,10,148,6830,b189ec765aa7ed75c8acfea42df31fdae71f97be,H
mmlu_pro:test:6999,economics,10,79,6831,b189ec765aa7ed75c8acfea42df31fdae71f97be,A
mmlu_pro:test:7000,economics,10,325,6832,b189ec765aa7ed75c8acfea42df31fdae71f97be,H
mmlu_pro:test:7001,economics,10,107,6833,b189ec765aa7ed75c8acfea42df31fdae71f97be,C
mmlu_pro:test:7002,economics,10,53,6834,b189ec765aa7ed75c8acfea42df31fdae71f97be,C
mmlu_pro:test:7003,economics,10,208,6835,b189ec765aa7ed75c8acfea42df31fdae71f97be,A
mmlu_pro:test:7004,economics,10,74,6836,b189ec765aa7ed75c8acfea42df31fdae71f97be,G
mmlu_pro:test:7005,economics,10,60,6837,b189ec765aa7ed75c8acfea42df31fdae71f97be,I
mmlu_pro:test:7006,economics,10,280,6838,b189ec765aa7ed75c8acfea42df31fdae71f97be,J
mmlu_pro:test:7007,economics,10,54,6839,b189ec765aa7ed75c8acfea42df31fdae71f97be,B
mmlu_pro:test:7008,economics,7,69,6840,b189ec765aa7ed75c8acfea42df31fdae71f97be,E
mmlu_pro:test:7009,economics,10,466,6841,b189ec765aa7ed75c8acfea42df31fdae71f97be,D
mmlu_pro:test:7010,economics,8,36,6842,b189ec765aa7ed75c8acfea42df31fdae71f97be,E
mmlu_pro:test:7011,economics,10,202,6843,b189ec765aa7ed75c8acfea42df31fdae71f97be,I
mmlu_pro:test:7012,economics,10,424,6844,b189ec765aa7ed75c8acfea42df31fdae71f97be,B
mmlu_pro:test:7013,economics,9,57,6845,b189ec765aa7ed75c8acfea42df31fdae71f97be,B
mmlu_pro:test:7014,economics,10,65,6846,b189ec765aa7ed75c8acfea42df31fdae71f97be,B
mmlu_pro:test:7015,economics,10,368,6847,b189ec765aa7ed75c8acfea42df31fdae71f97be,E
mmlu_pro:test:7016,economics,10,164,6848,b189ec765aa7ed75c8acfea42df31fdae71f97be,F
mmlu_pro:test:7017,economics,10,156,6849,b189ec765aa7ed75c8acfea42df31fdae71f97be,H
mmlu_pro:test:7018,economics,10,62,6850,b189ec765aa7ed75c8acfea42df31fdae71f97be,E
mmlu_pro:test:7019,economics,10,32,6851,b189ec765aa7ed75c8acfea42df31fdae71f97be,F
mmlu_pro:test:7020,economics,10,41,6852,b189ec765aa7ed75c8acfea42df31fdae71f97be,J
mmlu_pro:test:7021,economics,10,73,6853,b189ec765aa7ed75c8acfea42df31fdae71f97be,C
mmlu_pro:test:7022,economics,10,90,6854,b189ec765aa7ed75c8acfea42df31fdae71f97be,J
mmlu_pro:test:7023,economics,10,85,6855,b189ec765aa7ed75c8acfea42df31fdae71f97be,C
mmlu_pro:test:7024,economics,10,89,6856,b189ec765aa7ed75c8acfea42df31fdae71f97be,J
mmlu_pro:test:7025,economics,9,198,6857,b189ec765aa7ed75c8acfea42df31fdae71f97be,C
mmlu_pro:test:7026,economics,10,25,6858,b189ec765aa7ed75c8acfea42df31fdae71f97be,E
mmlu_pro:test:7027,economics,10,48,6859,b189ec765aa7ed75c8acfea42df31fdae71f97be,B
mmlu_pro:test:7028,economics,9,153,6860,b189ec765aa7ed75c8acfea42df31fdae71f97be,B
mmlu_pro:test:7029,economics,4,51,6861,b189ec765aa7ed75c8acfea42df31fdae71f97be,A
mmlu_pro:test:7030,economics,10,244,6862,b189ec765aa7ed75c8acfea42df31fdae71f97be,H
mmlu_pro:test:7031,economics,10,114,6863,b189ec765aa7ed75c8acfea42df31fdae71f97be,G
mmlu_pro:test:7032,economics,10,74,6864,b189ec765aa7ed75c8acfea42df31fdae71f97be,C
mmlu_pro:test:7033,economics,10,154,6865,b189ec765aa7ed75c8acfea42df31fdae71f97be,I
mmlu_pro:test:7034,economics,10,237,6866,b189ec765aa7ed75c8acfea42df31fdae71f97be,D
mmlu_pro:test:7035,economics,10,225,6867,b189ec765aa7ed75c8acfea42df31fdae71f97be,H
mmlu_pro:test:7036,economics,9,56,6868,b189ec765aa7ed75c8acfea42df31fdae71f97be,A
mmlu_pro:test:7037,economics,10,105,6869,b189ec765aa7ed75c8acfea42df31fdae71f97be,F
mmlu_pro:test:7038,economics,10,108,6870,b189ec765aa7ed75c8acfea42df31fdae71f97be,E
mmlu_pro:test:7040,economics,10,15,6871,b189ec765aa7ed75c8acfea42df31fdae71f97be,I
mmlu_pro:test:7041,economics,10,308,6872,b189ec765aa7ed75c8acfea42df31fdae71f97be,A
mmlu_pro:test:7042,economics,10,93,6873,b189ec765aa7ed75c8acfea42df31fdae71f97be,H
mmlu_pro:test:7043,economics,10,65,6874,b189ec765aa7ed75c8acfea42df31fdae71f97be,C
mmlu_pro:test:7044,economics,10,429,6875,b189ec765aa7ed75c8acfea42df31fdae71f97be,C
mmlu_pro:test:7045,economics,10,52,6876,b189ec765aa7ed75c8acfea42df31fdae71f97be,E
mmlu_pro:test:7046,economics,10,95,6877,b189ec765aa7ed75c8acfea42df31fdae71f97be,I
mmlu_pro:test:7047,economics,7,34,6878,b189ec765aa7ed75c8acfea42df31fdae71f97be,F
mmlu_pro:test:7048,economics,8,61,6879,b189ec765aa7ed75c8acfea42df31fdae71f97be,G
mmlu_pro:test:7050,economics,10,27,6881,b189ec765aa7ed75c8acfea42df31fdae71f97be,B
mmlu_pro:test:7051,economics,10,41,6882,b189ec765aa7ed75c8acfea42df31fdae71f97be,J
mmlu_pro:test:7052,economics,10,163,6883,b189ec765aa7ed75c8acfea42df31fdae71f97be,D
mmlu_pro:test:7053,economics,10,66,6884,b189ec765aa7ed75c8acfea42df31fdae71f97be,G
mmlu_pro:test:7054,economics,10,119,6885,b189ec765aa7ed75c8acfea42df31fdae71f97be,C
mmlu_pro:test:7055,economics,8,51,6886,b189ec765aa7ed75c8acfea42df31fdae71f97be,C
mmlu_pro:test:7056,economics,10,137,6887,b189ec765aa7ed75c8acfea42df31fdae71f97be,C
mmlu_pro:test:7057,economics,10,102,6888,b189ec765aa7ed75c8acfea42df31fdae71f97be,G
mmlu_pro:test:7058,economics,8,77,6889,b189ec765aa7ed75c8acfea42df31fdae71f97be,A
mmlu_pro:test:7059,economics,10,82,6890,b189ec765aa7ed75c8acfea42df31fdae71f97be,I
mmlu_pro:test:7060,economics,4,86,6891,b189ec765aa7ed75c8acfea42df31fdae71f97be,A
mmlu_pro:test:7061,economics,4,136,6892,b189ec765aa7ed75c8acfea42df31fdae71f97be,D
mmlu_pro:test:7062,economics,10,116,6893,b189ec765aa7ed75c8acfea42df31fdae71f97be,I
mmlu_pro:test:7063,economics,4,32,6894,b189ec765aa7ed75c8acfea42df31fdae71f97be,B
mmlu_pro:test:7064,economics,10,88,6895,b189ec765aa7ed75c8acfea42df31fdae71f97be,A
mmlu_pro:test:7065,economics,10,149,6896,b189ec765aa7ed75c8acfea42df31fdae71f97be,J
mmlu_pro:test:7066,economics,10,128,6897,b189ec765aa7ed75c8acfea42df31fdae71f97be,C
mmlu_pro:test:7068,economics,10,410,6898,b189ec765aa7ed75c8acfea42df31fdae71f97be,D
mmlu_pro:test:7069,economics,4,270,6899,b189ec765aa7ed75c8acfea42df31fdae71f97be,C
mmlu_pro:test:7070,economics,10,60,6900,b189ec765aa7ed75c8acfea42df31fdae71f97be,D
mmlu_pro:test:7071,economics,10,269,6901,b189ec765aa7ed75c8acfea42df31fdae71f97be,F
mmlu_pro:test:7072,economics,4,148,6902,b189ec765aa7ed75c8acfea42df31fdae71f97be,B
mmlu_pro:test:7073,economics,10,185,6903,b189ec765aa7ed75c8acfea42df31fdae71f97be,E
mmlu_pro:test:7074,economics,4,73,6904,b189ec765aa7ed75c8acfea42df31fdae71f97be,A
mmlu_pro:test:7075,economics,10,408,6905,b189ec765aa7ed75c8acfea42df31fdae71f97be,F
mmlu_pro:test:7077,economics,10,67,6907,b189ec765aa7ed75c8acfea42df31fdae71f97be,J
mmlu_pro:test:7078,economics,10,128,6908,b189ec765aa7ed75c8acfea42df31fdae71f97be,F
mmlu_pro:test:7079,economics,10,155,6909,b189ec765aa7ed75c8acfea42df31fdae71f97be,F
mmlu_pro:test:7080,economics,10,41,6910,b189ec765aa7ed75c8acfea42df31fdae71f97be,I
mmlu_pro:test:7081,economics,10,357,6911,b189ec765aa7ed75c8acfea42df31fdae71f97be,D
mmlu_pro:test:7082,economics,10,118,6912,b189ec765aa7ed75c8acfea42df31fdae71f97be,J
mmlu_pro:test:7083,economics,10,151,6913,b189ec765aa7ed75c8acfea42df31fdae71f97be,A
mmlu_pro:test:7084,economics,10,98,6914,b189ec765aa7ed75c8acfea42df31fdae71f97be,E
mmlu_pro:test:7086,economics,10,41,6916,b189ec765aa7ed75c8acfea42df31fdae71f97be,F
mmlu_pro:test:7087,economics,10,37,6917,b189ec765aa7ed75c8acfea42df31fdae71f97be,B
mmlu_pro:test:7088,economics,10,33,6918,b189ec765aa7ed75c8acfea42df31fdae71f97be,I
mmlu_pro:test:7090,economics,10,82,6920,b189ec765aa7ed75c8acfea42df31fdae71f97be,J
mmlu_pro:test:7091,economics,10,47,6921,b189ec765aa7ed75c8acfea42df31fdae71f97be,E
mmlu_pro:test:7092,economics,10,67,6922,b189ec765aa7ed75c8acfea42df31fdae71f97be,G
mmlu_pro:test:7093,economics,10,210,6923,b189ec765aa7ed75c8acfea42df31fdae71f97be,B
mmlu_pro:test:7095,economics,4,68,6925,b189ec765aa7ed75c8acfea42df31fdae71f97be,B
mmlu_pro:test:7096,economics,10,123,6926,b189ec765aa7ed75c8acfea42df31fdae71f97be,F
mmlu_pro:test:7097,economics,10,185,6927,b189ec765aa7ed75c8acfea42df31fdae71f97be,B
mmlu_pro:test:7098,economics,4,45,6928,b189ec765aa7ed75c8acfea42df31fdae71f97be,A
mmlu_pro:test:7099,economics,10,35,6929,b189ec765aa7ed75c8acfea42df31fdae71f97be,F
mmlu_pro:test:7100,economics,9,139,6930,b189ec765aa7ed75c8acfea42df31fdae71f97be,D
mmlu_pro:test:7101,economics,4,71,6931,b189ec765aa7ed75c8acfea42df31fdae71f97be,C
mmlu_pro:test:7102,economics,7,64,6932,b189ec765aa7ed75c8acfea42df31fdae71f97be,F
mmlu_pro:test:7103,economics,9,162,6933,b189ec765aa7ed75c8acfea42df31fdae71f97be,G
mmlu_pro:test:7104,economics,10,277,6934,b189ec765aa7ed75c8acfea42df31fdae71f97be,J
mmlu_pro:test:7106,economics,8,72,6936,b189ec765aa7ed75c8acfea42df31fdae71f97be,C
mmlu_pro:test:7107,economics,10,47,6937,b189ec765aa7ed75c8acfea42df31fdae71f97be,B
mmlu_pro:test:7108,economics,10,29,6938,b189ec765aa7ed75c8acfea42df31fdae71f97be,H
mmlu_pro:test:7109,economics,10,9,6939,b189ec765aa7ed75c8acfea42df31fdae71f97be,F
mmlu_pro:test:7110,economics,10,116,6940,b189ec765aa7ed75c8acfea42df31fdae71f97be,I
mmlu_pro:test:7111,economics,10,66,6941,b189ec765aa7ed75c8acfea42df31fdae71f97be,F
mmlu_pro:test:7112,economics,10,94,6942,b189ec765aa7ed75c8acfea42df31fdae71f97be,G
mmlu_pro:test:7113,economics,7,50,6943,b189ec765aa7ed75c8acfea42df31fdae71f97be,G
mmlu_pro:test:7114,economics,10,87,6944,b189ec765aa7ed75c8acfea42df31fdae71f97be,G
mmlu_pro:test:7115,economics,10,58,6945,b189ec765aa7ed75c8acfea42df31fdae71f97be,A
mmlu_pro:test:7116,economics,10,175,6946,b189ec765aa7ed75c8acfea42df31fdae71f97be,J
mmlu_pro:test:7117,economics,10,59,6947,b189ec765aa7ed75c8acfea42df31fdae71f97be,J
mmlu_pro:test:7118,economics,10,85,6948,b189ec765aa7ed75c8acfea42df31fdae71f97be,G
mmlu_pro:test:7120,economics,4,83,6950,b189ec765aa7ed75c8acfea42df31fdae71f97be,D
mmlu_pro:test:7121,economics,4,94,6951,b189ec765aa7ed75c8acfea42df31fdae71f97be,C
mmlu_pro:test:7122,economics,10,48,6952,b189ec765aa7ed75c8acfea42df31fdae71f97be,I
mmlu_pro:test:7123,economics,10,57,6953,b189ec765aa7ed75c8acfea42df31fdae71f97be,F
mmlu_pro:test:7124,economics,10,502,6954,b189ec765aa7ed75c8acfea42df31fdae71f97be,B
mmlu_pro:test:7125,economics,4,96,6955,b189ec765aa7ed75c8acfea42df31fdae71f97be,D
mmlu_pro:test:7126,economics,10,354,6956,b189ec765aa7ed75c8acfea42df31fdae71f97be,J
mmlu_pro:test:7127,economics,10,104,6957,b189ec765aa7ed75c8acfea42df31fdae71f97be,F
mmlu_pro:test:7128,economics,10,116,6958,b189ec765aa7ed75c8acfea42df31fdae71f97be,J
mmlu_pro:test:7129,economics,10,26,6959,b189ec765aa7ed75c8acfea42df31fdae71f97be,I
mmlu_pro:test:7130,economics,5,180,6960,b189ec765aa7ed75c8acfea42df31fdae71f97be,E
mmlu_pro:test:7132,economics,10,313,6961,b189ec765aa7ed75c8acfea42df31fdae71f97be,F
mmlu_pro:test:7133,economics,10,95,6962,b189ec765aa7ed75c8acfea42df31fdae71f97be,C
mmlu_pro:test:7134,economics,10,81,6963,b189ec765aa7ed75c8acfea42df31fdae71f97be,B
mmlu_pro:test:7135,economics,10,15,6964,b189ec765aa7ed75c8acfea42df31fdae71f97be,D
mmlu_pro:test:7136,economics,10,438,6965,b189ec765aa7ed75c8acfea42df31fdae71f97be,H
mmlu_pro:test:7137,economics,10,60,6966,b189ec765aa7ed75c8acfea42df31fdae71f97be,H
mmlu_pro:test:7138,economics,10,197,6967,b189ec765aa7ed75c8acfea42df31fdae71f97be,D
mmlu_pro:test:7139,economics,10,200,6968,b189ec765aa7ed75c8acfea42df31fdae71f97be,I
mmlu_pro:test:7140,economics,10,446,6969,b189ec765aa7ed75c8acfea42df31fdae71f97be,A
mmlu_pro:test:7141,economics,9,71,6970,b189ec765aa7ed75c8acfea42df31fdae71f97be,B
mmlu_pro:test:7142,economics,10,80,6971,b189ec765aa7ed75c8acfea42df31fdae71f97be,C
mmlu_pro:test:7143,economics,10,18,6972,b189ec765aa7ed75c8acfea42df31fdae71f97be,I
mmlu_pro:test:7144,economics,10,157,6973,b189ec765aa7ed75c8acfea42df31fdae71f97be,B
mmlu_pro:test:7146,economics,10,132,6975,b189ec765aa7ed75c8acfea42df31fdae71f97be,D
mmlu_pro:test:7147,economics,10,76,6976,b189ec765aa7ed75c8acfea42df31fdae71f97be,D
mmlu_pro:test:7148,economics,10,22,6977,b189ec765aa7ed75c8acfea42df31fdae71f97be,G
mmlu_pro:test:7149,economics,10,102,6978,b189ec765aa7ed75c8acfea42df31fdae71f97be,D
mmlu_pro:test:7150,economics,10,36,6979,b189ec765aa7ed75c8acfea42df31fdae71f97be,H
mmlu_pro:test:7151,economics,10,112,6980,b189ec765aa7ed75c8acfea42df31fdae71f97be,H
mmlu_pro:test:7152,economics,9,165,6981,b189ec765aa7ed75c8acfea42df31fdae71f97be,B
mmlu_pro:test:7153,economics,10,83,6982,b189ec765aa7ed75c8acfea42df31fdae71f97be,C
mmlu_pro:test:7154,economics,4,172,6983,b189ec765aa7ed75c8acfea42df31fdae71f97be,D
mmlu_pro:test:7155,economics,4,141,6984,b189ec765aa7ed75c8acfea42df31fdae71f97be,A
mmlu_pro:test:7156,economics,7,126,6985,b189ec765aa7ed75c8acfea42df31fdae71f97be,C
mmlu_pro:test:7157,economics,9,214,6986,b189ec765aa7ed75c8acfea42df31fdae71f97be,E
mmlu_pro:test:7158,economics,10,222,6987,b189ec765aa7ed75c8acfea42df31fdae71f97be,G
mmlu_pro:test:7159,economics,10,112,6988,b189ec765aa7ed75c8acfea42df31fdae71f97be,H
mmlu_pro:test:7160,economics,10,39,6989,b189ec765aa7ed75c8acfea42df31fdae71f97be,D
mmlu_pro:test:7161,economics,5,97,6990,b189ec765aa7ed75c8acfea42df31fdae71f97be,E
mmlu_pro:test:7162,economics,10,53,6991,b189ec765aa7ed75c8acfea42df31fdae71f97be,B
mmlu_pro:test:7163,economics,8,117,6992,b189ec765aa7ed75c8acfea42df31fdae71f97be,B
mmlu_pro:test:7164,economics,10,108,6993,b189ec765aa7ed75c8acfea42df31fdae71f97be,D
mmlu_pro:test:7165,economics,10,28,6994,b189ec765aa7ed75c8acfea42df31fdae71f97be,F
mmlu_pro:test:7166,economics,10,282,6995,b189ec765aa7ed75c8acfea42df31fdae71f97be,G
mmlu_pro:test:7167,economics,10,332,6996,b189ec765aa7ed75c8acfea42df31fdae71f97be,J
mmlu_pro:test:7168,economics,10,84,6997,b189ec765aa7ed75c8acfea42df31fdae71f97be,D
mmlu_pro:test:7169,economics,10,84,6998,b189ec765aa7ed75c8acfea42df31fdae71f97be,C
mmlu_pro:test:7170,economics,10,97,6999,b189ec765aa7ed75c8acfea42df31fdae71f97be,H
mmlu_pro:test:7171,economics,8,60,7000,b189ec765aa7ed75c8acfea42df31fdae71f97be,A
mmlu_pro:test:7172,economics,10,59,7001,b189ec765aa7ed75c8acfea42df31fdae71f97be,B
mmlu_pro:test:7173,economics,8,58,7002,b189ec765aa7ed75c8acfea42df31fdae71f97be,A
mmlu_pro:test:7174,economics,10,33,7003,b189ec765aa7ed75c8acfea42df31fdae71f97be,D
mmlu_pro:test:7175,economics,10,413,7004,b189ec765aa7ed75c8acfea42df31fdae71f97be,B
mmlu_pro:test:7176,economics,10,121,7005,b189ec765aa7ed75c8acfea42df31fdae71f97be,D
mmlu_pro:test:7177,economics,10,62,7006,b189ec765aa7ed75c8acfea42df31fdae71f97be,C
mmlu_pro:test:7178,economics,7,56,7007,b189ec765aa7ed75c8acfea42df31fdae71f97be,F
mmlu_pro:test:7179,economics,4,160,7008,b189ec765aa7ed75c8acfea42df31fdae71f97be,B
mmlu_pro:test:7180,economics,10,224,7009,b189ec765aa7ed75c8acfea42df31fdae71f97be,I
mmlu_pro:test:7181,economics,10,77,7010,b189ec765aa7ed75c8acfea42df31fdae71f97be,D
mmlu_pro:test:7182,economics,10,112,7011,b189ec765aa7ed75c8acfea42df31fdae71f97be,F
mmlu_pro:test:7183,economics,10,325,7012,b189ec765aa7ed75c8acfea42df31fdae71f97be,A
mmlu_pro:test:7184,economics,9,62,7013,b189ec765aa7ed75c8acfea42df31fdae71f97be,D
mmlu_pro:test:7185,economics,9,59,7014,b189ec765aa7ed75c8acfea42df31fdae71f97be,A
mmlu_pro:test:7186,economics,10,145,7015,b189ec765aa7ed75c8acfea42df31fdae71f97be,D
mmlu_pro:test:7187,economics,8,546,7016,b189ec765aa7ed75c8acfea42df31fdae71f97be,B
mmlu_pro:test:7188,economics,10,69,7017,b189ec765aa7ed75c8acfea42df31fdae71f97be,A
mmlu_pro:test:7189,economics,4,109,7018,b189ec765aa7ed75c8acfea42df31fdae71f97be,D
mmlu_pro:test:7190,economics,4,275,7019,b189ec765aa7ed75c8acfea42df31fdae71f97be,B
mmlu_pro:test:7191,economics,10,124,7020,b189ec765aa7ed75c8acfea42df31fdae71f97be,A
mmlu_pro:test:7192,economics,8,36,7021,b189ec765aa7ed75c8acfea42df31fdae71f97be,E
mmlu_pro:test:7193,economics,9,74,7022,b189ec765aa7ed75c8acfea42df31fdae71f97be,A
mmlu_pro:test:7195,economics,10,254,7024,b189ec765aa7ed75c8acfea42df31fdae71f97be,C
mmlu_pro:test:7196,economics,10,187,7025,b189ec765aa7ed75c8acfea42df31fdae71f97be,B
mmlu_pro:test:7198,economics,10,98,7026,b189ec765aa7ed75c8acfea42df31fdae71f97be,G
mmlu_pro:test:7200,economics,10,233,7028,b189ec765aa7ed75c8acfea42df31fdae71f97be,B
mmlu_pro:test:7201,economics,10,32,7029,b189ec765aa7ed75c8acfea42df31fdae71f97be,H
mmlu_pro:test:7202,economics,10,61,7030,b189ec765aa7ed75c8acfea42df31fdae71f97be,A
mmlu_pro:test:7203,economics,10,37,7031,b189ec765aa7ed75c8acfea42df31fdae71f97be,G
mmlu_pro:test:7204,economics,10,42,7032,b189ec765aa7ed75c8acfea42df31fdae71f97be,C
mmlu_pro:test:7205,economics,10,60,7033,b189ec765aa7ed75c8acfea42df31fdae71f97be,A
mmlu_pro:test:7206,economics,10,48,7034,b189ec765aa7ed75c8acfea42df31fdae71f97be,F
mmlu_pro:test:7208,economics,10,390,7036,b189ec765aa7ed75c8acfea42df31fdae71f97be,E
mmlu_pro:test:7209,economics,10,144,7037,b189ec765aa7ed75c8acfea42df31fdae71f97be,F
mmlu_pro:test:7211,economics,10,181,7039,b189ec765aa7ed75c8acfea42df31fdae71f97be,F
mmlu_pro:test:7212,economics,10,94,7040,b189ec765aa7ed75c8acfea42df31fdae71f97be,I
mmlu_pro:test:7213,economics,10,152,7041,b189ec765aa7ed75c8acfea42df31fdae71f97be,J
mmlu_pro:test:7214,economics,8,87,7042,b189ec765aa7ed75c8acfea42df31fdae71f97be,E
mmlu_pro:test:7215,economics,10,286,7043,b189ec765aa7ed75c8acfea42df31fdae71f97be,A
mmlu_pro:test:7216,economics,10,77,7044,b189ec765aa7ed75c8acfea42df31fdae71f97be,A
mmlu_pro:test:7217,economics,10,208,7045,b189ec765aa7ed75c8acfea42df31fdae71f97be,B
mmlu_pro:test:7218,economics,10,115,7046,b189ec765aa7ed75c8acfea42df31fdae71f97be,E
mmlu_pro:test:7219,economics,10,105,7047,b189ec765aa7ed75c8acfea42df31fdae71f97be,G
mmlu_pro:test:7220,economics,10,28,7048,b189ec765aa7ed75c8acfea42df31fdae71f97be,G
mmlu_pro:test:7221,economics,10,81,7049,b189ec765aa7ed75c8acfea42df31fdae71f97be,E
mmlu_pro:test:7222,economics,4,62,7050,b189ec765aa7ed75c8acfea42df31fdae71f97be,C
mmlu_pro:test:7223,economics,10,139,7051,b189ec765aa7ed75c8acfea42df31fdae71f97be,A
mmlu_pro:test:7224,economics,4,46,7052,b189ec765aa7ed75c8acfea42df31fdae71f97be,D
mmlu_pro:test:7225,economics,10,282,7053,b189ec765aa7ed75c8acfea42df31fdae71f97be,H
mmlu_pro:test:7226,economics,7,88,7054,b189ec765aa7ed75c8acfea42df31fdae71f97be,D
mmlu_pro:test:7227,economics,9,66,7055,b189ec765aa7ed75c8acfea42df31fdae71f97be,C
mmlu_pro:test:7228,economics,10,198,7056,b189ec765aa7ed75c8acfea42df31fdae71f97be,C
mmlu_pro:test:7230,economics,10,79,7057,b189ec765aa7ed75c8acfea42df31fdae71f97be,D
mmlu_pro:test:7231,economics,10,266,7058,b189ec765aa7ed75c8acfea42df31fdae71f97be,J
mmlu_pro:test:7232,economics,10,59,7059,b189ec765aa7ed75c8acfea42df31fdae71f97be,G
mmlu_pro:test:7233,economics,10,53,7060,b189ec765aa7ed75c8acfea42df31fdae71f97be,A
mmlu_pro:test:7234,economics,10,173,7061,b189ec765aa7ed75c8acfea42df31fdae71f97be,A
mmlu_pro:test:7235,economics,10,64,7062,b189ec765aa7ed75c8acfea42df31fdae71f97be,I
mmlu_pro:test:7236,economics,10,91,7063,b189ec765aa7ed75c8acfea42df31fdae71f97be,D
mmlu_pro:test:7237,economics,10,133,7064,b189ec765aa7ed75c8acfea42df31fdae71f97be,I
mmlu_pro:test:7238,economics,10,143,7065,b189ec765aa7ed75c8acfea42df31fdae71f97be,E
mmlu_pro:test:7239,economics,10,124,7066,b189ec765aa7ed75c8acfea42df31fdae71f97be,F
mmlu_pro:test:7240,economics,10,132,7067,b189ec765aa7ed75c8acfea42df31fdae71f97be,B
mmlu_pro:test:7241,economics,10,38,7068,b189ec765aa7ed75c8acfea42df31fdae71f97be,I
mmlu_pro:test:7242,economics,10,138,7069,b189ec765aa7ed75c8acfea42df31fdae71f97be,B
mmlu_pro:test:7243,economics,10,142,7070,b189ec765aa7ed75c8acfea42df31fdae71f97be,D
mmlu_pro:test:7245,economics,10,339,7072,b189ec765aa7ed75c8acfea42df31fdae71f97be,B
mmlu_pro:test:7246,economics,10,73,7073,b189ec765aa7ed75c8acfea42df31fdae71f97be,B
mmlu_pro:test:7247,economics,4,91,7074,b189ec765aa7ed75c8acfea42df31fdae71f97be,C
mmlu_pro:test:7248,economics,10,82,7075,b189ec765aa7ed75c8acfea42df31fdae71f97be,A
mmlu_pro:test:7249,economics,10,86,7076,b189ec765aa7ed75c8acfea42df31fdae71f97be,J
mmlu_pro:test:7250,economics,10,442,7077,b189ec765aa7ed75c8acfea42df31fdae71f97be,G
mmlu_pro:test:7251,economics,10,429,7078,b189ec765aa7ed75c8acfea42df31fdae71f97be,E
mmlu_pro:test:7252,economics,4,471,7079,b189ec765aa7ed75c8acfea42df31fdae71f97be,C
mmlu_pro:test:7253,economics,10,261,7080,b189ec765aa7ed75c8acfea42df31fdae71f97be,A
mmlu_pro:test:7255,economics,4,89,7081,b189ec765aa7ed75c8acfea42df31fdae71f97be,C
mmlu_pro:test:7256,economics,10,186,7082,b189ec765aa7ed75c8acfea42df31fdae71f97be,D
mmlu_pro:test:7257,economics,10,125,7083,b189ec765aa7ed75c8acfea42df31fdae71f97be,E
mmlu_pro:test:7258,economics,10,43,7084,b189ec765aa7ed75c8acfea42df31fdae71f97be,J
mmlu_pro:test:7259,economics,10,44,7085,b189ec765aa7ed75c8acfea42df31fdae71f97be,C
mmlu_pro:test:7260,economics,10,440,7086,b189ec765aa7ed75c8acfea42df31fdae71f97be,G
mmlu_pro:test:7261,economics,10,246,7087,b189ec765aa7ed75c8acfea42df31fdae71f97be,D
mmlu_pro:test:7262,economics,10,145,7088,b189ec765aa7ed75c8acfea42df31fdae71f97be,B
mmlu_pro:test:7263,economics,10,86,7089,b189ec765aa7ed75c8acfea42df31fdae71f97be,F
mmlu_pro:test:7264,economics,10,503,7090,b189ec765aa7ed75c8acfea42df31fdae71f97be,J
mmlu_pro:test:7265,economics,10,88,7091,b189ec765aa7ed75c8acfea42df31fdae71f97be,E
mmlu_pro:test:7266,economics,10,233,7092,b189ec765aa7ed75c8acfea42df31fdae71f97be,I
mmlu_pro:test:7267,economics,10,149,7093,b189ec765aa7ed75c8acfea42df31fdae71f97be,I
mmlu_pro:test:7268,economics,10,219,7094,b189ec765aa7ed75c8acfea42df31fdae71f97be,H
mmlu_pro:test:7269,economics,10,70,7095,b189ec765aa7ed75c8acfea42df31fdae71f97be,C
mmlu_pro:test:7270,economics,10,76,7096,b189ec765aa7ed75c8acfea42df31fdae71f97be,E
mmlu_pro:test:7271,economics,10,139,7097,b189ec765aa7ed75c8acfea42df31fdae71f97be,H
mmlu_pro:test:7273,economics,10,320,7099,b189ec765aa7ed75c8acfea42df31fdae71f97be,B
mmlu_pro:test:7274,economics,8,74,7100,b189ec765aa7ed75c8acfea42df31fdae71f97be,A
mmlu_pro:test:7276,economics,10,19,7102,b189ec765aa7ed75c8acfea42df31fdae71f97be,D
mmlu_pro:test:7277,economics,10,93,7103,b189ec765aa7ed75c8acfea42df31fdae71f97be,B
mmlu_pro:test:7278,economics,10,85,7104,b189ec765aa7ed75c8acfea42df31fdae71f97be,J
mmlu_pro:test:7279,economics,10,77,7105,b189ec765aa7ed75c8acfea42df31fdae71f97be,E
mmlu_pro:test:7280,economics,10,46,7106,b189ec765aa7ed75c8acfea42df31fdae71f97be,F
mmlu_pro:test:7281,economics,10,134,7107,b189ec765aa7ed75c8acfea42df31fdae71f97be,F
mmlu_pro:test:7282,economics,10,33,7108,b189ec765aa7ed75c8acfea42df31fdae71f97be,F
mmlu_pro:test:7283,economics,10,41,7109,b189ec765aa7ed75c8acfea42df31fdae71f97be,E
mmlu_pro:test:7284,economics,10,304,7110,b189ec765aa7ed75c8acfea42df31fdae71f97be,C
mmlu_pro:test:7285,economics,10,127,7111,b189ec765aa7ed75c8acfea42df31fdae71f97be,E
mmlu_pro:test:7286,economics,10,17,7112,b189ec765aa7ed75c8acfea42df31fdae71f97be,H
mmlu_pro:test:7287,economics,10,67,7113,b189ec765aa7ed75c8acfea42df31fdae71f97be,I
mmlu_pro:test:7288,economics,10,137,7114,b189ec765aa7ed75c8acfea42df31fdae71f97be,G
mmlu_pro:test:7289,economics,9,128,7115,b189ec765aa7ed75c8acfea42df31fdae71f97be,H
mmlu_pro:test:7290,economics,10,90,7116,b189ec765aa7ed75c8acfea42df31fdae71f97be,J
mmlu_pro:test:7291,economics,10,98,7117,b189ec765aa7ed75c8acfea42df31fdae71f97be,G
mmlu_pro:test:7292,economics,10,154,7118,b189ec765aa7ed75c8acfea42df31fdae71f97be,I
mmlu_pro:test:7293,economics,9,74,7119,b189ec765aa7ed75c8acfea42df31fdae71f97be,H
mmlu_pro:test:7294,economics,3,61,7120,b189ec765aa7ed75c8acfea42df31fdae71f97be,A
mmlu_pro:test:7295,economics,10,62,7121,b189ec765aa7ed75c8acfea42df31fdae71f97be,A
mmlu_pro:test:7296,economics,10,82,7122,b189ec765aa7ed75c8acfea42df31fdae71f97be,D
mmlu_pro:test:7297,economics,10,35,7123,b189ec765aa7ed75c8acfea42df31fdae71f97be,I
mmlu_pro:test:7298,economics,10,179,7124,b189ec765aa7ed75c8acfea42df31fdae71f97be,D
mmlu_pro:test:7299,economics,10,117,7125,b189ec765aa7ed75c8acfea42df31fdae71f97be,H
mmlu_pro:test:7300,economics,10,68,7126,b189ec765aa7ed75c8acfea42df31fdae71f97be,G
mmlu_pro:test:7301,economics,9,71,7127,b189ec765aa7ed75c8acfea42df31fdae71f97be,H
mmlu_pro:test:7302,economics,10,68,7128,b189ec765aa7ed75c8acfea42df31fdae71f97be,G
mmlu_pro:test:7303,economics,9,53,7129,b189ec765aa7ed75c8acfea42df31fdae71f97be,E
mmlu_pro:test:7304,economics,10,29,7130,b189ec765aa7ed75c8acfea42df31fdae71f97be,C
mmlu_pro:test:7306,economics,4,86,7131,b189ec765aa7ed75c8acfea42df31fdae71f97be,A
mmlu_pro:test:7307,economics,4,70,7132,b189ec765aa7ed75c8acfea42df31fdae71f97be,A
mmlu_pro:test:7308,economics,4,178,7133,b189ec765aa7ed75c8acfea42df31fdae71f97be,B
mmlu_pro:test:7309,economics,10,148,7134,b189ec765aa7ed75c8acfea42df31fdae71f97be,J
mmlu_pro:test:7310,economics,10,226,7135,b189ec765aa7ed75c8acfea42df31fdae71f97be,I
mmlu_pro:test:7311,economics,9,69,7136,b189ec765aa7ed75c8acfea42df31fdae71f97be,B
mmlu_pro:test:7312,economics,4,148,7137,b189ec765aa7ed75c8acfea42df31fdae71f97be,A
mmlu_pro:test:7313,economics,10,573,7138,b189ec765aa7ed75c8acfea42df31fdae71f97be,E
mmlu_pro:test:7314,economics,10,408,7139,b189ec765aa7ed75c8acfea42df31fdae71f97be,J
mmlu_pro:test:7315,economics,10,646,7140,b189ec765aa7ed75c8acfea42df31fdae71f97be,H
mmlu_pro:test:7317,economics,10,32,7142,b189ec765aa7ed75c8acfea42df31fdae71f97be,F
mmlu_pro:test:7318,economics,10,215,7143,b189ec765aa7ed75c8acfea42df31fdae71f97be,F
mmlu_pro:test:7319,economics,7,150,7144,b189ec765aa7ed75c8acfea42df31fdae71f97be,E
mmlu_pro:test:7321,economics,4,71,7145,b189ec765aa7ed75c8acfea42df31fdae71f97be,A
mmlu_pro:test:7322,economics,4,47,7146,b189ec765aa7ed75c8acfea42df31fdae71f97be,D
mmlu_pro:test:7323,economics,10,68,7147,b189ec765aa7ed75c8acfea42df31fdae71f97be,J
mmlu_pro:test:7324,economics,4,210,7148,b189ec765aa7ed75c8acfea42df31fdae71f97be,B
mmlu_pro:test:7325,economics,10,189,7149,b189ec765aa7ed75c8acfea42df31fdae71f97be,C
mmlu_pro:test:7326,economics,10,64,7150,b189ec765aa7ed75c8acfea42df31fdae71f97be,E
mmlu_pro:test:7327,economics,10,150,7151,b189ec765aa7ed75c8acfea42df31fdae71f97be,C
mmlu_pro:test:7328,economics,10,110,7152,b189ec765aa7ed75c8acfea42df31fdae71f97be,A
mmlu_pro:test:7330,economics,10,24,7154,b189ec765aa7ed75c8acfea42df31fdae71f97be,J
mmlu_pro:test:7331,economics,10,94,7155,b189ec765aa7ed75c8acfea42df31fdae71f97be,F
mmlu_pro:test:7332,economics,10,273,7156,b189ec765aa7ed75c8acfea42df31fdae71f97be,G
mmlu_pro:test:7333,economics,9,292,7157,b189ec765aa7ed75c8acfea42df31fdae71f97be,G
mmlu_pro:test:7334,economics,10,80,7158,b189ec765aa7ed75c8acfea42df31fdae71f97be,E
mmlu_pro:test:7335,economics,5,97,7159,b189ec765aa7ed75c8acfea42df31fdae71f97be,A
mmlu_pro:test:7336,economics,10,207,7160,b189ec765aa7ed75c8acfea42df31fdae71f97be,D
mmlu_pro:test:7338,economics,10,329,7161,b189ec765aa7ed75c8acfea42df31fdae71f97be,H
mmlu_pro:test:7339,economics,10,221,7162,b189ec765aa7ed75c8acfea42df31fdae71f97be,F
mmlu_pro:test:7340,economics,10,235,7163,b189ec765aa7ed75c8acfea42df31fdae71f97be,G
mmlu_pro:test:7341,economics,10,182,7164,b189ec765aa7ed75c8acfea42df31fdae71f97be,F
mmlu_pro:test:7342,economics,10,75,7165,b189ec765aa7ed75c8acfea42df31fdae71f97be,F
mmlu_pro:test:7343,economics,10,280,7166,b189ec765aa7ed75c8acfea42df31fdae71f97be,H
mmlu_pro:test:7344,economics,10,32,7167,b189ec765aa7ed75c8acfea42df31fdae71f97be,J
mmlu_pro:test:7345,economics,10,298,7168,b189ec765aa7ed75c8acfea42df31fdae71f97be,G
mmlu_pro:test:7346,economics,10,681,7169,b189ec765aa7ed75c8acfea42df31fdae71f97be,C
mmlu_pro:test:7347,economics,9,158,7170,b189ec765aa7ed75c8acfea42df31fdae71f97be,F
mmlu_pro:test:7348,economics,10,114,7171,b189ec765aa7ed75c8acfea42df31fdae71f97be,I
mmlu_pro:test:7350,economics,8,36,7172,b189ec765aa7ed75c8acfea42df31fdae71f97be,C
mmlu_pro:test:7351,economics,10,69,7173,b189ec765aa7ed75c8acfea42df31fdae71f97be,F
mmlu_pro:test:7352,economics,10,119,7174,b189ec765aa7ed75c8acfea42df31fdae71f97be,F
mmlu_pro:test:7353,economics,9,113,7175,b189ec765aa7ed75c8acfea42df31fdae71f97be,G
mmlu_pro:test:7354,economics,10,95,7176,b189ec765aa7ed75c8acfea42df31fdae71f97be,B
mmlu_pro:test:7355,economics,4,89,7177,b189ec765aa7ed75c8acfea42df31fdae71f97be,A
mmlu_pro:test:7356,economics,9,216,7178,b189ec765aa7ed75c8acfea42df31fdae71f97be,F
mmlu_pro:test:7358,economics,10,125,7179,b189ec765aa7ed75c8acfea42df31fdae71f97be,A
mmlu_pro:test:7359,economics,10,180,7180,b189ec765aa7ed75c8acfea42df31fdae71f97be,B
mmlu_pro:test:7360,economics,10,52,7181,b189ec765aa7ed75c8acfea42df31fdae71f97be,H
mmlu_pro:test:7361,economics,10,161,7182,b189ec765aa7ed75c8acfea42df31fdae71f97be,I
mmlu_pro:test:7362,economics,8,88,7183,b189ec765aa7ed75c8acfea42df31fdae71f97be,G
mmlu_pro:test:7363,economics,10,241,7184,b189ec765aa7ed75c8acfea42df31fdae71f97be,G
mmlu_pro:test:7364,economics,10,92,7185,b189ec765aa7ed75c8acfea42df31fdae71f97be,J
mmlu_pro:test:7365,economics,10,126,7186,b189ec765aa7ed75c8acfea42df31fdae71f97be,F
mmlu_pro:test:7366,economics,10,39,7187,b189ec765aa7ed75c8acfea42df31fdae71f97be,D
mmlu_pro:test:7367,economics,10,257,7188,b189ec765aa7ed75c8acfea42df31fdae71f97be,H
mmlu_pro:test:7368,economics,4,90,7189,b189ec765aa7ed75c8acfea42df31fdae71f97be,C
mmlu_pro:test:7369,economics,4,79,7190,b189ec765aa7ed75c8acfea42df31fdae71f97be,D
mmlu_pro:test:7370,economics,10,74,7191,b189ec765aa7ed75c8acfea42df31fdae71f97be,E
mmlu_pro:test:7372,economics,10,65,7193,b189ec765aa7ed75c8acfea42df31fdae71f97be,F
mmlu_pro:test:7373,economics,4,83,7194,b189ec765aa7ed75c8acfea42df31fdae71f97be,A
mmlu_pro:test:7374,economics,10,385,7195,b189ec765aa7ed75c8acfea42df31fdae71f97be,J
mmlu_pro:test:7375,economics,10,139,7196,b189ec765aa7ed75c8acfea42df31fdae71f97be,I
mmlu_pro:test:7376,economics,10,433,7197,b189ec765aa7ed75c8acfea42df31fdae71f97be,H
mmlu_pro:test:7377,economics,10,155,7198,b189ec765aa7ed75c8acfea42df31fdae71f97be,F
mmlu_pro:test:7378,economics,10,280,7199,b189ec765aa7ed75c8acfea42df31fdae71f97be,I
mmlu_pro:test:7380,economics,10,251,7200,b189ec765aa7ed75c8acfea42df31fdae71f97be,F
mmlu_pro:test:7381,economics,10,368,7201,b189ec765aa7ed75c8acfea42df31fdae71f97be,A
mmlu_pro:test:7382,economics,4,175,7202,b189ec765aa7ed75c8acfea42df31fdae71f97be,D
mmlu_pro:test:7383,economics,10,276,7203,b189ec765aa7ed75c8acfea42df31fdae71f97be,G
mmlu_pro:test:7384,economics,10,80,7204,b189ec765aa7ed75c8acfea42df31fdae71f97be,B
mmlu_pro:test:7385,economics,10,330,7205,b189ec765aa7ed75c8acfea42df31fdae71f97be,H
mmlu_pro:test:7386,economics,10,46,7206,b189ec765aa7ed75c8acfea42df31fdae71f97be,G
mmlu_pro:test:7387,economics,10,49,7207,b189ec765aa7ed75c8acfea42df31fdae71f97be,A
mmlu_pro:test:7388,economics,10,153,7208,b189ec765aa7ed75c8acfea42df31fdae71f97be,A
mmlu_pro:test:7389,economics,10,45,7209,b189ec765aa7ed75c8acfea42df31fdae71f97be,I
mmlu_pro:test:7390,economics,10,65,7210,b189ec765aa7ed75c8acfea42df31fdae71f97be,D
mmlu_pro:test:7391,economics,10,22,7211,b189ec765aa7ed75c8acfea42df31fdae71f97be,A
mmlu_pro:test:7392,economics,10,181,7212,b189ec765aa7ed75c8acfea42df31fdae71f97be,B
mmlu_pro:test:7393,economics,10,225,7213,b189ec765aa7ed75c8acfea42df31fdae71f97be,J
mmlu_pro:test:7394,economics,10,282,7214,b189ec765aa7ed75c8acfea42df31fdae71f97be,C
mmlu_pro:test:7396,economics,10,88,7216,b189ec765aa7ed75c8acfea42df31fdae71f97be,G
mmlu_pro:test:7397,economics,7,199,7217,b189ec765aa7ed75c8acfea42df31fdae71f97be,G
mmlu_pro:test:7398,economics,10,127,7218,b189ec765aa7ed75c8acfea42df31fdae71f97be,F
mmlu_pro:test:7399,economics,10,358,7219,b189ec765aa7ed75c8acfea42df31fdae71f97be,I
mmlu_pro:test:7400,economics,10,46,7220,b189ec765aa7ed75c8acfea42df31fdae71f97be,C
mmlu_pro:test:7401,economics,10,235,7221,b189ec765aa7ed75c8acfea42df31fdae71f97be,A
mmlu_pro:test:7402,economics,10,257,7222,b189ec765aa7ed75c8acfea42df31fdae71f97be,B
mmlu_pro:test:7403,economics,10,29,7223,b189ec765aa7ed75c8acfea42df31fdae71f97be,B
mmlu_pro:test:7404,economics,10,173,7224,b189ec765aa7ed75c8acfea42df31fdae71f97be,J
mmlu_pro:test:7405,economics,10,93,7225,b189ec765aa7ed75c8acfea42df31fdae71f97be,C
mmlu_pro:test:7406,economics,10,147,7226,b189ec765aa7ed75c8acfea42df31fdae71f97be,J
mmlu_pro:test:7407,economics,10,66,7227,b189ec765aa7ed75c8acfea42df31fdae71f97be,G
mmlu_pro:test:7408,economics,10,60,7228,b189ec765aa7ed75c8acfea42df31fdae71f97be,A
mmlu_pro:test:7409,economics,10,144,7229,b189ec765aa7ed75c8acfea42df31fdae71f97be,C
mmlu_pro:test:7410,economics,10,24,7230,b189ec765aa7ed75c8acfea42df31fdae71f97be,D
mmlu_pro:test:7411,economics,10,78,7231,b189ec765aa7ed75c8acfea42df31fdae71f97be,D
mmlu_pro:test:7412,economics,10,63,7232,b189ec765aa7ed75c8acfea42df31fdae71f97be,J
mmlu_pro:test:7413,economics,10,77,7233,b189ec765aa7ed75c8acfea42df31fdae71f97be,F
mmlu_pro:test:7414,economics,10,347,7234,b189ec765aa7ed75c8acfea42df31fdae71f97be,I
mmlu_pro:test:7415,economics,10,70,7235,b189ec765aa7ed75c8acfea42df31fdae71f97be,H
mmlu_pro:test:7416,economics,4,56,7236,b189ec765aa7ed75c8acfea42df31fdae71f97be,A
mmlu_pro:test:7417,economics,10,29,7237,b189ec765aa7ed75c8acfea42df31fdae71f97be,I
mmlu_pro:test:7418,economics,10,81,7238,b189ec765aa7ed75c8acfea42df31fdae71f97be,D
mmlu_pro:test:7419,economics,10,44,7239,b189ec765aa7ed75c8acfea42df31fdae71f97be,J
mmlu_pro:test:7420,economics,9,173,7240,b189ec765aa7ed75c8acfea42df31fdae71f97be,H
mmlu_pro:test:7421,economics,4,123,7241,b189ec765aa7ed75c8acfea42df31fdae71f97be,A
mmlu_pro:test:7422,economics,10,163,7242,b189ec765aa7ed75c8acfea42df31fdae71f97be,D
mmlu_pro:test:7423,economics,4,56,7243,b189ec765aa7ed75c8acfea42df31fdae71f97be,D
mmlu_pro:test:7424,economics,4,51,7244,b189ec765aa7ed75c8acfea42df31fdae71f97be,D
mmlu_pro:test:7425,economics,9,50,7245,b189ec765aa7ed75c8acfea42df31fdae71f97be,F
mmlu_pro:test:7426,economics,9,66,7246,b189ec765aa7ed75c8acfea42df31fdae71f97be,A
mmlu_pro:test:7427,economics,10,196,7247,b189ec765aa7ed75c8acfea42df31fdae71f97be,D
mmlu_pro:test:7428,economics,10,179,7248,b189ec765aa7ed75c8acfea42df31fdae71f97be,F
mmlu_pro:test:7429,economics,10,169,7249,b189ec765aa7ed75c8acfea42df31fdae71f97be,E
mmlu_pro:test:7430,economics,10,277,7250,b189ec765aa7ed75c8acfea42df31fdae71f97be,H
mmlu_pro:test:7431,economics,10,79,7251,b189ec765aa7ed75c8acfea42df31fdae71f97be,E
mmlu_pro:test:7432,economics,8,165,7252,b189ec765aa7ed75c8acfea42df31fdae71f97be,A
mmlu_pro:test:7433,economics,10,163,7253,b189ec765aa7ed75c8acfea42df31fdae71f97be,H
mmlu_pro:test:7435,economics,10,109,7255,b189ec765aa7ed75c8acfea42df31fdae71f97be,F
mmlu_pro:test:7436,economics,10,45,7256,b189ec765aa7ed75c8acfea42df31fdae71f97be,D
mmlu_pro:test:7437,economics,10,31,7257,b189ec765aa7ed75c8acfea42df31fdae71f97be,A
mmlu_pro:test:7438,economics,8,71,7258,b189ec765aa7ed75c8acfea42df31fdae71f97be,F
mmlu_pro:test:7439,economics,10,82,7259,b189ec765aa7ed75c8acfea42df31fdae71f97be,G
mmlu_pro:test:7440,economics,9,51,7260,b189ec765aa7ed75c8acfea42df31fdae71f97be,G
mmlu_pro:test:7441,economics,6,125,7261,b189ec765aa7ed75c8acfea42df31fdae71f97be,E
mmlu_pro:test:7442,economics,10,159,7262,b189ec765aa7ed75c8acfea42df31fdae71f97be,I
mmlu_pro:test:7443,economics,10,95,7263,b189ec765aa7ed75c8acfea42df31fdae71f97be,F
mmlu_pro:test:7444,economics,10,63,7264,b189ec765aa7ed75c8acfea42df31fdae71f97be,A
mmlu_pro:test:7445,economics,10,91,7265,b189ec765aa7ed75c8acfea42df31fdae71f97be,I
mmlu_pro:test:7446,economics,4,140,7266,b189ec765aa7ed75c8acfea42df31fdae71f97be,A
mmlu_pro:test:7447,economics,10,296,7267,b189ec765aa7ed75c8acfea42df31fdae71f97be,J
mmlu_pro:test:7448,economics,10,309,7268,b189ec765aa7ed75c8acfea42df31fdae71f97be,J
mmlu_pro:test:7449,economics,10,170,7269,b189ec765aa7ed75c8acfea42df31fdae71f97be,G
mmlu_pro:test:7450,economics,10,204,7270,b189ec765aa7ed75c8acfea42df31fdae71f97be,H
mmlu_pro:test:7451,economics,4,105,7271,b189ec765aa7ed75c8acfea42df31fdae71f97be,B
mmlu_pro:test:7452,economics,10,68,7272,b189ec765aa7ed75c8acfea42df31fdae71f97be,C
mmlu_pro:test:7453,economics,10,220,7273,b189ec765aa7ed75c8acfea42df31fdae71f97be,I
mmlu_pro:test:7454,economics,4,253,7274,b189ec765aa7ed75c8acfea42df31fdae71f97be,A
mmlu_pro:test:7455,economics,4,82,7275,b189ec765aa7ed75c8acfea42df31fdae71f97be,D
mmlu_pro:test:7456,economics,10,144,7276,b189ec765aa7ed75c8acfea42df31fdae71f97be,F
mmlu_pro:test:7457,economics,4,165,7277,b189ec765aa7ed75c8acfea42df31fdae71f97be,A
mmlu_pro:test:7458,economics,4,424,7278,b189ec765aa7ed75c8acfea42df31fdae71f97be,D
mmlu_pro:test:7459,economics,10,68,7279,b189ec765aa7ed75c8acfea42df31fdae71f97be,C
mmlu_pro:test:7460,economics,10,153,7280,b189ec765aa7ed75c8acfea42df31fdae71f97be,G
mmlu_pro:test:7461,economics,10,136,7281,b189ec765aa7ed75c8acfea42df31fdae71f97be,G
mmlu_pro:test:7462,economics,10,127,7282,b189ec765aa7ed75c8acfea42df31fdae71f97be,E
mmlu_pro:test:7463,economics,10,70,7283,b189ec765aa7ed75c8acfea42df31fdae71f97be,D
mmlu_pro:test:7464,economics,10,190,7284,b189ec765aa7ed75c8acfea42df31fdae71f97be,H
mmlu_pro:test:7466,economics,10,202,7286,b189ec765aa7ed75c8acfea42df31fdae71f97be,H
mmlu_pro:test:7467,economics,10,269,7287,b189ec765aa7ed75c8acfea42df31fdae71f97be,F
mmlu_pro:test:7468,economics,8,72,7288,b189ec765aa7ed75c8acfea42df31fdae71f97be,F
mmlu_pro:test:7469,economics,10,190,7289,b189ec765aa7ed75c8acfea42df31fdae71f97be,G
mmlu_pro:test:7470,economics,10,83,7290,b189ec765aa7ed75c8acfea42df31fdae71f97be,E
mmlu_pro:test:7471,economics,10,81,7291,b189ec765aa7ed75c8acfea42df31fdae71f97be,C
mmlu_pro:test:7473,economics,10,255,7292,b189ec765aa7ed75c8acfea42df31fdae71f97be,H
mmlu_pro:test:7474,economics,10,89,7293,b189ec765aa7ed75c8acfea42df31fdae71f97be,A
mmlu_pro:test:7475,economics,10,140,7294,b189ec765aa7ed75c8acfea42df31fdae71f97be,E
mmlu_pro:test:7477,economics,10,112,7295,b189ec765aa7ed75c8acfea42df31fdae71f97be,I
mmlu_pro:test:7478,economics,10,62,7296,b189ec765aa7ed75c8acfea42df31fdae71f97be,B
mmlu_pro:test:7479,economics,10,90,7297,b189ec765aa7ed75c8acfea42df31fdae71f97be,J
mmlu_pro:test:7480,economics,7,61,7298,b189ec765aa7ed75c8acfea42df31fdae71f97be,B
mmlu_pro:test:7481,economics,10,187,7299,b189ec765aa7ed75c8acfea42df31fdae71f97be,G
mmlu_pro:test:7482,economics,8,42,7300,b189ec765aa7ed75c8acfea42df31fdae71f97be,H
mmlu_pro:test:7483,economics,10,95,7301,b189ec765aa7ed75c8acfea42df31fdae71f97be,I
mmlu_pro:test:7484,economics,10,193,7302,b189ec765aa7ed75c8acfea42df31fdae71f97be,B
mmlu_pro:test:7485,economics,10,203,7303,b189ec765aa7ed75c8acfea42df31fdae71f97be,F
mmlu_pro:test:7486,economics,4,143,7304,b189ec765aa7ed75c8acfea42df31fdae71f97be,D
mmlu_pro:test:7487,economics,8,44,7305,b189ec765aa7ed75c8acfea42df31fdae71f97be,H
mmlu_pro:test:7488,economics,10,106,7306,b189ec765aa7ed75c8acfea42df31fdae71f97be,C
mmlu_pro:test:7489,economics,10,107,7307,b189ec765aa7ed75c8acfea42df31fdae71f97be,E
mmlu_pro:test:7490,economics,6,47,7308,b189ec765aa7ed75c8acfea42df31fdae71f97be,A
mmlu_pro:test:7491,economics,9,37,7309,b189ec765aa7ed75c8acfea42df31fdae71f97be,A
mmlu_pro:test:7492,economics,10,98,7310,b189ec765aa7ed75c8acfea42df31fdae71f97be,I
mmlu_pro:test:7493,economics,10,86,7311,b189ec765aa7ed75c8acfea42df31fdae71f97be,G
mmlu_pro:test:7494,economics,10,101,7312,b189ec765aa7ed75c8acfea42df31fdae71f97be,J
mmlu_pro:test:7495,economics,9,140,7313,b189ec765aa7ed75c8acfea42df31fdae71f97be,F
mmlu_pro:test:7496,economics,10,134,7314,b189ec765aa7ed75c8acfea42df31fdae71f97be,G
mmlu_pro:test:7497,economics,9,261,7315,b189ec765aa7ed75c8acfea42df31fdae71f97be,F
mmlu_pro:test:7498,economics,10,83,7316,b189ec765aa7ed75c8acfea42df31fdae71f97be,I
mmlu_pro:test:7499,economics,10,167,7317,b189ec765aa7ed75c8acfea42df31fdae71f97be,F
mmlu_pro:test:7500,economics,10,31,7318,b189ec765aa7ed75c8acfea42df31fdae71f97be,H
mmlu_pro:test:7501,economics,10,56,7319,b189ec765aa7ed75c8acfea42df31fdae71f97be,G
mmlu_pro:test:7502,economics,10,119,7320,b189ec765aa7ed75c8acfea42df31fdae71f97be,F
mmlu_pro:test:7503,economics,9,59,7321,b189ec765aa7ed75c8acfea42df31fdae71f97be,F
mmlu_pro:test:7504,economics,10,178,7322,b189ec765aa7ed75c8acfea42df31fdae71f97be,C
mmlu_pro:test:7505,economics,10,143,7323,b189ec765aa7ed75c8acfea42df31fdae71f97be,J
mmlu_pro:test:7506,economics,10,167,7324,b189ec765aa7ed75c8acfea42df31fdae71f97be,B
mmlu_pro:test:7508,economics,10,256,7325,b189ec765aa7ed75c8acfea42df31fdae71f97be,C
mmlu_pro:test:7509,economics,10,161,7326,b189ec765aa7ed75c8acfea42df31fdae71f97be,E
mmlu_pro:test:7510,economics,10,500,7327,b189ec765aa7ed75c8acfea42df31fdae71f97be,I
mmlu_pro:test:7511,economics,10,79,7328,b189ec765aa7ed75c8acfea42df31fdae71f97be,B
mmlu_pro:test:7512,economics,10,145,7329,b189ec765aa7ed75c8acfea42df31fdae71f97be,J
mmlu_pro:test:7514,economics,10,220,7331,b189ec765aa7ed75c8acfea42df31fdae71f97be,C
mmlu_pro:test:7515,economics,4,573,7332,b189ec765aa7ed75c8acfea42df31fdae71f97be,C
mmlu_pro:test:7516,economics,10,24,7333,b189ec765aa7ed75c8acfea42df31fdae71f97be,A
mmlu_pro:test:7517,economics,4,167,7334,b189ec765aa7ed75c8acfea42df31fdae71f97be,B
mmlu_pro:test:7518,economics,4,48,7335,b189ec765aa7ed75c8acfea42df31fdae71f97be,D
mmlu_pro:test:7519,economics,10,85,7336,b189ec765aa7ed75c8acfea42df31fdae71f97be,C
mmlu_pro:test:7520,economics,10,659,7337,b189ec765aa7ed75c8acfea42df31fdae71f97be,E
mmlu_pro:test:7521,economics,10,114,7338,b189ec765aa7ed75c8acfea42df31fdae71f97be,H
mmlu_pro:test:7522,economics,10,75,7339,b189ec765aa7ed75c8acfea42df31fdae71f97be,F
mmlu_pro:test:7523,economics,10,359,7340,b189ec765aa7ed75c8acfea42df31fdae71f97be,C
mmlu_pro:test:7524,economics,10,95,7341,b189ec765aa7ed75c8acfea42df31fdae71f97be,I
mmlu_pro:test:7525,economics,10,184,7342,b189ec765aa7ed75c8acfea42df31fdae71f97be,C
mmlu_pro:test:7526,economics,10,155,7343,b189ec765aa7ed75c8acfea42df31fdae71f97be,B
mmlu_pro:test:7527,economics,10,91,7344,b189ec765aa7ed75c8acfea42df31fdae71f97be,D
mmlu_pro:test:7528,economics,8,84,7345,b189ec765aa7ed75c8acfea42df31fdae71f97be,E
mmlu_pro:test:7529,economics,10,50,7346,b189ec765aa7ed75c8acfea42df31fdae71f97be,G
mmlu_pro:test:7530,economics,10,237,7347,b189ec765aa7ed75c8acfea42df31fdae71f97be,I
mmlu_pro:test:7531,economics,10,62,7348,b189ec765aa7ed75c8acfea42df31fdae71f97be,H
mmlu_pro:test:7532,economics,10,170,7349,b189ec765aa7ed75c8acfea42df31fdae71f97be,A
mmlu_pro:test:7533,economics,10,41,7350,b189ec765aa7ed75c8acfea42df31fdae71f97be,E
mmlu_pro:test:7534,economics,10,249,7351,b189ec765aa7ed75c8acfea42df31fdae71f97be,H
mmlu_pro:test:7535,economics,9,133,7352,b189ec765aa7ed75c8acfea42df31fdae71f97be,C
mmlu_pro:test:7536,economics,10,121,7353,b189ec765aa7ed75c8acfea42df31fdae71f97be,F
mmlu_pro:test:7537,economics,10,267,7354,b189ec765aa7ed75c8acfea42df31fdae71f97be,B
mmlu_pro:test:7538,economics,10,74,7355,b189ec765aa7ed75c8acfea42df31fdae71f97be,B
mmlu_pro:test:7539,economics,10,86,7356,b189ec765aa7ed75c8acfea42df31fdae71f97be,C
mmlu_pro:test:7540,economics,10,271,7357,b189ec765aa7ed75c8acfea42df31fdae71f97be,G
mmlu_pro:test:7541,economics,10,603,7358,b189ec765aa7ed75c8acfea42df31fdae71f97be,B
mmlu_pro:test:7542,economics,10,181,7359,b189ec765aa7ed75c8acfea42df31fdae71f97be,A
mmlu_pro:test:7543,economics,10,165,7360,b189ec765aa7ed75c8acfea42df31fdae71f97be,H
mmlu_pro:test:7544,economics,10,150,7361,b189ec765aa7ed75c8acfea42df31fdae71f97be,I
mmlu_pro:test:7545,economics,10,41,7362,b189ec765aa7ed75c8acfea42df31fdae71f97be,A
mmlu_pro:test:7546,economics,10,36,7363,b189ec765aa7ed75c8acfea42df31fdae71f97be,A
mmlu_pro:test:7547,economics,10,198,7364,b189ec765aa7ed75c8acfea42df31fdae71f97be,G
mmlu_pro:test:7548,economics,10,157,7365,b189ec765aa7ed75c8acfea42df31fdae71f97be,B
mmlu_pro:test:7549,economics,10,87,7366,b189ec765aa7ed75c8acfea42df31fdae71f97be,D
mmlu_pro:test:7550,economics,10,25,7367,b189ec765aa7ed75c8acfea42df31fdae71f97be,I
mmlu_pro:test:7551,economics,10,133,7368,b189ec765aa7ed75c8acfea42df31fdae71f97be,D
mmlu_pro:test:7553,economics,6,141,7370,b189ec765aa7ed75c8acfea42df31fdae71f97be,C
mmlu_pro:test:7554,economics,10,55,7371,b189ec765aa7ed75c8acfea42df31fdae71f97be,E
mmlu_pro:test:7556,economics,10,196,7373,b189ec765aa7ed75c8acfea42df31fdae71f97be,D
mmlu_pro:test:7557,economics,4,87,7374,b189ec765aa7ed75c8acfea42df31fdae71f97be,D
mmlu_pro:test:7558,economics,4,153,7375,b189ec765aa7ed75c8acfea42df31fdae71f97be,C
mmlu_pro:test:7559,economics,9,113,7376,b189ec765aa7ed75c8acfea42df31fdae71f97be,F
mmlu_pro:test:7560,economics,10,146,7377,b189ec765aa7ed75c8acfea42df31fdae71f97be,J
mmlu_pro:test:7561,economics,10,198,7378,b189ec765aa7ed75c8acfea42df31fdae71f97be,G
mmlu_pro:test:7562,economics,10,54,7379,b189ec765aa7ed75c8acfea42df31fdae71f97be,E
mmlu_pro:test:7563,economics,7,66,7380,b189ec765aa7ed75c8acfea42df31fdae71f97be,B
mmlu_pro:test:7564,economics,10,239,7381,b189ec765aa7ed75c8acfea42df31fdae71f97be,D
mmlu_pro:test:7565,economics,10,97,7382,b189ec765aa7ed75c8acfea42df31fdae71f97be,D
mmlu_pro:test:7566,economics,10,200,7383,b189ec765aa7ed75c8acfea42df31fdae71f97be,C
mmlu_pro:test:7567,economics,10,250,7384,b189ec765aa7ed75c8acfea42df31fdae71f97be,E
mmlu_pro:test:7568,economics,10,62,7385,b189ec765aa7ed75c8acfea42df31fdae71f97be,D
mmlu_pro:test:7569,economics,10,87,7386,b189ec765aa7ed75c8acfea42df31fdae71f97be,J
mmlu_pro:test:7570,economics,6,72,7387,b189ec765aa7ed75c8acfea42df31fdae71f97be,A
mmlu_pro:test:7571,economics,10,165,7388,b189ec765aa7ed75c8acfea42df31fdae71f97be,C
mmlu_pro:test:7572,economics,10,208,7389,b189ec765aa7ed75c8acfea42df31fdae71f97be,E
mmlu_pro:test:7573,economics,10,63,7390,b189ec765aa7ed75c8acfea42df31fdae71f97be,F
mmlu_pro:test:7574,economics,10,46,7391,b189ec765aa7ed75c8acfea42df31fdae71f97be,J
mmlu_pro:test:7575,economics,10,71,7392,b189ec765aa7ed75c8acfea42df31fdae71f97be,D
mmlu_pro:test:7576,economics,8,74,7393,b189ec765aa7ed75c8acfea42df31fdae71f97be,A
mmlu_pro:test:7577,economics,10,137,7394,b189ec765aa7ed75c8acfea42df31fdae71f97be,B
mmlu_pro:test:7578,economics,4,63,7395,b189ec765aa7ed75c8acfea42df31fdae71f97be,B
mmlu_pro:test:7579,economics,9,127,7396,b189ec765aa7ed75c8acfea42df31fdae71f97be,B
mmlu_pro:test:7580,economics,10,106,7397,b189ec765aa7ed75c8acfea42df31fdae71f97be,J
mmlu_pro:test:7581,economics,10,87,7398,b189ec765aa7ed75c8acfea42df31fdae71f97be,D
mmlu_pro:test:7582,economics,10,46,7399,b189ec765aa7ed75c8acfea42df31fdae71f97be,E
mmlu_pro:test:7583,economics,10,230,7400,b189ec765aa7ed75c8acfea42df31fdae71f97be,E
mmlu_pro:test:7584,economics,10,167,7401,b189ec765aa7ed75c8acfea42df31fdae71f97be,J
mmlu_pro:test:7585,economics,9,91,7402,b189ec765aa7ed75c8acfea42df31fdae71f97be,A
mmlu_pro:test:7586,economics,10,113,7403,b189ec765aa7ed75c8acfea42df31fdae71f97be,G
mmlu_pro:test:7587,economics,4,59,7404,b189ec765aa7ed75c8acfea42df31fdae71f97be,A
mmlu_pro:test:7588,economics,4,80,7405,b189ec765aa7ed75c8acfea42df31fdae71f97be,A
mmlu_pro:test:7589,economics,4,51,7406,b189ec765aa7ed75c8acfea42df31fdae71f97be,C
mmlu_pro:test:7590,economics,10,283,7407,b189ec765aa7ed75c8acfea42df31fdae71f97be,A
mmlu_pro:test:7591,economics,4,59,7408,b189ec765aa7ed75c8acfea42df31fdae71f97be,C
mmlu_pro:test:7592,economics,10,90,7409,b189ec765aa7ed75c8acfea42df31fdae71f97be,G
mmlu_pro:test:7593,economics,10,531,7410,b189ec765aa7ed75c8acfea42df31fdae71f97be,B
mmlu_pro:test:7594,economics,10,68,7411,b189ec765aa7ed75c8acfea42df31fdae71f97be,C
mmlu_pro:test:7595,economics,8,140,7412,b189ec765aa7ed75c8acfea42df31fdae71f97be,D
mmlu_pro:test:7596,economics,10,28,7413,b189ec765aa7ed75c8acfea42df31fdae71f97be,G
mmlu_pro:test:7597,economics,5,270,7414,b189ec765aa7ed75c8acfea42df31fdae71f97be,C
mmlu_pro:test:7598,economics,10,46,7415,b189ec765aa7ed75c8acfea42df31fdae71f97be,E
mmlu_pro:test:7599,economics,10,76,7416,b189ec765aa7ed75c8acfea42df31fdae71f97be,J
mmlu_pro:test:7600,economics,10,106,7417,b189ec765aa7ed75c8acfea42df31fdae71f97be,C
mmlu_pro:test:7601,economics,9,175,7418,b189ec765aa7ed75c8acfea42df31fdae71f97be,A
mmlu_pro:test:7602,economics,10,298,7419,b189ec765aa7ed75c8acfea42df31fdae71f97be,B
mmlu_pro:test:7603,economics,10,106,7420,b189ec765aa7ed75c8acfea42df31fdae71f97be,B
mmlu_pro:test:7604,economics,10,497,7421,b189ec765aa7ed75c8acfea42df31fdae71f97be,A
mmlu_pro:test:7606,economics,10,124,7423,b189ec765aa7ed75c8acfea42df31fdae71f97be,H
mmlu_pro:test:7607,economics,10,88,7424,b189ec765aa7ed75c8acfea42df31fdae71f97be,J
mmlu_pro:test:7608,economics,10,184,7425,b189ec765aa7ed75c8acfea42df31fdae71f97be,D
mmlu_pro:test:7609,economics,10,203,7426,b189ec765aa7ed75c8acfea42df31fdae71f97be,E
mmlu_pro:test:7610,economics,10,374,7427,b189ec765aa7ed75c8acfea42df31fdae71f97be,A
mmlu_pro:test:7611,economics,10,45,7428,b189ec765aa7ed75c8acfea42df31fdae71f97be,E
mmlu_pro:test:7612,economics,10,267,7429,b189ec765aa7ed75c8acfea42df31fdae71f97be,G
mmlu_pro:test:7614,economics,10,80,7431,b189ec765aa7ed75c8acfea42df31fdae71f97be,J
mmlu_pro:test:7615,economics,10,44,7432,b189ec765aa7ed75c8acfea42df31fdae71f97be,H
mmlu_pro:test:7616,economics,10,194,7433,b189ec765aa7ed75c8acfea42df31fdae71f97be,H
mmlu_pro:test:7617,economics,10,393,7434,b189ec765aa7ed75c8acfea42df31fdae71f97be,D
mmlu_pro:test:7618,economics,10,108,7435,b189ec765aa7ed75c8acfea42df31fdae71f97be,A
mmlu_pro:test:7619,economics,10,444,7436,b189ec765aa7ed75c8acfea42df31fdae71f97be,B
mmlu_pro:test:7620,economics,10,63,7437,b189ec765aa7ed75c8acfea42df31fdae71f97be,G
mmlu_pro:test:7621,economics,10,68,7438,b189ec765aa7ed75c8acfea42df31fdae71f97be,A
mmlu_pro:test:7623,economics,10,45,7440,b189ec765aa7ed75c8acfea42df31fdae71f97be,D
mmlu_pro:test:7624,economics,10,62,7441,b189ec765aa7ed75c8acfea42df31fdae71f97be,D
mmlu_pro:test:7625,economics,4,133,7442,b189ec765aa7ed75c8acfea42df31fdae71f97be,C
mmlu_pro:test:7626,economics,10,132,7443,b189ec765aa7ed75c8acfea42df31fdae71f97be,G
mmlu_pro:test:7627,economics,10,66,7444,b189ec765aa7ed75c8acfea42df31fdae71f97be,G
mmlu_pro:test:7628,economics,4,70,7445,b189ec765aa7ed75c8acfea42df31fdae71f97be,B
mmlu_pro:test:7629,economics,10,199,7446,b189ec765aa7ed75c8acfea42df31fdae71f97be,A
mmlu_pro:test:7630,economics,10,262,7447,b189ec765aa7ed75c8acfea42df31fdae71f97be,I
mmlu_pro:test:7631,economics,9,179,7448,b189ec765aa7ed75c8acfea42df31fdae71f97be,F
mmlu_pro:test:7632,economics,10,75,7449,b189ec765aa7ed75c8acfea42df31fdae71f97be,D
mmlu_pro:test:7633,economics,9,64,7450,b189ec765aa7ed75c8acfea42df31fdae71f97be,C
mmlu_pro:test:7634,economics,10,193,7451,b189ec765aa7ed75c8acfea42df31fdae71f97be,H
mmlu_pro:test:7635,economics,8,143,7452,b189ec765aa7ed75c8acfea42df31fdae71f97be,A
mmlu_pro:test:7636,economics,10,217,7453,b189ec765aa7ed75c8acfea42df31fdae71f97be,D
mmlu_pro:test:7637,economics,10,28,7454,b189ec765aa7ed75c8acfea42df31fdae71f97be,A
mmlu_pro:test:7638,economics,10,85,7455,b189ec765aa7ed75c8acfea42df31fdae71f97be,E
mmlu_pro:test:7639,economics,10,163,7456,b189ec765aa7ed75c8acfea42df31fdae71f97be,D
mmlu_pro:test:7640,economics,10,111,7457,b189ec765aa7ed75c8acfea42df31fdae71f97be,G
mmlu_pro:test:7641,economics,10,58,7458,b189ec765aa7ed75c8acfea42df31fdae71f97be,A
mmlu_pro:test:7642,economics,10,54,7459,b189ec765aa7ed75c8acfea42df31fdae71f97be,E
mmlu_pro:test:7643,economics,6,84,7460,b189ec765aa7ed75c8acfea42df31fdae71f97be,F
mmlu_pro:test:7644,economics,10,38,7461,b189ec765aa7ed75c8acfea42df31fdae71f97be,D
mmlu_pro:test:7646,economics,10,62,7463,b189ec765aa7ed75c8acfea42df31fdae71f97be,J
mmlu_pro:test:7647,economics,8,32,7464,b189ec765aa7ed75c8acfea42df31fdae71f97be,B
mmlu_pro:test:7648,economics,10,259,7465,b189ec765aa7ed75c8acfea42df31fdae71f97be,I
mmlu_pro:test:7649,economics,10,83,7466,b189ec765aa7ed75c8acfea42df31fdae71f97be,G
mmlu_pro:test:7650,economics,10,31,7467,b189ec765aa7ed75c8acfea42df31fdae71f97be,H
mmlu_pro:test:7651,economics,10,136,7468,b189ec765aa7ed75c8acfea42df31fdae71f97be,B
mmlu_pro:test:7652,economics,9,245,7469,b189ec765aa7ed75c8acfea42df31fdae71f97be,A
mmlu_pro:test:7653,economics,4,101,7470,b189ec765aa7ed75c8acfea42df31fdae71f97be,A
mmlu_pro:test:7654,economics,10,415,7471,b189ec765aa7ed75c8acfea42df31fdae71f97be,G
mmlu_pro:test:7655,economics,10,220,7472,b189ec765aa7ed75c8acfea42df31fdae71f97be,F
mmlu_pro:test:7656,economics,10,99,7473,b189ec765aa7ed75c8acfea42df31fdae71f97be,J
mmlu_pro:test:7657,economics,10,180,7474,b189ec765aa7ed75c8acfea42df31fdae71f97be,D
mmlu_pro:test:7658,economics,10,158,7475,b189ec765aa7ed75c8acfea42df31fdae71f97be,I
mmlu_pro:test:7659,economics,10,653,7476,b189ec765aa7ed75c8acfea42df31fdae71f97be,H
mmlu_pro:test:7660,economics,4,79,7477,b189ec765aa7ed75c8acfea42df31fdae71f97be,D
mmlu_pro:test:7661,economics,4,289,7478,b189ec765aa7ed75c8acfea42df31fdae71f97be,D
mmlu_pro:test:7662,economics,10,38,7479,b189ec765aa7ed75c8acfea42df31fdae71f97be,F
mmlu_pro:test:7663,economics,4,404,7480,b189ec765aa7ed75c8acfea42df31fdae71f97be,C
mmlu_pro:test:7664,economics,10,74,7481,b189ec765aa7ed75c8acfea42df31fdae71f97be,B
mmlu_pro:test:7665,economics,10,204,7482,b189ec765aa7ed75c8acfea42df31fdae71f97be,E
mmlu_pro:test:7666,economics,4,163,7483,b189ec765aa7ed75c8acfea42df31fdae71f97be,A
mmlu_pro:test:7667,economics,10,392,7484,b189ec765aa7ed75c8acfea42df31fdae71f97be,B
mmlu_pro:test:7668,economics,10,359,7485,b189ec765aa7ed75c8acfea42df31fdae71f97be,C
mmlu_pro:test:7669,economics,10,60,7486,b189ec765aa7ed75c8acfea42df31fdae71f97be,E
mmlu_pro:test:7670,economics,10,266,7487,b189ec765aa7ed75c8acfea42df31fdae71f97be,H
mmlu_pro:test:7671,economics,10,31,7488,b189ec765aa7ed75c8acfea42df31fdae71f97be,J
mmlu_pro:test:7672,economics,10,27,7489,b189ec765aa7ed75c8acfea42df31fdae71f97be,H
mmlu_pro:test:7673,economics,10,109,7490,b189ec765aa7ed75c8acfea42df31fdae71f97be,E
mmlu_pro:test:7674,economics,10,22,7491,b189ec765aa7ed75c8acfea42df31fdae71f97be,A
mmlu_pro:test:7675,economics,10,61,7492,b189ec765aa7ed75c8acfea42df31fdae71f97be,H
mmlu_pro:test:7676,economics,10,218,7493,b189ec765aa7ed75c8acfea42df31fdae71f97be,B
mmlu_pro:test:7677,economics,10,74,7494,b189ec765aa7ed75c8acfea42df31fdae71f97be,E
mmlu_pro:test:7678,economics,10,76,7495,b189ec765aa7ed75c8acfea42df31fdae71f97be,B
mmlu_pro:test:7679,economics,10,69,7496,b189ec765aa7ed75c8acfea42df31fdae71f97be,B
mmlu_pro:test:7680,economics,4,127,7497,b189ec765aa7ed75c8acfea42df31fdae71f97be,D
mmlu_pro:test:7681,economics,10,59,7498,b189ec765aa7ed75c8acfea42df31fdae71f97be,F
mmlu_pro:test:7682,economics,4,68,7499,b189ec765aa7ed75c8acfea42df31fdae71f97be,B
mmlu_pro:test:7683,economics,8,91,7500,b189ec765aa7ed75c8acfea42df31fdae71f97be,A
mmlu_pro:test:7684,economics,10,132,7501,b189ec765aa7ed75c8acfea42df31fdae71f97be,I
mmlu_pro:test:7685,economics,4,92,7502,b189ec765aa7ed75c8acfea42df31fdae71f97be,B
mmlu_pro:test:7686,economics,10,164,7503,b189ec765aa7ed75c8acfea42df31fdae71f97be,J
mmlu_pro:test:7687,math,9,115,7504,b189ec765aa7ed75c8acfea42df31fdae71f97be,H
mmlu_pro:test:7688,math,10,112,7505,b189ec765aa7ed75c8acfea42df31fdae71f97be,H
mmlu_pro:test:7689,math,10,170,7506,b189ec765aa7ed75c8acfea42df31fdae71f97be,C
mmlu_pro:test:7690,math,10,87,7507,b189ec765aa7ed75c8acfea42df31fdae71f97be,H
mmlu_pro:test:7691,math,10,62,7508,b189ec765aa7ed75c8acfea42df31fdae71f97be,B
mmlu_pro:test:7692,math,10,129,7509,b189ec765aa7ed75c8acfea42df31fdae71f97be,D
mmlu_pro:test:7693,math,10,41,7510,b189ec765aa7ed75c8acfea42df31fdae71f97be,J
mmlu_pro:test:7694,math,10,218,7511,b189ec765aa7ed75c8acfea42df31fdae71f97be,J
mmlu_pro:test:7695,math,10,149,7512,b189ec765aa7ed75c8acfea42df31fdae71f97be,I
mmlu_pro:test:7696,math,10,170,7513,b189ec765aa7ed75c8acfea42df31fdae71f97be,G
mmlu_pro:test:7697,math,8,53,7514,b189ec765aa7ed75c8acfea42df31fdae71f97be,A
mmlu_pro:test:7698,math,10,408,7515,b189ec765aa7ed75c8acfea42df31fdae71f97be,H
mmlu_pro:test:7699,math,10,687,7516,b189ec765aa7ed75c8acfea42df31fdae71f97be,E
mmlu_pro:test:7700,math,10,196,7517,b189ec765aa7ed75c8acfea42df31fdae71f97be,A
mmlu_pro:test:7701,math,10,414,7518,b189ec765aa7ed75c8acfea42df31fdae71f97be,F
mmlu_pro:test:7702,math,8,265,7519,b189ec765aa7ed75c8acfea42df31fdae71f97be,A
mmlu_pro:test:7703,math,10,224,7520,b189ec765aa7ed75c8acfea42df31fdae71f97be,B
mmlu_pro:test:7704,math,10,305,7521,b189ec765aa7ed75c8acfea42df31fdae71f97be,F
mmlu_pro:test:7705,math,10,182,7522,b189ec765aa7ed75c8acfea42df31fdae71f97be,D
mmlu_pro:test:7706,math,10,318,7523,b189ec765aa7ed75c8acfea42df31fdae71f97be,J
mmlu_pro:test:7707,math,10,61,7524,b189ec765aa7ed75c8acfea42df31fdae71f97be,D
mmlu_pro:test:7708,math,10,136,7525,b189ec765aa7ed75c8acfea42df31fdae71f97be,B
mmlu_pro:test:7709,math,10,168,7526,b189ec765aa7ed75c8acfea42df31fdae71f97be,F
mmlu_pro:test:7710,math,10,38,7527,b189ec765aa7ed75c8acfea42df31fdae71f97be,F
mmlu_pro:test:7711,math,7,48,7528,b189ec765aa7ed75c8acfea42df31fdae71f97be,B
mmlu_pro:test:7712,math,10,147,7529,b189ec765aa7ed75c8acfea42df31fdae71f97be,A
mmlu_pro:test:7713,math,9,66,7530,b189ec765aa7ed75c8acfea42df31fdae71f97be,B
mmlu_pro:test:7714,math,10,153,7531,b189ec765aa7ed75c8acfea42df31fdae71f97be,B
mmlu_pro:test:7715,math,10,53,7532,b189ec765aa7ed75c8acfea42df31fdae71f97be,E
mmlu_pro:test:7716,math,10,179,7533,b189ec765aa7ed75c8acfea42df31fdae71f97be,F
mmlu_pro:test:7717,math,10,97,7534,b189ec765aa7ed75c8acfea42df31fdae71f97be,G
mmlu_pro:test:7718,math,10,131,7535,b189ec765aa7ed75c8acfea42df31fdae71f97be,D
mmlu_pro:test:7719,math,9,31,7536,b189ec765aa7ed75c8acfea42df31fdae71f97be,G
mmlu_pro:test:7720,math,9,115,7537,b189ec765aa7ed75c8acfea42df31fdae71f97be,E
mmlu_pro:test:7721,math,10,185,7538,b189ec765aa7ed75c8acfea42df31fdae71f97be,F
mmlu_pro:test:7722,math,8,56,7539,b189ec765aa7ed75c8acfea42df31fdae71f97be,F
mmlu_pro:test:7723,math,10,25,7540,b189ec765aa7ed75c8acfea42df31fdae71f97be,E
mmlu_pro:test:7724,math,10,141,7541,b189ec765aa7ed75c8acfea42df31fdae71f97be,E
mmlu_pro:test:7725,math,10,211,7542,b189ec765aa7ed75c8acfea42df31fdae71f97be,J
mmlu_pro:test:7726,math,10,96,7543,b189ec765aa7ed75c8acfea42df31fdae71f97be,J
mmlu_pro:test:7727,math,10,24,7544,b189ec765aa7ed75c8acfea42df31fdae71f97be,F
mmlu_pro:test:7728,math,10,235,7545,b189ec765aa7ed75c8acfea42df31fdae71f97be,H
mmlu_pro:test:7729,math,10,173,7546,b189ec765aa7ed75c8acfea42df31fdae71f97be,A
mmlu_pro:test:7730,math,10,60,7547,b189ec765aa7ed75c8acfea42df31fdae71f97be,A
mmlu_pro:test:7731,math,10,225,7548,b189ec765aa7ed75c8acfea42df31fdae71f97be,E
mmlu_pro:test:7732,math,10,77,7549,b189ec765aa7ed75c8acfea42df31fdae71f97be,G
mmlu_pro:test:7733,math,10,126,7550,b189ec765aa7ed75c8acfea42df31fdae71f97be,F
mmlu_pro:test:7734,math,10,211,7551,b189ec765aa7ed75c8acfea42df31fdae71f97be,B
mmlu_pro:test:7735,math,10,71,7552,b189ec765aa7ed75c8acfea42df31fdae71f97be,F
mmlu_pro:test:7736,math,10,100,7553,b189ec765aa7ed75c8acfea42df31fdae71f97be,A
mmlu_pro:test:7737,math,10,75,7554,b189ec765aa7ed75c8acfea42df31fdae71f97be,F
mmlu_pro:test:7738,math,10,253,7555,b189ec765aa7ed75c8acfea42df31fdae71f97be,C
mmlu_pro:test:7739,math,10,24,7556,b189ec765aa7ed75c8acfea42df31fdae71f97be,C
mmlu_pro:test:7740,math,10,354,7557,b189ec765aa7ed75c8acfea42df31fdae71f97be,D
mmlu_pro:test:7741,math,10,243,7558,b189ec765aa7ed75c8acfea42df31fdae71f97be,E
mmlu_pro:test:7742,math,10,149,7559,b189ec765aa7ed75c8acfea42df31fdae71f97be,G
mmlu_pro:test:7743,math,10,171,7560,b189ec765aa7ed75c8acfea42df31fdae71f97be,B
mmlu_pro:test:7744,math,10,176,7561,b189ec765aa7ed75c8acfea42df31fdae71f97be,D
mmlu_pro:test:7745,math,10,434,7562,b189ec765aa7ed75c8acfea42df31fdae71f97be,H
mmlu_pro:test:7746,math,10,143,7563,b189ec765aa7ed75c8acfea42df31fdae71f97be,H
mmlu_pro:test:7747,math,10,247,7564,b189ec765aa7ed75c8acfea42df31fdae71f97be,C
mmlu_pro:test:7748,math,10,119,7565,b189ec765aa7ed75c8acfea42df31fdae71f97be,C
mmlu_pro:test:7749,math,10,405,7566,b189ec765aa7ed75c8acfea42df31fdae71f97be,F
mmlu_pro:test:7750,math,10,109,7567,b189ec765aa7ed75c8acfea42df31fdae71f97be,F
mmlu_pro:test:7751,math,10,110,7568,b189ec765aa7ed75c8acfea42df31fdae71f97be,I
mmlu_pro:test:7752,math,10,647,7569,b189ec765aa7ed75c8acfea42df31fdae71f97be,D
mmlu_pro:test:7753,math,10,73,7570,b189ec765aa7ed75c8acfea42df31fdae71f97be,B
mmlu_pro:test:7754,math,10,98,7571,b189ec765aa7ed75c8acfea42df31fdae71f97be,B
mmlu_pro:test:7755,math,10,46,7572,b189ec765aa7ed75c8acfea42df31fdae71f97be,F
mmlu_pro:test:7756,math,10,79,7573,b189ec765aa7ed75c8acfea42df31fdae71f97be,H
mmlu_pro:test:7757,math,10,220,7574,b189ec765aa7ed75c8acfea42df31fdae71f97be,G
mmlu_pro:test:7758,math,10,124,7575,b189ec765aa7ed75c8acfea42df31fdae71f97be,A
mmlu_pro:test:7759,math,10,83,7576,b189ec765aa7ed75c8acfea42df31fdae71f97be,C
mmlu_pro:test:7760,math,10,71,7577,b189ec765aa7ed75c8acfea42df31fdae71f97be,F
mmlu_pro:test:7761,math,10,120,7578,b189ec765aa7ed75c8acfea42df31fdae71f97be,H
mmlu_pro:test:7762,math,10,86,7579,b189ec765aa7ed75c8acfea42df31fdae71f97be,D
mmlu_pro:test:7763,math,10,129,7580,b189ec765aa7ed75c8acfea42df31fdae71f97be,C
mmlu_pro:test:7764,math,10,115,7581,b189ec765aa7ed75c8acfea42df31fdae71f97be,G
mmlu_pro:test:7765,math,4,159,7582,b189ec765aa7ed75c8acfea42df31fdae71f97be,D
mmlu_pro:test:7766,math,10,77,7583,b189ec765aa7ed75c8acfea42df31fdae71f97be,D
mmlu_pro:test:7767,math,10,78,7584,b189ec765aa7ed75c8acfea42df31fdae71f97be,F
mmlu_pro:test:7768,math,10,163,7585,b189ec765aa7ed75c8acfea42df31fdae71f97be,E
mmlu_pro:test:7769,math,10,59,7586,b189ec765aa7ed75c8acfea42df31fdae71f97be,D
mmlu_pro:test:7770,math,10,96,7587,b189ec765aa7ed75c8acfea42df31fdae71f97be,J
mmlu_pro:test:7771,math,10,209,7588,b189ec765aa7ed75c8acfea42df31fdae71f97be,I
mmlu_pro:test:7772,math,10,140,7589,b189ec765aa7ed75c8acfea42df31fdae71f97be,J
mmlu_pro:test:7773,math,10,329,7590,b189ec765aa7ed75c8acfea42df31fdae71f97be,E
mmlu_pro:test:7774,math,10,173,7591,b189ec765aa7ed75c8acfea42df31fdae71f97be,E
mmlu_pro:test:7775,math,10,190,7592,b189ec765aa7ed75c8acfea42df31fdae71f97be,G
mmlu_pro:test:7776,math,10,430,7593,b189ec765aa7ed75c8acfea42df31fdae71f97be,B
mmlu_pro:test:7777,math,10,520,7594,b189ec765aa7ed75c8acfea42df31fdae71f97be,B
mmlu_pro:test:7778,math,10,186,7595,b189ec765aa7ed75c8acfea42df31fdae71f97be,I
mmlu_pro:test:7779,math,10,432,7596,b189ec765aa7ed75c8acfea42df31fdae71f97be,G
mmlu_pro:test:7780,math,10,70,7597,b189ec765aa7ed75c8acfea42df31fdae71f97be,G
mmlu_pro:test:7781,math,10,88,7598,b189ec765aa7ed75c8acfea42df31fdae71f97be,F
mmlu_pro:test:7782,math,10,415,7599,b189ec765aa7ed75c8acfea42df31fdae71f97be,D
mmlu_pro:test:7783,math,10,126,7600,b189ec765aa7ed75c8acfea42df31fdae71f97be,F
mmlu_pro:test:7784,math,10,460,7601,b189ec765aa7ed75c8acfea42df31fdae71f97be,D
mmlu_pro:test:7785,math,10,266,7602,b189ec765aa7ed75c8acfea42df31fdae71f97be,G
mmlu_pro:test:7786,math,7,83,7603,b189ec765aa7ed75c8acfea42df31fdae71f97be,E
mmlu_pro:test:7787,math,10,123,7604,b189ec765aa7ed75c8acfea42df31fdae71f97be,C
mmlu_pro:test:7788,math,10,110,7605,b189ec765aa7ed75c8acfea42df31fdae71f97be,G
mmlu_pro:test:7789,math,9,143,7606,b189ec765aa7ed75c8acfea42df31fdae71f97be,I
mmlu_pro:test:7790,math,10,168,7607,b189ec765aa7ed75c8acfea42df31fdae71f97be,G
mmlu_pro:test:7791,math,10,128,7608,b189ec765aa7ed75c8acfea42df31fdae71f97be,C
mmlu_pro:test:7792,math,10,190,7609,b189ec765aa7ed75c8acfea42df31fdae71f97be,H
mmlu_pro:test:7793,math,4,209,7610,b189ec765aa7ed75c8acfea42df31fdae71f97be,C
mmlu_pro:test:7794,math,10,67,7611,b189ec765aa7ed75c8acfea42df31fdae71f97be,I
mmlu_pro:test:7795,math,8,93,7612,b189ec765aa7ed75c8acfea42df31fdae71f97be,F
mmlu_pro:test:7796,math,10,106,7613,b189ec765aa7ed75c8acfea42df31fdae71f97be,H
mmlu_pro:test:7798,math,7,631,7615,b189ec765aa7ed75c8acfea42df31fdae71f97be,C
mmlu_pro:test:7799,math,10,497,7616,b189ec765aa7ed75c8acfea42df31fdae71f97be,I
mmlu_pro:test:7800,math,10,222,7617,b189ec765aa7ed75c8acfea42df31fdae71f97be,C
mmlu_pro:test:7801,math,10,388,7618,b189ec765aa7ed75c8acfea42df31fdae71f97be,I
mmlu_pro:test:7802,math,10,287,7619,b189ec765aa7ed75c8acfea42df31fdae71f97be,A
mmlu_pro:test:7803,math,7,380,7620,b189ec765aa7ed75c8acfea42df31fdae71f97be,F
mmlu_pro:test:7804,math,10,325,7621,b189ec765aa7ed75c8acfea42df31fdae71f97be,I
mmlu_pro:test:7805,math,10,272,7622,b189ec765aa7ed75c8acfea42df31fdae71f97be,F
mmlu_pro:test:7806,math,10,345,7623,b189ec765aa7ed75c8acfea42df31fdae71f97be,J
mmlu_pro:test:7807,math,10,32,7624,b189ec765aa7ed75c8acfea42df31fdae71f97be,H
mmlu_pro:test:7808,math,10,24,7625,b189ec765aa7ed75c8acfea42df31fdae71f97be,C
mmlu_pro:test:7809,math,10,43,7626,b189ec765aa7ed75c8acfea42df31fdae71f97be,J
mmlu_pro:test:7810,math,10,46,7627,b189ec765aa7ed75c8acfea42df31fdae71f97be,B
mmlu_pro:test:7811,math,10,47,7628,b189ec765aa7ed75c8acfea42df31fdae71f97be,C
mmlu_pro:test:7812,math,10,45,7629,b189ec765aa7ed75c8acfea42df31fdae71f97be,F
mmlu_pro:test:7813,math,10,40,7630,b189ec765aa7ed75c8acfea42df31fdae71f97be,G
mmlu_pro:test:7814,math,10,31,7631,b189ec765aa7ed75c8acfea42df31fdae71f97be,J
mmlu_pro:test:7815,math,10,264,7632,b189ec765aa7ed75c8acfea42df31fdae71f97be,J
mmlu_pro:test:7816,math,8,248,7633,b189ec765aa7ed75c8acfea42df31fdae71f97be,A
mmlu_pro:test:7817,math,10,130,7634,b189ec765aa7ed75c8acfea42df31fdae71f97be,H
mmlu_pro:test:7819,math,10,17,7636,b189ec765aa7ed75c8acfea42df31fdae71f97be,J
mmlu_pro:test:7820,math,10,22,7637,b189ec765aa7ed75c8acfea42df31fdae71f97be,D
mmlu_pro:test:7821,math,10,207,7638,b189ec765aa7ed75c8acfea42df31fdae71f97be,C
mmlu_pro:test:7822,math,10,58,7639,b189ec765aa7ed75c8acfea42df31fdae71f97be,B
mmlu_pro:test:7823,math,10,218,7640,b189ec765aa7ed75c8acfea42df31fdae71f97be,D
mmlu_pro:test:7824,math,10,128,7641,b189ec765aa7ed75c8acfea42df31fdae71f97be,H
mmlu_pro:test:7825,math,10,70,7642,b189ec765aa7ed75c8acfea42df31fdae71f97be,B
mmlu_pro:test:7826,math,10,227,7643,b189ec765aa7ed75c8acfea42df31fdae71f97be,G
mmlu_pro:test:7827,math,10,88,7644,b189ec765aa7ed75c8acfea42df31fdae71f97be,C
mmlu_pro:test:7828,math,10,23,7645,b189ec765aa7ed75c8acfea42df31fdae71f97be,I
mmlu_pro:test:7829,math,10,225,7646,b189ec765aa7ed75c8acfea42df31fdae71f97be,A
mmlu_pro:test:7830,math,10,31,7647,b189ec765aa7ed75c8acfea42df31fdae71f97be,I
mmlu_pro:test:7831,math,10,341,7648,b189ec765aa7ed75c8acfea42df31fdae71f97be,D
mmlu_pro:test:7832,math,10,330,7649,b189ec765aa7ed75c8acfea42df31fdae71f97be,C
mmlu_pro:test:7833,math,10,87,7650,b189ec765aa7ed75c8acfea42df31fdae71f97be,H
mmlu_pro:test:7834,math,10,118,7651,b189ec765aa7ed75c8acfea42df31fdae71f97be,A
mmlu_pro:test:7835,math,10,140,7652,b189ec765aa7ed75c8acfea42df31fdae71f97be,E
mmlu_pro:test:7836,math,10,56,7653,b189ec765aa7ed75c8acfea42df31fdae71f97be,H
mmlu_pro:test:7837,math,10,61,7654,b189ec765aa7ed75c8acfea42df31fdae71f97be,I
mmlu_pro:test:7838,math,10,310,7655,b189ec765aa7ed75c8acfea42df31fdae71f97be,H
mmlu_pro:test:7839,math,10,152,7656,b189ec765aa7ed75c8acfea42df31fdae71f97be,G
mmlu_pro:test:7840,math,10,100,7657,b189ec765aa7ed75c8acfea42df31fdae71f97be,A
mmlu_pro:test:7841,math,10,101,7658,b189ec765aa7ed75c8acfea42df31fdae71f97be,A
mmlu_pro:test:7842,math,10,198,7659,b189ec765aa7ed75c8acfea42df31fdae71f97be,G
mmlu_pro:test:7843,math,10,91,7660,b189ec765aa7ed75c8acfea42df31fdae71f97be,A
mmlu_pro:test:7844,math,10,214,7661,b189ec765aa7ed75c8acfea42df31fdae71f97be,D
mmlu_pro:test:7845,math,10,145,7662,b189ec765aa7ed75c8acfea42df31fdae71f97be,J
mmlu_pro:test:7846,math,10,127,7663,b189ec765aa7ed75c8acfea42df31fdae71f97be,B
mmlu_pro:test:7847,math,10,143,7664,b189ec765aa7ed75c8acfea42df31fdae71f97be,C
mmlu_pro:test:7848,math,10,69,7665,b189ec765aa7ed75c8acfea42df31fdae71f97be,D
mmlu_pro:test:7849,math,10,103,7666,b189ec765aa7ed75c8acfea42df31fdae71f97be,J
mmlu_pro:test:7850,math,10,81,7667,b189ec765aa7ed75c8acfea42df31fdae71f97be,A
mmlu_pro:test:7851,math,7,94,7668,b189ec765aa7ed75c8acfea42df31fdae71f97be,D
mmlu_pro:test:7852,math,10,172,7669,b189ec765aa7ed75c8acfea42df31fdae71f97be,J
mmlu_pro:test:7853,math,10,121,7670,b189ec765aa7ed75c8acfea42df31fdae71f97be,G
mmlu_pro:test:7854,math,10,100,7671,b189ec765aa7ed75c8acfea42df31fdae71f97be,E
mmlu_pro:test:7855,math,10,193,7672,b189ec765aa7ed75c8acfea42df31fdae71f97be,A
mmlu_pro:test:7856,math,10,115,7673,b189ec765aa7ed75c8acfea42df31fdae71f97be,J
mmlu_pro:test:7857,math,10,163,7674,b189ec765aa7ed75c8acfea42df31fdae71f97be,H
mmlu_pro:test:7858,math,10,173,7675,b189ec765aa7ed75c8acfea42df31fdae71f97be,F
mmlu_pro:test:7859,math,10,138,7676,b189ec765aa7ed75c8acfea42df31fdae71f97be,H
mmlu_pro:test:7860,math,10,41,7677,b189ec765aa7ed75c8acfea42df31fdae71f97be,E
mmlu_pro:test:7861,math,10,121,7678,b189ec765aa7ed75c8acfea42df31fdae71f97be,J
mmlu_pro:test:7862,math,10,135,7679,b189ec765aa7ed75c8acfea42df31fdae71f97be,F
mmlu_pro:test:7863,math,10,91,7680,b189ec765aa7ed75c8acfea42df31fdae71f97be,E
mmlu_pro:test:7864,math,10,220,7681,b189ec765aa7ed75c8acfea42df31fdae71f97be,I
mmlu_pro:test:7865,math,10,115,7682,b189ec765aa7ed75c8acfea42df31fdae71f97be,I
mmlu_pro:test:7866,math,10,181,7683,b189ec765aa7ed75c8acfea42df31fdae71f97be,H
mmlu_pro:test:7867,math,10,109,7684,b189ec765aa7ed75c8acfea42df31fdae71f97be,J
mmlu_pro:test:7868,math,10,133,7685,b189ec765aa7ed75c8acfea42df31fdae71f97be,H
mmlu_pro:test:7869,math,10,115,7686,b189ec765aa7ed75c8acfea42df31fdae71f97be,G
mmlu_pro:test:7870,math,10,164,7687,b189ec765aa7ed75c8acfea42df31fdae71f97be,B
mmlu_pro:test:7871,math,10,168,7688,b189ec765aa7ed75c8acfea42df31fdae71f97be,H
mmlu_pro:test:7872,math,10,141,7689,b189ec765aa7ed75c8acfea42df31fdae71f97be,B
mmlu_pro:test:7873,math,10,157,7690,b189ec765aa7ed75c8acfea42df31fdae71f97be,A
mmlu_pro:test:7874,math,10,225,7691,b189ec765aa7ed75c8acfea42df31fdae71f97be,D
mmlu_pro:test:7875,math,10,180,7692,b189ec765aa7ed75c8acfea42df31fdae71f97be,I
mmlu_pro:test:7876,math,10,269,7693,b189ec765aa7ed75c8acfea42df31fdae71f97be,F
mmlu_pro:test:7877,math,10,239,7694,b189ec765aa7ed75c8acfea42df31fdae71f97be,F
mmlu_pro:test:7878,math,10,267,7695,b189ec765aa7ed75c8acfea42df31fdae71f97be,C
mmlu_pro:test:7879,math,10,301,7696,b189ec765aa7ed75c8acfea42df31fdae71f97be,B
mmlu_pro:test:7880,math,10,282,7697,b189ec765aa7ed75c8acfea42df31fdae71f97be,J
mmlu_pro:test:7881,math,10,162,7698,b189ec765aa7ed75c8acfea42df31fdae71f97be,F
mmlu_pro:test:7882,math,10,425,7699,b189ec765aa7ed75c8acfea42df31fdae71f97be,B
mmlu_pro:test:7883,math,10,143,7700,b189ec765aa7ed75c8acfea42df31fdae71f97be,B
mmlu_pro:test:7884,math,10,386,7701,b189ec765aa7ed75c8acfea42df31fdae71f97be,A
mmlu_pro:test:7885,math,10,216,7702,b189ec765aa7ed75c8acfea42df31fdae71f97be,F
mmlu_pro:test:7886,math,10,375,7703,b189ec765aa7ed75c8acfea42df31fdae71f97be,A
mmlu_pro:test:7887,math,10,228,7704,b189ec765aa7ed75c8acfea42df31fdae71f97be,F
mmlu_pro:test:7888,math,10,480,7705,b189ec765aa7ed75c8acfea42df31fdae71f97be,B
mmlu_pro:test:7890,math,10,89,7707,b189ec765aa7ed75c8acfea42df31fdae71f97be,J
mmlu_pro:test:7891,math,8,223,7708,b189ec765aa7ed75c8acfea42df31fdae71f97be,B
mmlu_pro:test:7892,math,10,138,7709,b189ec765aa7ed75c8acfea42df31fdae71f97be,D
mmlu_pro:test:7893,math,10,70,7710,b189ec765aa7ed75c8acfea42df31fdae71f97be,F
mmlu_pro:test:7894,math,10,87,7711,b189ec765aa7ed75c8acfea42df31fdae71f97be,F
mmlu_pro:test:7895,math,10,45,7712,b189ec765aa7ed75c8acfea42df31fdae71f97be,A
mmlu_pro:test:7896,math,6,63,7713,b189ec765aa7ed75c8acfea42df31fdae71f97be,B
mmlu_pro:test:7897,math,10,191,7714,b189ec765aa7ed75c8acfea42df31fdae71f97be,H
mmlu_pro:test:7898,math,10,264,7715,b189ec765aa7ed75c8acfea42df31fdae71f97be,I
mmlu_pro:test:7899,math,10,176,7716,b189ec765aa7ed75c8acfea42df31fdae71f97be,F
mmlu_pro:test:7900,math,10,309,7717,b189ec765aa7ed75c8acfea42df31fdae71f97be,I
mmlu_pro:test:7901,math,10,376,7718,b189ec765aa7ed75c8acfea42df31fdae71f97be,C
mmlu_pro:test:7902,math,10,315,7719,b189ec765aa7ed75c8acfea42df31fdae71f97be,I
mmlu_pro:test:7903,math,10,423,7720,b189ec765aa7ed75c8acfea42df31fdae71f97be,G
mmlu_pro:test:7904,math,10,282,7721,b189ec765aa7ed75c8acfea42df31fdae71f97be,I
mmlu_pro:test:7905,math,10,187,7722,b189ec765aa7ed75c8acfea42df31fdae71f97be,E
mmlu_pro:test:7906,math,10,489,7723,b189ec765aa7ed75c8acfea42df31fdae71f97be,J
mmlu_pro:test:7907,math,10,299,7724,b189ec765aa7ed75c8acfea42df31fdae71f97be,D
mmlu_pro:test:7908,math,10,459,7725,b189ec765aa7ed75c8acfea42df31fdae71f97be,E
mmlu_pro:test:7909,math,10,424,7726,b189ec765aa7ed75c8acfea42df31fdae71f97be,A
mmlu_pro:test:7910,math,9,99,7727,b189ec765aa7ed75c8acfea42df31fdae71f97be,I
mmlu_pro:test:7911,math,10,198,7728,b189ec765aa7ed75c8acfea42df31fdae71f97be,J
mmlu_pro:test:7912,math,10,317,7729,b189ec765aa7ed75c8acfea42df31fdae71f97be,I
mmlu_pro:test:7913,math,10,475,7730,b189ec765aa7ed75c8acfea42df31fdae71f97be,C
mmlu_pro:test:7914,math,10,164,7731,b189ec765aa7ed75c8acfea42df31fdae71f97be,G
mmlu_pro:test:7915,math,10,176,7732,b189ec765aa7ed75c8acfea42df31fdae71f97be,B
mmlu_pro:test:7916,math,10,69,7733,b189ec765aa7ed75c8acfea42df31fdae71f97be,H
mmlu_pro:test:7917,math,10,75,7734,b189ec765aa7ed75c8acfea42df31fdae71f97be,C
mmlu_pro:test:7918,math,10,19,7735,b189ec765aa7ed75c8acfea42df31fdae71f97be,H
mmlu_pro:test:7919,math,10,239,7736,b189ec765aa7ed75c8acfea42df31fdae71f97be,H
mmlu_pro:test:7920,math,10,66,7737,b189ec765aa7ed75c8acfea42df31fdae71f97be,E
mmlu_pro:test:7921,math,10,38,7738,b189ec765aa7ed75c8acfea42df31fdae71f97be,C
mmlu_pro:test:7922,math,10,116,7739,b189ec765aa7ed75c8acfea42df31fdae71f97be,D
mmlu_pro:test:7923,math,10,122,7740,b189ec765aa7ed75c8acfea42df31fdae71f97be,H
mmlu_pro:test:7924,math,10,143,7741,b189ec765aa7ed75c8acfea42df31fdae71f97be,E
mmlu_pro:test:7925,math,10,91,7742,b189ec765aa7ed75c8acfea42df31fdae71f97be,I
mmlu_pro:test:7926,math,10,200,7743,b189ec765aa7ed75c8acfea42df31fdae71f97be,D
mmlu_pro:test:7927,math,8,58,7744,b189ec765aa7ed75c8acfea42df31fdae71f97be,G
mmlu_pro:test:7928,math,9,167,7745,b189ec765aa7ed75c8acfea42df31fdae71f97be,I
mmlu_pro:test:7929,math,10,50,7746,b189ec765aa7ed75c8acfea42df31fdae71f97be,I
mmlu_pro:test:7930,math,9,61,7747,b189ec765aa7ed75c8acfea42df31fdae71f97be,B
mmlu_pro:test:7931,math,4,33,7748,b189ec765aa7ed75c8acfea42df31fdae71f97be,D
mmlu_pro:test:7932,math,5,46,7749,b189ec765aa7ed75c8acfea42df31fdae71f97be,A
mmlu_pro:test:7933,math,10,312,7750,b189ec765aa7ed75c8acfea42df31fdae71f97be,B
mmlu_pro:test:7934,math,10,22,7751,b189ec765aa7ed75c8acfea42df31fdae71f97be,G
mmlu_pro:test:7935,math,10,174,7752,b189ec765aa7ed75c8acfea42df31fdae71f97be,E
mmlu_pro:test:7936,math,10,263,7753,b189ec765aa7ed75c8acfea42df31fdae71f97be,B
mmlu_pro:test:7937,math,10,396,7754,b189ec765aa7ed75c8acfea42df31fdae71f97be,D
mmlu_pro:test:7938,math,10,274,7755,b189ec765aa7ed75c8acfea42df31fdae71f97be,J
mmlu_pro:test:7940,math,8,109,7757,b189ec765aa7ed75c8acfea42df31fdae71f97be,B
mmlu_pro:test:7941,math,10,447,7758,b189ec765aa7ed75c8acfea42df31fdae71f97be,J
mmlu_pro:test:7942,math,10,589,7759,b189ec765aa7ed75c8acfea42df31fdae71f97be,I
mmlu_pro:test:7943,math,10,281,7760,b189ec765aa7ed75c8acfea42df31fdae71f97be,A
mmlu_pro:test:7944,math,10,152,7761,b189ec765aa7ed75c8acfea42df31fdae71f97be,F
mmlu_pro:test:7945,math,10,54,7762,b189ec765aa7ed75c8acfea42df31fdae71f97be,G
mmlu_pro:test:7946,math,10,62,7763,b189ec765aa7ed75c8acfea42df31fdae71f97be,C
mmlu_pro:test:7947,math,6,100,7764,b189ec765aa7ed75c8acfea42df31fdae71f97be,A
mmlu_pro:test:7948,math,10,111,7765,b189ec765aa7ed75c8acfea42df31fdae71f97be,F
mmlu_pro:test:7949,math,10,215,7766,b189ec765aa7ed75c8acfea42df31fdae71f97be,F
mmlu_pro:test:7950,math,10,146,7767,b189ec765aa7ed75c8acfea42df31fdae71f97be,C
mmlu_pro:test:7951,math,10,121,7768,b189ec765aa7ed75c8acfea42df31fdae71f97be,J
mmlu_pro:test:7952,math,10,131,7769,b189ec765aa7ed75c8acfea42df31fdae71f97be,B
mmlu_pro:test:7953,math,10,20,7770,b189ec765aa7ed75c8acfea42df31fdae71f97be,A
mmlu_pro:test:7954,math,10,142,7771,b189ec765aa7ed75c8acfea42df31fdae71f97be,A
mmlu_pro:test:7955,math,10,155,7772,b189ec765aa7ed75c8acfea42df31fdae71f97be,I
mmlu_pro:test:7956,math,10,25,7773,b189ec765aa7ed75c8acfea42df31fdae71f97be,C
mmlu_pro:test:7957,math,10,120,7774,b189ec765aa7ed75c8acfea42df31fdae71f97be,J
mmlu_pro:test:7958,math,10,115,7775,b189ec765aa7ed75c8acfea42df31fdae71f97be,J
mmlu_pro:test:7959,math,10,250,7776,b189ec765aa7ed75c8acfea42df31fdae71f97be,F
mmlu_pro:test:7960,math,10,53,7777,b189ec765aa7ed75c8acfea42df31fdae71f97be,C
mmlu_pro:test:7961,math,10,114,7778,b189ec765aa7ed75c8acfea42df31fdae71f97be,J
mmlu_pro:test:7962,math,10,178,7779,b189ec765aa7ed75c8acfea42df31fdae71f97be,G
mmlu_pro:test:7963,math,10,120,7780,b189ec765aa7ed75c8acfea42df31fdae71f97be,H
mmlu_pro:test:7964,math,10,160,7781,b189ec765aa7ed75c8acfea42df31fdae71f97be,B
mmlu_pro:test:7965,math,10,112,7782,b189ec765aa7ed75c8acfea42df31fdae71f97be,I
mmlu_pro:test:7966,math,10,351,7783,b189ec765aa7ed75c8acfea42df31fdae71f97be,E
mmlu_pro:test:7967,math,10,131,7784,b189ec765aa7ed75c8acfea42df31fdae71f97be,G
mmlu_pro:test:7968,math,10,127,7785,b189ec765aa7ed75c8acfea42df31fdae71f97be,C
mmlu_pro:test:7969,math,10,130,7786,b189ec765aa7ed75c8acfea42df31fdae71f97be,B
mmlu_pro:test:7970,math,10,77,7787,b189ec765aa7ed75c8acfea42df31fdae71f97be,H
mmlu_pro:test:7971,math,10,49,7788,b189ec765aa7ed75c8acfea42df31fdae71f97be,C
mmlu_pro:test:7972,math,10,178,7789,b189ec765aa7ed75c8acfea42df31fdae71f97be,B
mmlu_pro:test:7973,math,10,244,7790,b189ec765aa7ed75c8acfea42df31fdae71f97be,F
mmlu_pro:test:7974,math,10,534,7791,b189ec765aa7ed75c8acfea42df31fdae71f97be,A
mmlu_pro:test:7976,math,10,171,7793,b189ec765aa7ed75c8acfea42df31fdae71f97be,F
mmlu_pro:test:7977,math,10,158,7794,b189ec765aa7ed75c8acfea42df31fdae71f97be,A
mmlu_pro:test:7978,math,10,314,7795,b189ec765aa7ed75c8acfea42df31fdae71f97be,B
mmlu_pro:test:7980,math,10,364,7797,b189ec765aa7ed75c8acfea42df31fdae71f97be,A
mmlu_pro:test:7981,math,10,87,7798,b189ec765aa7ed75c8acfea42df31fdae71f97be,I
mmlu_pro:test:7982,math,10,288,7799,b189ec765aa7ed75c8acfea42df31fdae71f97be,I
mmlu_pro:test:7983,math,10,107,7800,b189ec765aa7ed75c8acfea42df31fdae71f97be,B
mmlu_pro:test:7984,math,10,208,7801,b189ec765aa7ed75c8acfea42df31fdae71f97be,H
mmlu_pro:test:7985,math,10,98,7802,b189ec765aa7ed75c8acfea42df31fdae71f97be,A
mmlu_pro:test:7986,math,10,242,7803,b189ec765aa7ed75c8acfea42df31fdae71f97be,D
mmlu_pro:test:7987,math,10,347,7804,b189ec765aa7ed75c8acfea42df31fdae71f97be,C
mmlu_pro:test:7989,math,10,190,7806,b189ec765aa7ed75c8acfea42df31fdae71f97be,I
mmlu_pro:test:7990,math,10,489,7807,b189ec765aa7ed75c8acfea42df31fdae71f97be,A
mmlu_pro:test:7992,math,10,276,7809,b189ec765aa7ed75c8acfea42df31fdae71f97be,E
mmlu_pro:test:7993,math,10,393,7810,b189ec765aa7ed75c8acfea42df31fdae71f97be,C
mmlu_pro:test:7994,math,10,129,7811,b189ec765aa7ed75c8acfea42df31fdae71f97be,I
mmlu_pro:test:7995,math,10,114,7812,b189ec765aa7ed75c8acfea42df31fdae71f97be,F
mmlu_pro:test:7996,math,10,271,7813,b189ec765aa7ed75c8acfea42df31fdae71f97be,J
mmlu_pro:test:7997,math,10,237,7814,b189ec765aa7ed75c8acfea42df31fdae71f97be,J
mmlu_pro:test:7998,math,10,212,7815,b189ec765aa7ed75c8acfea42df31fdae71f97be,F
mmlu_pro:test:7999,math,10,93,7816,b189ec765aa7ed75c8acfea42df31fdae71f97be,G
mmlu_pro:test:8000,math,10,206,7817,b189ec765aa7ed75c8acfea42df31fdae71f97be,E
mmlu_pro:test:8001,math,10,130,7818,b189ec765aa7ed75c8acfea42df31fdae71f97be,F
mmlu_pro:test:8002,math,10,203,7819,b189ec765aa7ed75c8acfea42df31fdae71f97be,B
mmlu_pro:test:8004,math,10,119,7821,b189ec765aa7ed75c8acfea42df31fdae71f97be,I
mmlu_pro:test:8005,math,10,72,7822,b189ec765aa7ed75c8acfea42df31fdae71f97be,I
mmlu_pro:test:8006,math,10,312,7823,b189ec765aa7ed75c8acfea42df31fdae71f97be,A
mmlu_pro:test:8007,math,8,253,7824,b189ec765aa7ed75c8acfea42df31fdae71f97be,G
mmlu_pro:test:8008,math,5,107,7825,b189ec765aa7ed75c8acfea42df31fdae71f97be,B
mmlu_pro:test:8009,math,10,551,7826,b189ec765aa7ed75c8acfea42df31fdae71f97be,H
mmlu_pro:test:8010,math,10,309,7827,b189ec765aa7ed75c8acfea42df31fdae71f97be,J
mmlu_pro:test:8011,math,10,43,7828,b189ec765aa7ed75c8acfea42df31fdae71f97be,F
mmlu_pro:test:8012,math,10,209,7829,b189ec765aa7ed75c8acfea42df31fdae71f97be,D
mmlu_pro:test:8013,math,10,248,7830,b189ec765aa7ed75c8acfea42df31fdae71f97be,E
mmlu_pro:test:8014,math,10,622,7831,b189ec765aa7ed75c8acfea42df31fdae71f97be,D
mmlu_pro:test:8015,math,10,22,7832,b189ec765aa7ed75c8acfea42df31fdae71f97be,D
mmlu_pro:test:8016,math,10,109,7833,b189ec765aa7ed75c8acfea42df31fdae71f97be,H
mmlu_pro:test:8017,math,10,36,7834,b189ec765aa7ed75c8acfea42df31fdae71f97be,G
mmlu_pro:test:8018,math,10,107,7835,b189ec765aa7ed75c8acfea42df31fdae71f97be,D
mmlu_pro:test:8019,math,10,29,7836,b189ec765aa7ed75c8acfea42df31fdae71f97be,F
mmlu_pro:test:8020,math,6,174,7837,b189ec765aa7ed75c8acfea42df31fdae71f97be,E
mmlu_pro:test:8021,math,10,216,7838,b189ec765aa7ed75c8acfea42df31fdae71f97be,B
mmlu_pro:test:8022,math,9,23,7839,b189ec765aa7ed75c8acfea42df31fdae71f97be,C
mmlu_pro:test:8023,math,9,121,7840,b189ec765aa7ed75c8acfea42df31fdae71f97be,D
mmlu_pro:test:8024,math,10,26,7841,b189ec765aa7ed75c8acfea42df31fdae71f97be,C
mmlu_pro:test:8025,math,10,155,7842,b189ec765aa7ed75c8acfea42df31fdae71f97be,E
mmlu_pro:test:8026,math,4,33,7843,b189ec765aa7ed75c8acfea42df31fdae71f97be,D
mmlu_pro:test:8027,math,9,111,7844,b189ec765aa7ed75c8acfea42df31fdae71f97be,F
mmlu_pro:test:8028,math,9,163,7845,b189ec765aa7ed75c8acfea42df31fdae71f97be,I
mmlu_pro:test:8029,math,9,136,7846,b189ec765aa7ed75c8acfea42df31fdae71f97be,D
mmlu_pro:test:8030,math,10,201,7847,b189ec765aa7ed75c8acfea42df31fdae71f97be,I
mmlu_pro:test:8031,math,10,139,7848,b189ec765aa7ed75c8acfea42df31fdae71f97be,C
mmlu_pro:test:8032,math,10,238,7849,b189ec765aa7ed75c8acfea42df31fdae71f97be,J
mmlu_pro:test:8033,math,10,34,7850,b189ec765aa7ed75c8acfea42df31fdae71f97be,B
mmlu_pro:test:8034,math,4,31,7851,b189ec765aa7ed75c8acfea42df31fdae71f97be,A
mmlu_pro:test:8035,math,10,74,7852,b189ec765aa7ed75c8acfea42df31fdae71f97be,H
mmlu_pro:test:8036,math,10,207,7853,b189ec765aa7ed75c8acfea42df31fdae71f97be,I
mmlu_pro:test:8037,math,10,233,7854,b189ec765aa7ed75c8acfea42df31fdae71f97be,G
mmlu_pro:test:8038,math,10,64,7855,b189ec765aa7ed75c8acfea42df31fdae71f97be,D
mmlu_pro:test:8040,math,10,128,7856,b189ec765aa7ed75c8acfea42df31fdae71f97be,E
mmlu_pro:test:8041,math,10,87,7857,b189ec765aa7ed75c8acfea42df31fdae71f97be,A
mmlu_pro:test:8042,math,10,143,7858,b189ec765aa7ed75c8acfea42df31fdae71f97be,D
mmlu_pro:test:8043,math,10,161,7859,b189ec765aa7ed75c8acfea42df31fdae71f97be,I
mmlu_pro:test:8044,math,10,92,7860,b189ec765aa7ed75c8acfea42df31fdae71f97be,D
mmlu_pro:test:8045,math,10,115,7861,b189ec765aa7ed75c8acfea42df31fdae71f97be,G
mmlu_pro:test:8046,math,10,143,7862,b189ec765aa7ed75c8acfea42df31fdae71f97be,J
mmlu_pro:test:8047,math,10,423,7863,b189ec765aa7ed75c8acfea42df31fdae71f97be,A
mmlu_pro:test:8048,math,10,47,7864,b189ec765aa7ed75c8acfea42df31fdae71f97be,H
mmlu_pro:test:8049,math,10,49,7865,b189ec765aa7ed75c8acfea42df31fdae71f97be,D
mmlu_pro:test:8050,math,10,28,7866,b189ec765aa7ed75c8acfea42df31fdae71f97be,B
mmlu_pro:test:8051,math,10,81,7867,b189ec765aa7ed75c8acfea42df31fdae71f97be,B
mmlu_pro:test:8052,math,10,131,7868,b189ec765aa7ed75c8acfea42df31fdae71f97be,D
mmlu_pro:test:8053,math,10,228,7869,b189ec765aa7ed75c8acfea42df31fdae71f97be,G
mmlu_pro:test:8054,math,10,77,7870,b189ec765aa7ed75c8acfea42df31fdae71f97be,H
mmlu_pro:test:8055,math,10,358,7871,b189ec765aa7ed75c8acfea42df31fdae71f97be,J
mmlu_pro:test:8056,math,10,162,7872,b189ec765aa7ed75c8acfea42df31fdae71f97be,B
mmlu_pro:test:8057,math,10,64,7873,b189ec765aa7ed75c8acfea42df31fdae71f97be,B
mmlu_pro:test:8058,math,10,68,7874,b189ec765aa7ed75c8acfea42df31fdae71f97be,I
mmlu_pro:test:8059,math,10,110,7875,b189ec765aa7ed75c8acfea42df31fdae71f97be,D
mmlu_pro:test:8060,math,10,205,7876,b189ec765aa7ed75c8acfea42df31fdae71f97be,D
mmlu_pro:test:8061,math,10,88,7877,b189ec765aa7ed75c8acfea42df31fdae71f97be,C
mmlu_pro:test:8062,math,10,93,7878,b189ec765aa7ed75c8acfea42df31fdae71f97be,E
mmlu_pro:test:8063,math,10,67,7879,b189ec765aa7ed75c8acfea42df31fdae71f97be,B
mmlu_pro:test:8064,math,10,146,7880,b189ec765aa7ed75c8acfea42df31fdae71f97be,B
mmlu_pro:test:8065,math,10,97,7881,b189ec765aa7ed75c8acfea42df31fdae71f97be,B
mmlu_pro:test:8066,math,10,756,7882,b189ec765aa7ed75c8acfea42df31fdae71f97be,A
mmlu_pro:test:8067,math,10,95,7883,b189ec765aa7ed75c8acfea42df31fdae71f97be,E
mmlu_pro:test:8068,math,10,100,7884,b189ec765aa7ed75c8acfea42df31fdae71f97be,I
mmlu_pro:test:8069,math,10,91,7885,b189ec765aa7ed75c8acfea42df31fdae71f97be,D
mmlu_pro:test:8071,math,10,55,7887,b189ec765aa7ed75c8acfea42df31fdae71f97be,G
mmlu_pro:test:8072,math,10,87,7888,b189ec765aa7ed75c8acfea42df31fdae71f97be,E
mmlu_pro:test:8073,math,10,73,7889,b189ec765aa7ed75c8acfea42df31fdae71f97be,G
mmlu_pro:test:8074,math,10,130,7890,b189ec765aa7ed75c8acfea42df31fdae71f97be,F
mmlu_pro:test:8075,math,10,159,7891,b189ec765aa7ed75c8acfea42df31fdae71f97be,J
mmlu_pro:test:8076,math,10,87,7892,b189ec765aa7ed75c8acfea42df31fdae71f97be,E
mmlu_pro:test:8077,math,10,113,7893,b189ec765aa7ed75c8acfea42df31fdae71f97be,B
mmlu_pro:test:8078,math,10,66,7894,b189ec765aa7ed75c8acfea42df31fdae71f97be,G
mmlu_pro:test:8079,math,10,75,7895,b189ec765aa7ed75c8acfea42df31fdae71f97be,A
mmlu_pro:test:8080,math,10,390,7896,b189ec765aa7ed75c8acfea42df31fdae71f97be,F
mmlu_pro:test:8081,math,10,257,7897,b189ec765aa7ed75c8acfea42df31fdae71f97be,C
mmlu_pro:test:8082,math,10,288,7898,b189ec765aa7ed75c8acfea42df31fdae71f97be,C
mmlu_pro:test:8083,math,10,112,7899,b189ec765aa7ed75c8acfea42df31fdae71f97be,B
mmlu_pro:test:8084,math,10,69,7900,b189ec765aa7ed75c8acfea42df31fdae71f97be,E
mmlu_pro:test:8085,math,10,88,7901,b189ec765aa7ed75c8acfea42df31fdae71f97be,A
mmlu_pro:test:8086,math,10,156,7902,b189ec765aa7ed75c8acfea42df31fdae71f97be,E
mmlu_pro:test:8087,math,10,55,7903,b189ec765aa7ed75c8acfea42df31fdae71f97be,A
mmlu_pro:test:8088,math,10,157,7904,b189ec765aa7ed75c8acfea42df31fdae71f97be,C
mmlu_pro:test:8089,math,10,158,7905,b189ec765aa7ed75c8acfea42df31fdae71f97be,C
mmlu_pro:test:8090,math,10,89,7906,b189ec765aa7ed75c8acfea42df31fdae71f97be,D
mmlu_pro:test:8091,math,10,87,7907,b189ec765aa7ed75c8acfea42df31fdae71f97be,E
mmlu_pro:test:8092,math,10,131,7908,b189ec765aa7ed75c8acfea42df31fdae71f97be,C
mmlu_pro:test:8093,math,10,134,7909,b189ec765aa7ed75c8acfea42df31fdae71f97be,B
mmlu_pro:test:8094,math,10,332,7910,b189ec765aa7ed75c8acfea42df31fdae71f97be,F
mmlu_pro:test:8095,math,10,292,7911,b189ec765aa7ed75c8acfea42df31fdae71f97be,H
mmlu_pro:test:8096,math,10,354,7912,b189ec765aa7ed75c8acfea42df31fdae71f97be,D
mmlu_pro:test:8097,math,10,169,7913,b189ec765aa7ed75c8acfea42df31fdae71f97be,J
mmlu_pro:test:8098,math,10,583,7914,b189ec765aa7ed75c8acfea42df31fdae71f97be,D
mmlu_pro:test:8099,math,10,429,7915,b189ec765aa7ed75c8acfea42df31fdae71f97be,J
mmlu_pro:test:8100,math,10,283,7916,b189ec765aa7ed75c8acfea42df31fdae71f97be,A
mmlu_pro:test:8101,math,10,143,7917,b189ec765aa7ed75c8acfea42df31fdae71f97be,A
mmlu_pro:test:8102,math,10,114,7918,b189ec765aa7ed75c8acfea42df31fdae71f97be,C
mmlu_pro:test:8103,math,10,215,7919,b189ec765aa7ed75c8acfea42df31fdae71f97be,J
mmlu_pro:test:8104,math,10,64,7920,b189ec765aa7ed75c8acfea42df31fdae71f97be,D
mmlu_pro:test:8105,math,9,68,7921,b189ec765aa7ed75c8acfea42df31fdae71f97be,C
mmlu_pro:test:8106,math,10,246,7922,b189ec765aa7ed75c8acfea42df31fdae71f97be,C
mmlu_pro:test:8107,math,9,483,7923,b189ec765aa7ed75c8acfea42df31fdae71f97be,C
mmlu_pro:test:8108,math,10,156,7924,b189ec765aa7ed75c8acfea42df31fdae71f97be,D
mmlu_pro:test:8109,math,10,71,7925,b189ec765aa7ed75c8acfea42df31fdae71f97be,E
mmlu_pro:test:8110,math,10,260,7926,b189ec765aa7ed75c8acfea42df31fdae71f97be,F
mmlu_pro:test:8111,math,8,312,7927,b189ec765aa7ed75c8acfea42df31fdae71f97be,D
mmlu_pro:test:8112,math,10,434,7928,b189ec765aa7ed75c8acfea42df31fdae71f97be,B
mmlu_pro:test:8113,math,10,217,7929,b189ec765aa7ed75c8acfea42df31fdae71f97be,B
mmlu_pro:test:8114,math,10,383,7930,b189ec765aa7ed75c8acfea42df31fdae71f97be,H
mmlu_pro:test:8115,math,9,264,7931,b189ec765aa7ed75c8acfea42df31fdae71f97be,C
mmlu_pro:test:8116,math,10,540,7932,b189ec765aa7ed75c8acfea42df31fdae71f97be,B
mmlu_pro:test:8117,math,10,330,7933,b189ec765aa7ed75c8acfea42df31fdae71f97be,I
mmlu_pro:test:8118,math,10,325,7934,b189ec765aa7ed75c8acfea42df31fdae71f97be,H
mmlu_pro:test:8119,math,10,367,7935,b189ec765aa7ed75c8acfea42df31fdae71f97be,H
mmlu_pro:test:8120,math,10,409,7936,b189ec765aa7ed75c8acfea42df31fdae71f97be,I
mmlu_pro:test:8121,math,10,99,7937,b189ec765aa7ed75c8acfea42df31fdae71f97be,J
mmlu_pro:test:8122,math,10,426,7938,b189ec765aa7ed75c8acfea42df31fdae71f97be,G
mmlu_pro:test:8123,math,10,61,7939,b189ec765aa7ed75c8acfea42df31fdae71f97be,J
mmlu_pro:test:8124,math,10,141,7940,b189ec765aa7ed75c8acfea42df31fdae71f97be,B
mmlu_pro:test:8125,math,10,29,7941,b189ec765aa7ed75c8acfea42df31fdae71f97be,C
mmlu_pro:test:8126,math,10,69,7942,b189ec765aa7ed75c8acfea42df31fdae71f97be,B
mmlu_pro:test:8127,math,10,50,7943,b189ec765aa7ed75c8acfea42df31fdae71f97be,G
mmlu_pro:test:8128,math,10,57,7944,b189ec765aa7ed75c8acfea42df31fdae71f97be,E
mmlu_pro:test:8129,math,9,65,7945,b189ec765aa7ed75c8acfea42df31fdae71f97be,H
mmlu_pro:test:8130,math,10,48,7946,b189ec765aa7ed75c8acfea42df31fdae71f97be,G
mmlu_pro:test:8131,math,10,233,7947,b189ec765aa7ed75c8acfea42df31fdae71f97be,J
mmlu_pro:test:8132,math,10,174,7948,b189ec765aa7ed75c8acfea42df31fdae71f97be,J
mmlu_pro:test:8134,math,10,161,7950,b189ec765aa7ed75c8acfea42df31fdae71f97be,D
mmlu_pro:test:8135,math,10,52,7951,b189ec765aa7ed75c8acfea42df31fdae71f97be,D
mmlu_pro:test:8136,math,8,202,7952,b189ec765aa7ed75c8acfea42df31fdae71f97be,H
mmlu_pro:test:8137,math,10,48,7953,b189ec765aa7ed75c8acfea42df31fdae71f97be,J
mmlu_pro:test:8138,math,4,52,7954,b189ec765aa7ed75c8acfea42df31fdae71f97be,B
mmlu_pro:test:8139,math,4,48,7955,b189ec765aa7ed75c8acfea42df31fdae71f97be,A
mmlu_pro:test:8140,math,10,32,7956,b189ec765aa7ed75c8acfea42df31fdae71f97be,C
mmlu_pro:test:8141,math,10,184,7957,b189ec765aa7ed75c8acfea42df31fdae71f97be,A
mmlu_pro:test:8142,math,10,191,7958,b189ec765aa7ed75c8acfea42df31fdae71f97be,D
mmlu_pro:test:8143,math,10,153,7959,b189ec765aa7ed75c8acfea42df31fdae71f97be,G
mmlu_pro:test:8144,math,10,33,7960,b189ec765aa7ed75c8acfea42df31fdae71f97be,D
mmlu_pro:test:8145,math,10,198,7961,b189ec765aa7ed75c8acfea42df31fdae71f97be,I
mmlu_pro:test:8146,math,10,171,7962,b189ec765aa7ed75c8acfea42df31fdae71f97be,D
mmlu_pro:test:8147,math,10,186,7963,b189ec765aa7ed75c8acfea42df31fdae71f97be,F
mmlu_pro:test:8148,math,10,209,7964,b189ec765aa7ed75c8acfea42df31fdae71f97be,H
mmlu_pro:test:8149,math,10,127,7965,b189ec765aa7ed75c8acfea42df31fdae71f97be,I
mmlu_pro:test:8150,math,6,103,7966,b189ec765aa7ed75c8acfea42df31fdae71f97be,A
mmlu_pro:test:8151,math,10,44,7967,b189ec765aa7ed75c8acfea42df31fdae71f97be,F
mmlu_pro:test:8152,math,10,116,7968,b189ec765aa7ed75c8acfea42df31fdae71f97be,E
mmlu_pro:test:8153,math,10,82,7969,b189ec765aa7ed75c8acfea42df31fdae71f97be,D
mmlu_pro:test:8154,math,5,38,7970,b189ec765aa7ed75c8acfea42df31fdae71f97be,C
mmlu_pro:test:8155,math,10,57,7971,b189ec765aa7ed75c8acfea42df31fdae71f97be,H
mmlu_pro:test:8156,math,10,60,7972,b189ec765aa7ed75c8acfea42df31fdae71f97be,C
mmlu_pro:test:8157,math,9,99,7973,b189ec765aa7ed75c8acfea42df31fdae71f97be,C
mmlu_pro:test:8159,math,10,72,7974,b189ec765aa7ed75c8acfea42df31fdae71f97be,B
mmlu_pro:test:8160,math,10,94,7975,b189ec765aa7ed75c8acfea42df31fdae71f97be,C
mmlu_pro:test:8161,math,10,176,7976,b189ec765aa7ed75c8acfea42df31fdae71f97be,B
mmlu_pro:test:8162,math,10,91,7977,b189ec765aa7ed75c8acfea42df31fdae71f97be,F
mmlu_pro:test:8163,math,10,369,7978,b189ec765aa7ed75c8acfea42df31fdae71f97be,H
mmlu_pro:test:8164,math,10,78,7979,b189ec765aa7ed75c8acfea42df31fdae71f97be,A
mmlu_pro:test:8165,math,10,299,7980,b189ec765aa7ed75c8acfea42df31fdae71f97be,I
mmlu_pro:test:8166,math,10,64,7981,b189ec765aa7ed75c8acfea42df31fdae71f97be,I
mmlu_pro:test:8167,math,10,93,7982,b189ec765aa7ed75c8acfea42df31fdae71f97be,G
mmlu_pro:test:8168,math,10,68,7983,b189ec765aa7ed75c8acfea42df31fdae71f97be,J
mmlu_pro:test:8169,math,10,66,7984,b189ec765aa7ed75c8acfea42df31fdae71f97be,I
mmlu_pro:test:8170,math,10,244,7985,b189ec765aa7ed75c8acfea42df31fdae71f97be,D
mmlu_pro:test:8171,math,10,275,7986,b189ec765aa7ed75c8acfea42df31fdae71f97be,B
mmlu_pro:test:8172,math,10,109,7987,b189ec765aa7ed75c8acfea42df31fdae71f97be,F
mmlu_pro:test:8173,math,10,324,7988,b189ec765aa7ed75c8acfea42df31fdae71f97be,D
mmlu_pro:test:8174,math,10,165,7989,b189ec765aa7ed75c8acfea42df31fdae71f97be,I
mmlu_pro:test:8175,math,10,62,7990,b189ec765aa7ed75c8acfea42df31fdae71f97be,F
mmlu_pro:test:8176,math,10,198,7991,b189ec765aa7ed75c8acfea42df31fdae71f97be,D
mmlu_pro:test:8177,math,10,232,7992,b189ec765aa7ed75c8acfea42df31fdae71f97be,D
mmlu_pro:test:8178,math,10,142,7993,b189ec765aa7ed75c8acfea42df31fdae71f97be,A
mmlu_pro:test:8179,math,10,69,7994,b189ec765aa7ed75c8acfea42df31fdae71f97be,I
mmlu_pro:test:8180,math,10,254,7995,b189ec765aa7ed75c8acfea42df31fdae71f97be,E
mmlu_pro:test:8181,math,10,186,7996,b189ec765aa7ed75c8acfea42df31fdae71f97be,D
mmlu_pro:test:8182,math,10,105,7997,b189ec765aa7ed75c8acfea42df31fdae71f97be,G
mmlu_pro:test:8183,math,10,135,7998,b189ec765aa7ed75c8acfea42df31fdae71f97be,A
mmlu_pro:test:8184,math,10,169,7999,b189ec765aa7ed75c8acfea42df31fdae71f97be,I
mmlu_pro:test:8185,math,10,220,8000,b189ec765aa7ed75c8acfea42df31fdae71f97be,C
mmlu_pro:test:8187,math,10,193,8002,b189ec765aa7ed75c8acfea42df31fdae71f97be,F
mmlu_pro:test:8188,math,10,113,8003,b189ec765aa7ed75c8acfea42df31fdae71f97be,E
mmlu_pro:test:8189,math,10,243,8004,b189ec765aa7ed75c8acfea42df31fdae71f97be,I
mmlu_pro:test:8190,math,10,94,8005,b189ec765aa7ed75c8acfea42df31fdae71f97be,G
mmlu_pro:test:8191,math,10,71,8006,b189ec765aa7ed75c8acfea42df31fdae71f97be,A
mmlu_pro:test:8192,math,10,117,8007,b189ec765aa7ed75c8acfea42df31fdae71f97be,C
mmlu_pro:test:8193,math,10,74,8008,b189ec765aa7ed75c8acfea42df31fdae71f97be,G
mmlu_pro:test:8194,math,10,116,8009,b189ec765aa7ed75c8acfea42df31fdae71f97be,H
mmlu_pro:test:8195,math,10,901,8010,b189ec765aa7ed75c8acfea42df31fdae71f97be,J
mmlu_pro:test:8196,math,10,158,8011,b189ec765aa7ed75c8acfea42df31fdae71f97be,I
mmlu_pro:test:8197,math,10,166,8012,b189ec765aa7ed75c8acfea42df31fdae71f97be,E
mmlu_pro:test:8198,math,10,177,8013,b189ec765aa7ed75c8acfea42df31fdae71f97be,C
mmlu_pro:test:8199,math,10,326,8014,b189ec765aa7ed75c8acfea42df31fdae71f97be,J
mmlu_pro:test:8200,math,10,207,8015,b189ec765aa7ed75c8acfea42df31fdae71f97be,F
mmlu_pro:test:8201,math,10,139,8016,b189ec765aa7ed75c8acfea42df31fdae71f97be,A
mmlu_pro:test:8202,math,10,232,8017,b189ec765aa7ed75c8acfea42df31fdae71f97be,E
mmlu_pro:test:8203,math,10,124,8018,b189ec765aa7ed75c8acfea42df31fdae71f97be,D
mmlu_pro:test:8204,math,10,105,8019,b189ec765aa7ed75c8acfea42df31fdae71f97be,A
mmlu_pro:test:8205,math,10,76,8020,b189ec765aa7ed75c8acfea42df31fdae71f97be,B
mmlu_pro:test:8206,math,10,56,8021,b189ec765aa7ed75c8acfea42df31fdae71f97be,B
mmlu_pro:test:8207,math,10,72,8022,b189ec765aa7ed75c8acfea42df31fdae71f97be,E
mmlu_pro:test:8208,math,10,200,8023,b189ec765aa7ed75c8acfea42df31fdae71f97be,G
mmlu_pro:test:8209,math,10,64,8024,b189ec765aa7ed75c8acfea42df31fdae71f97be,C
mmlu_pro:test:8210,math,10,78,8025,b189ec765aa7ed75c8acfea42df31fdae71f97be,B
mmlu_pro:test:8211,math,10,158,8026,b189ec765aa7ed75c8acfea42df31fdae71f97be,A
mmlu_pro:test:8212,math,10,181,8027,b189ec765aa7ed75c8acfea42df31fdae71f97be,I
mmlu_pro:test:8213,math,10,46,8028,b189ec765aa7ed75c8acfea42df31fdae71f97be,B
mmlu_pro:test:8214,math,10,145,8029,b189ec765aa7ed75c8acfea42df31fdae71f97be,B
mmlu_pro:test:8215,math,10,382,8030,b189ec765aa7ed75c8acfea42df31fdae71f97be,B
mmlu_pro:test:8216,math,10,239,8031,b189ec765aa7ed75c8acfea42df31fdae71f97be,A
mmlu_pro:test:8217,math,10,230,8032,b189ec765aa7ed75c8acfea42df31fdae71f97be,A
mmlu_pro:test:8218,math,10,106,8033,b189ec765aa7ed75c8acfea42df31fdae71f97be,D
mmlu_pro:test:8219,math,10,68,8034,b189ec765aa7ed75c8acfea42df31fdae71f97be,J
mmlu_pro:test:8220,math,10,239,8035,b189ec765aa7ed75c8acfea42df31fdae71f97be,B
mmlu_pro:test:8221,math,10,265,8036,b189ec765aa7ed75c8acfea42df31fdae71f97be,A
mmlu_pro:test:8222,math,10,234,8037,b189ec765aa7ed75c8acfea42df31fdae71f97be,B
mmlu_pro:test:8225,math,10,140,8040,b189ec765aa7ed75c8acfea42df31fdae71f97be,A
mmlu_pro:test:8226,math,10,92,8041,b189ec765aa7ed75c8acfea42df31fdae71f97be,C
mmlu_pro:test:8227,math,10,168,8042,b189ec765aa7ed75c8acfea42df31fdae71f97be,I
mmlu_pro:test:8228,math,10,153,8043,b189ec765aa7ed75c8acfea42df31fdae71f97be,A
mmlu_pro:test:8229,math,10,33,8044,b189ec765aa7ed75c8acfea42df31fdae71f97be,G
mmlu_pro:test:8230,math,10,50,8045,b189ec765aa7ed75c8acfea42df31fdae71f97be,E
mmlu_pro:test:8231,math,10,210,8046,b189ec765aa7ed75c8acfea42df31fdae71f97be,F
mmlu_pro:test:8232,math,10,415,8047,b189ec765aa7ed75c8acfea42df31fdae71f97be,I
mmlu_pro:test:8233,math,10,204,8048,b189ec765aa7ed75c8acfea42df31fdae71f97be,D
mmlu_pro:test:8234,math,10,129,8049,b189ec765aa7ed75c8acfea42df31fdae71f97be,B
mmlu_pro:test:8235,math,10,571,8050,b189ec765aa7ed75c8acfea42df31fdae71f97be,D
mmlu_pro:test:8236,math,10,291,8051,b189ec765aa7ed75c8acfea42df31fdae71f97be,A
mmlu_pro:test:8237,math,10,243,8052,b189ec765aa7ed75c8acfea42df31fdae71f97be,C
mmlu_pro:test:8238,math,10,68,8053,b189ec765aa7ed75c8acfea42df31fdae71f97be,E
mmlu_pro:test:8239,math,10,47,8054,b189ec765aa7ed75c8acfea42df31fdae71f97be,D
mmlu_pro:test:8240,math,10,115,8055,b189ec765aa7ed75c8acfea42df31fdae71f97be,H
mmlu_pro:test:8241,math,10,170,8056,b189ec765aa7ed75c8acfea42df31fdae71f97be,C
mmlu_pro:test:8242,math,10,54,8057,b189ec765aa7ed75c8acfea42df31fdae71f97be,E
mmlu_pro:test:8243,math,9,28,8058,b189ec765aa7ed75c8acfea42df31fdae71f97be,I
mmlu_pro:test:8244,math,10,117,8059,b189ec765aa7ed75c8acfea42df31fdae71f97be,J
mmlu_pro:test:8245,math,10,274,8060,b189ec765aa7ed75c8acfea42df31fdae71f97be,H
mmlu_pro:test:8246,math,10,231,8061,b189ec765aa7ed75c8acfea42df31fdae71f97be,F
mmlu_pro:test:8247,math,8,169,8062,b189ec765aa7ed75c8acfea42df31fdae71f97be,D
mmlu_pro:test:8248,math,6,71,8063,b189ec765aa7ed75c8acfea42df31fdae71f97be,D
mmlu_pro:test:8249,math,10,204,8064,b189ec765aa7ed75c8acfea42df31fdae71f97be,G
mmlu_pro:test:8250,math,10,224,8065,b189ec765aa7ed75c8acfea42df31fdae71f97be,F
mmlu_pro:test:8251,math,10,121,8066,b189ec765aa7ed75c8acfea42df31fdae71f97be,J
mmlu_pro:test:8252,math,10,62,8067,b189ec765aa7ed75c8acfea42df31fdae71f97be,D
mmlu_pro:test:8253,math,10,48,8068,b189ec765aa7ed75c8acfea42df31fdae71f97be,A
mmlu_pro:test:8254,math,8,391,8069,b189ec765aa7ed75c8acfea42df31fdae71f97be,C
mmlu_pro:test:8255,math,10,346,8070,b189ec765aa7ed75c8acfea42df31fdae71f97be,C
mmlu_pro:test:8256,math,10,181,8071,b189ec765aa7ed75c8acfea42df31fdae71f97be,J
mmlu_pro:test:8257,math,10,185,8072,b189ec765aa7ed75c8acfea42df31fdae71f97be,E
mmlu_pro:test:8258,math,8,74,8073,b189ec765aa7ed75c8acfea42df31fdae71f97be,F
mmlu_pro:test:8259,math,10,31,8074,b189ec765aa7ed75c8acfea42df31fdae71f97be,E
mmlu_pro:test:8260,math,10,63,8075,b189ec765aa7ed75c8acfea42df31fdae71f97be,H
mmlu_pro:test:8261,math,10,80,8076,b189ec765aa7ed75c8acfea42df31fdae71f97be,E
mmlu_pro:test:8262,math,10,400,8077,b189ec765aa7ed75c8acfea42df31fdae71f97be,E
mmlu_pro:test:8263,math,10,45,8078,b189ec765aa7ed75c8acfea42df31fdae71f97be,B
mmlu_pro:test:8264,math,10,27,8079,b189ec765aa7ed75c8acfea42df31fdae71f97be,F
mmlu_pro:test:8265,math,10,19,8080,b189ec765aa7ed75c8acfea42df31fdae71f97be,J
mmlu_pro:test:8266,math,10,67,8081,b189ec765aa7ed75c8acfea42df31fdae71f97be,H
mmlu_pro:test:8267,math,10,146,8082,b189ec765aa7ed75c8acfea42df31fdae71f97be,G
mmlu_pro:test:8269,math,10,99,8083,b189ec765aa7ed75c8acfea42df31fdae71f97be,A
mmlu_pro:test:8270,math,10,102,8084,b189ec765aa7ed75c8acfea42df31fdae71f97be,J
mmlu_pro:test:8271,math,10,179,8085,b189ec765aa7ed75c8acfea42df31fdae71f97be,F
mmlu_pro:test:8272,math,10,200,8086,b189ec765aa7ed75c8acfea42df31fdae71f97be,B
mmlu_pro:test:8273,math,10,86,8087,b189ec765aa7ed75c8acfea42df31fdae71f97be,A
mmlu_pro:test:8274,math,10,39,8088,b189ec765aa7ed75c8acfea42df31fdae71f97be,B
mmlu_pro:test:8275,math,5,109,8089,b189ec765aa7ed75c8acfea42df31fdae71f97be,A
mmlu_pro:test:8276,math,10,76,8090,b189ec765aa7ed75c8acfea42df31fdae71f97be,C
mmlu_pro:test:8277,math,10,62,8091,b189ec765aa7ed75c8acfea42df31fdae71f97be,A
mmlu_pro:test:8278,math,9,49,8092,b189ec765aa7ed75c8acfea42df31fdae71f97be,A
mmlu_pro:test:8279,math,10,248,8093,b189ec765aa7ed75c8acfea42df31fdae71f97be,G
mmlu_pro:test:8280,math,10,405,8094,b189ec765aa7ed75c8acfea42df31fdae71f97be,F
mmlu_pro:test:8281,math,10,105,8095,b189ec765aa7ed75c8acfea42df31fdae71f97be,F
mmlu_pro:test:8282,math,10,277,8096,b189ec765aa7ed75c8acfea42df31fdae71f97be,B
mmlu_pro:test:8283,math,10,277,8097,b189ec765aa7ed75c8acfea42df31fdae71f97be,D
mmlu_pro:test:8284,math,10,368,8098,b189ec765aa7ed75c8acfea42df31fdae71f97be,H
mmlu_pro:test:8285,math,10,117,8099,b189ec765aa7ed75c8acfea42df31fdae71f97be,F
mmlu_pro:test:8286,math,10,294,8100,b189ec765aa7ed75c8acfea42df31fdae71f97be,F
mmlu_pro:test:8287,math,10,171,8101,b189ec765aa7ed75c8acfea42df31fdae71f97be,J
mmlu_pro:test:8288,math,10,87,8102,b189ec765aa7ed75c8acfea42df31fdae71f97be,D
mmlu_pro:test:8289,math,10,71,8103,b189ec765aa7ed75c8acfea42df31fdae71f97be,F
mmlu_pro:test:8290,math,10,205,8104,b189ec765aa7ed75c8acfea42df31fdae71f97be,E
mmlu_pro:test:8291,math,10,65,8105,b189ec765aa7ed75c8acfea42df31fdae71f97be,A
mmlu_pro:test:8292,math,10,307,8106,b189ec765aa7ed75c8acfea42df31fdae71f97be,J
mmlu_pro:test:8293,math,10,273,8107,b189ec765aa7ed75c8acfea42df31fdae71f97be,A
mmlu_pro:test:8294,math,10,49,8108,b189ec765aa7ed75c8acfea42df31fdae71f97be,I
mmlu_pro:test:8295,math,10,170,8109,b189ec765aa7ed75c8acfea42df31fdae71f97be,B
mmlu_pro:test:8296,math,10,167,8110,b189ec765aa7ed75c8acfea42df31fdae71f97be,C
mmlu_pro:test:8297,math,10,55,8111,b189ec765aa7ed75c8acfea42df31fdae71f97be,A
mmlu_pro:test:8298,math,10,108,8112,b189ec765aa7ed75c8acfea42df31fdae71f97be,J
mmlu_pro:test:8299,math,10,102,8113,b189ec765aa7ed75c8acfea42df31fdae71f97be,G
mmlu_pro:test:8300,math,10,111,8114,b189ec765aa7ed75c8acfea42df31fdae71f97be,A
mmlu_pro:test:8301,math,10,115,8115,b189ec765aa7ed75c8acfea42df31fdae71f97be,F
mmlu_pro:test:8302,math,10,122,8116,b189ec765aa7ed75c8acfea42df31fdae71f97be,D
mmlu_pro:test:8303,math,10,178,8117,b189ec765aa7ed75c8acfea42df31fdae71f97be,J
mmlu_pro:test:8304,math,10,267,8118,b189ec765aa7ed75c8acfea42df31fdae71f97be,I
mmlu_pro:test:8305,math,10,192,8119,b189ec765aa7ed75c8acfea42df31fdae71f97be,J
mmlu_pro:test:8306,math,10,148,8120,b189ec765aa7ed75c8acfea42df31fdae71f97be,H
mmlu_pro:test:8307,math,10,102,8121,b189ec765aa7ed75c8acfea42df31fdae71f97be,H
mmlu_pro:test:8308,math,10,29,8122,b189ec765aa7ed75c8acfea42df31fdae71f97be,C
mmlu_pro:test:8309,math,10,78,8123,b189ec765aa7ed75c8acfea42df31fdae71f97be,I
mmlu_pro:test:8310,math,10,154,8124,b189ec765aa7ed75c8acfea42df31fdae71f97be,E
mmlu_pro:test:8311,math,10,146,8125,b189ec765aa7ed75c8acfea42df31fdae71f97be,J
mmlu_pro:test:8312,math,10,285,8126,b189ec765aa7ed75c8acfea42df31fdae71f97be,B
mmlu_pro:test:8313,math,10,106,8127,b189ec765aa7ed75c8acfea42df31fdae71f97be,A
mmlu_pro:test:8314,math,9,119,8128,b189ec765aa7ed75c8acfea42df31fdae71f97be,E
mmlu_pro:test:8315,math,10,118,8129,b189ec765aa7ed75c8acfea42df31fdae71f97be,D
mmlu_pro:test:8316,math,10,124,8130,b189ec765aa7ed75c8acfea42df31fdae71f97be,I
mmlu_pro:test:8318,math,10,204,8132,b189ec765aa7ed75c8acfea42df31fdae71f97be,I
mmlu_pro:test:8319,math,10,51,8133,b189ec765aa7ed75c8acfea42df31fdae71f97be,B
mmlu_pro:test:8320,math,10,77,8134,b189ec765aa7ed75c8acfea42df31fdae71f97be,D
mmlu_pro:test:8321,math,10,178,8135,b189ec765aa7ed75c8acfea42df31fdae71f97be,I
mmlu_pro:test:8322,math,10,636,8136,b189ec765aa7ed75c8acfea42df31fdae71f97be,D
mmlu_pro:test:8323,math,10,241,8137,b189ec765aa7ed75c8acfea42df31fdae71f97be,A
mmlu_pro:test:8324,math,10,237,8138,b189ec765aa7ed75c8acfea42df31fdae71f97be,A
mmlu_pro:test:8325,math,10,393,8139,b189ec765aa7ed75c8acfea42df31fdae71f97be,F
mmlu_pro:test:8326,math,10,282,8140,b189ec765aa7ed75c8acfea42df31fdae71f97be,B
mmlu_pro:test:8327,math,10,150,8141,b189ec765aa7ed75c8acfea42df31fdae71f97be,I
mmlu_pro:test:8328,math,10,211,8142,b189ec765aa7ed75c8acfea42df31fdae71f97be,C
mmlu_pro:test:8329,math,10,264,8143,b189ec765aa7ed75c8acfea42df31fdae71f97be,H
mmlu_pro:test:8330,math,10,85,8144,b189ec765aa7ed75c8acfea42df31fdae71f97be,I
mmlu_pro:test:8331,math,10,47,8145,b189ec765aa7ed75c8acfea42df31fdae71f97be,J
mmlu_pro:test:8332,math,10,181,8146,b189ec765aa7ed75c8acfea42df31fdae71f97be,G
mmlu_pro:test:8333,math,10,221,8147,b189ec765aa7ed75c8acfea42df31fdae71f97be,C
mmlu_pro:test:8334,math,10,116,8148,b189ec765aa7ed75c8acfea42df31fdae71f97be,H
mmlu_pro:test:8335,math,9,427,8149,b189ec765aa7ed75c8acfea42df31fdae71f97be,H
mmlu_pro:test:8336,math,10,167,8150,b189ec765aa7ed75c8acfea42df31fdae71f97be,A
mmlu_pro:test:8337,math,10,149,8151,b189ec765aa7ed75c8acfea42df31fdae71f97be,D
mmlu_pro:test:8338,math,10,295,8152,b189ec765aa7ed75c8acfea42df31fdae71f97be,A
mmlu_pro:test:8339,math,10,418,8153,b189ec765aa7ed75c8acfea42df31fdae71f97be,I
mmlu_pro:test:8340,math,10,280,8154,b189ec765aa7ed75c8acfea42df31fdae71f97be,A
mmlu_pro:test:8341,math,10,288,8155,b189ec765aa7ed75c8acfea42df31fdae71f97be,B
mmlu_pro:test:8343,math,10,419,8156,b189ec765aa7ed75c8acfea42df31fdae71f97be,A
mmlu_pro:test:8344,math,10,397,8157,b189ec765aa7ed75c8acfea42df31fdae71f97be,D
mmlu_pro:test:8345,math,10,255,8158,b189ec765aa7ed75c8acfea42df31fdae71f97be,C
mmlu_pro:test:8346,math,10,208,8159,b189ec765aa7ed75c8acfea42df31fdae71f97be,A
mmlu_pro:test:8347,math,10,13,8160,b189ec765aa7ed75c8acfea42df31fdae71f97be,D
mmlu_pro:test:8348,math,10,16,8161,b189ec765aa7ed75c8acfea42df31fdae71f97be,B
mmlu_pro:test:8349,math,10,70,8162,b189ec765aa7ed75c8acfea42df31fdae71f97be,D
mmlu_pro:test:8350,math,10,158,8163,b189ec765aa7ed75c8acfea42df31fdae71f97be,I
mmlu_pro:test:8351,math,10,171,8164,b189ec765aa7ed75c8acfea42df31fdae71f97be,J
mmlu_pro:test:8352,math,10,131,8165,b189ec765aa7ed75c8acfea42df31fdae71f97be,B
mmlu_pro:test:8353,math,10,138,8166,b189ec765aa7ed75c8acfea42df31fdae71f97be,E
mmlu_pro:test:8354,math,8,43,8167,b189ec765aa7ed75c8acfea42df31fdae71f97be,G
mmlu_pro:test:8355,math,9,106,8168,b189ec765aa7ed75c8acfea42df31fdae71f97be,B
mmlu_pro:test:8356,math,10,85,8169,b189ec765aa7ed75c8acfea42df31fdae71f97be,F
mmlu_pro:test:8357,math,9,142,8170,b189ec765aa7ed75c8acfea42df31fdae71f97be,F
mmlu_pro:test:8358,math,10,232,8171,b189ec765aa7ed75c8acfea42df31fdae71f97be,F
mmlu_pro:test:8359,math,10,37,8172,b189ec765aa7ed75c8acfea42df31fdae71f97be,E
mmlu_pro:test:8360,math,10,57,8173,b189ec765aa7ed75c8acfea42df31fdae71f97be,H
mmlu_pro:test:8361,math,10,36,8174,b189ec765aa7ed75c8acfea42df31fdae71f97be,C
mmlu_pro:test:8362,math,10,47,8175,b189ec765aa7ed75c8acfea42df31fdae71f97be,A
mmlu_pro:test:8363,math,10,206,8176,b189ec765aa7ed75c8acfea42df31fdae71f97be,G
mmlu_pro:test:8364,math,10,213,8177,b189ec765aa7ed75c8acfea42df31fdae71f97be,J
mmlu_pro:test:8365,math,10,174,8178,b189ec765aa7ed75c8acfea42df31fdae71f97be,I
mmlu_pro:test:8366,math,7,47,8179,b189ec765aa7ed75c8acfea42df31fdae71f97be,D
mmlu_pro:test:8367,math,10,191,8180,b189ec765aa7ed75c8acfea42df31fdae71f97be,G
mmlu_pro:test:8368,math,10,191,8181,b189ec765aa7ed75c8acfea42df31fdae71f97be,A
mmlu_pro:test:8369,math,10,136,8182,b189ec765aa7ed75c8acfea42df31fdae71f97be,E
mmlu_pro:test:8370,math,10,52,8183,b189ec765aa7ed75c8acfea42df31fdae71f97be,G
mmlu_pro:test:8371,math,10,135,8184,b189ec765aa7ed75c8acfea42df31fdae71f97be,D
mmlu_pro:test:8372,math,10,76,8185,b189ec765aa7ed75c8acfea42df31fdae71f97be,H
mmlu_pro:test:8373,math,7,138,8186,b189ec765aa7ed75c8acfea42df31fdae71f97be,B
mmlu_pro:test:8374,math,10,69,8187,b189ec765aa7ed75c8acfea42df31fdae71f97be,C
mmlu_pro:test:8375,math,10,57,8188,b189ec765aa7ed75c8acfea42df31fdae71f97be,I
mmlu_pro:test:8376,math,10,224,8189,b189ec765aa7ed75c8acfea42df31fdae71f97be,E
mmlu_pro:test:8377,math,10,418,8190,b189ec765aa7ed75c8acfea42df31fdae71f97be,G
mmlu_pro:test:8378,math,10,138,8191,b189ec765aa7ed75c8acfea42df31fdae71f97be,G
mmlu_pro:test:8379,math,10,153,8192,b189ec765aa7ed75c8acfea42df31fdae71f97be,C
mmlu_pro:test:8380,math,10,94,8193,b189ec765aa7ed75c8acfea42df31fdae71f97be,G
mmlu_pro:test:8381,math,10,141,8194,b189ec765aa7ed75c8acfea42df31fdae71f97be,I
mmlu_pro:test:8382,math,10,370,8195,b189ec765aa7ed75c8acfea42df31fdae71f97be,H
mmlu_pro:test:8383,math,10,151,8196,b189ec765aa7ed75c8acfea42df31fdae71f97be,I
mmlu_pro:test:8384,math,10,81,8197,b189ec765aa7ed75c8acfea42df31fdae71f97be,D
mmlu_pro:test:8385,math,10,230,8198,b189ec765aa7ed75c8acfea42df31fdae71f97be,D
mmlu_pro:test:8386,math,10,63,8199,b189ec765aa7ed75c8acfea42df31fdae71f97be,C
mmlu_pro:test:8387,math,10,44,8200,b189ec765aa7ed75c8acfea42df31fdae71f97be,A
mmlu_pro:test:8388,math,10,240,8201,b189ec765aa7ed75c8acfea42df31fdae71f97be,B
mmlu_pro:test:8389,math,10,102,8202,b189ec765aa7ed75c8acfea42df31fdae71f97be,G
mmlu_pro:test:8390,math,10,47,8203,b189ec765aa7ed75c8acfea42df31fdae71f97be,A
mmlu_pro:test:8391,math,10,148,8204,b189ec765aa7ed75c8acfea42df31fdae71f97be,F
mmlu_pro:test:8392,math,10,176,8205,b189ec765aa7ed75c8acfea42df31fdae71f97be,G
mmlu_pro:test:8393,math,10,122,8206,b189ec765aa7ed75c8acfea42df31fdae71f97be,A
mmlu_pro:test:8394,math,10,146,8207,b189ec765aa7ed75c8acfea42df31fdae71f97be,B
mmlu_pro:test:8395,math,10,166,8208,b189ec765aa7ed75c8acfea42df31fdae71f97be,G
mmlu_pro:test:8396,math,10,194,8209,b189ec765aa7ed75c8acfea42df31fdae71f97be,D
mmlu_pro:test:8397,math,10,79,8210,b189ec765aa7ed75c8acfea42df31fdae71f97be,F
mmlu_pro:test:8398,math,10,56,8211,b189ec765aa7ed75c8acfea42df31fdae71f97be,A
mmlu_pro:test:8399,math,10,277,8212,b189ec765aa7ed75c8acfea42df31fdae71f97be,E
mmlu_pro:test:8400,math,10,115,8213,b189ec765aa7ed75c8acfea42df31fdae71f97be,J
mmlu_pro:test:8401,math,10,85,8214,b189ec765aa7ed75c8acfea42df31fdae71f97be,G
mmlu_pro:test:8402,math,10,116,8215,b189ec765aa7ed75c8acfea42df31fdae71f97be,C
mmlu_pro:test:8403,math,10,183,8216,b189ec765aa7ed75c8acfea42df31fdae71f97be,C
mmlu_pro:test:8404,math,10,273,8217,b189ec765aa7ed75c8acfea42df31fdae71f97be,D
mmlu_pro:test:8405,math,10,129,8218,b189ec765aa7ed75c8acfea42df31fdae71f97be,H
mmlu_pro:test:8406,math,10,81,8219,b189ec765aa7ed75c8acfea42df31fdae71f97be,F
mmlu_pro:test:8407,math,10,150,8220,b189ec765aa7ed75c8acfea42df31fdae71f97be,C
mmlu_pro:test:8408,math,10,141,8221,b189ec765aa7ed75c8acfea42df31fdae71f97be,B
mmlu_pro:test:8409,math,10,282,8222,b189ec765aa7ed75c8acfea42df31fdae71f97be,I
mmlu_pro:test:8410,math,10,79,8223,b189ec765aa7ed75c8acfea42df31fdae71f97be,A
mmlu_pro:test:8411,math,10,156,8224,b189ec765aa7ed75c8acfea42df31fdae71f97be,G
mmlu_pro:test:8412,math,10,83,8225,b189ec765aa7ed75c8acfea42df31fdae71f97be,D
mmlu_pro:test:8413,math,10,101,8226,b189ec765aa7ed75c8acfea42df31fdae71f97be,E
mmlu_pro:test:8414,math,10,72,8227,b189ec765aa7ed75c8acfea42df31fdae71f97be,E
mmlu_pro:test:8415,math,10,78,8228,b189ec765aa7ed75c8acfea42df31fdae71f97be,H
mmlu_pro:test:8416,math,10,83,8229,b189ec765aa7ed75c8acfea42df31fdae71f97be,J
mmlu_pro:test:8417,math,10,91,8230,b189ec765aa7ed75c8acfea42df31fdae71f97be,E
mmlu_pro:test:8418,math,10,429,8231,b189ec765aa7ed75c8acfea42df31fdae71f97be,C
mmlu_pro:test:8419,math,10,111,8232,b189ec765aa7ed75c8acfea42df31fdae71f97be,B
mmlu_pro:test:8420,math,10,349,8233,b189ec765aa7ed75c8acfea42df31fdae71f97be,B
mmlu_pro:test:8421,math,10,74,8234,b189ec765aa7ed75c8acfea42df31fdae71f97be,J
mmlu_pro:test:8422,math,10,165,8235,b189ec765aa7ed75c8acfea42df31fdae71f97be,G
mmlu_pro:test:8423,math,10,106,8236,b189ec765aa7ed75c8acfea42df31fdae71f97be,F
mmlu_pro:test:8424,math,10,311,8237,b189ec765aa7ed75c8acfea42df31fdae71f97be,B
mmlu_pro:test:8425,math,10,172,8238,b189ec765aa7ed75c8acfea42df31fdae71f97be,F
mmlu_pro:test:8426,math,10,127,8239,b189ec765aa7ed75c8acfea42df31fdae71f97be,E
mmlu_pro:test:8428,math,10,127,8241,b189ec765aa7ed75c8acfea42df31fdae71f97be,E
mmlu_pro:test:8429,math,10,363,8242,b189ec765aa7ed75c8acfea42df31fdae71f97be,G
mmlu_pro:test:8430,math,10,201,8243,b189ec765aa7ed75c8acfea42df31fdae71f97be,C
mmlu_pro:test:8431,math,10,449,8244,b189ec765aa7ed75c8acfea42df31fdae71f97be,G
mmlu_pro:test:8432,math,10,131,8245,b189ec765aa7ed75c8acfea42df31fdae71f97be,E
mmlu_pro:test:8433,math,10,165,8246,b189ec765aa7ed75c8acfea42df31fdae71f97be,G
mmlu_pro:test:8434,math,10,481,8247,b189ec765aa7ed75c8acfea42df31fdae71f97be,J
mmlu_pro:test:8435,math,10,189,8248,b189ec765aa7ed75c8acfea42df31fdae71f97be,J
mmlu_pro:test:8436,math,10,187,8249,b189ec765aa7ed75c8acfea42df31fdae71f97be,F
mmlu_pro:test:8437,math,10,146,8250,b189ec765aa7ed75c8acfea42df31fdae71f97be,I
mmlu_pro:test:8438,math,10,182,8251,b189ec765aa7ed75c8acfea42df31fdae71f97be,G
mmlu_pro:test:8439,math,10,138,8252,b189ec765aa7ed75c8acfea42df31fdae71f97be,B
mmlu_pro:test:8440,math,10,228,8253,b189ec765aa7ed75c8acfea42df31fdae71f97be,B
mmlu_pro:test:8441,math,9,322,8254,b189ec765aa7ed75c8acfea42df31fdae71f97be,A
mmlu_pro:test:8442,math,10,545,8255,b189ec765aa7ed75c8acfea42df31fdae71f97be,D
mmlu_pro:test:8443,math,10,312,8256,b189ec765aa7ed75c8acfea42df31fdae71f97be,A
mmlu_pro:test:8444,math,10,234,8257,b189ec765aa7ed75c8acfea42df31fdae71f97be,A
mmlu_pro:test:8445,math,10,283,8258,b189ec765aa7ed75c8acfea42df31fdae71f97be,A
mmlu_pro:test:8446,math,8,257,8259,b189ec765aa7ed75c8acfea42df31fdae71f97be,G
mmlu_pro:test:8447,math,10,541,8260,b189ec765aa7ed75c8acfea42df31fdae71f97be,J
mmlu_pro:test:8448,math,4,125,8261,b189ec765aa7ed75c8acfea42df31fdae71f97be,D
mmlu_pro:test:8449,math,10,493,8262,b189ec765aa7ed75c8acfea42df31fdae71f97be,G
mmlu_pro:test:8450,math,10,140,8263,b189ec765aa7ed75c8acfea42df31fdae71f97be,G
mmlu_pro:test:8451,math,10,66,8264,b189ec765aa7ed75c8acfea42df31fdae71f97be,H
mmlu_pro:test:8452,math,10,168,8265,b189ec765aa7ed75c8acfea42df31fdae71f97be,D
mmlu_pro:test:8453,math,10,58,8266,b189ec765aa7ed75c8acfea42df31fdae71f97be,J
mmlu_pro:test:8454,math,8,180,8267,b189ec765aa7ed75c8acfea42df31fdae71f97be,F
mmlu_pro:test:8455,math,10,95,8268,b189ec765aa7ed75c8acfea42df31fdae71f97be,B
mmlu_pro:test:8456,math,8,142,8269,b189ec765aa7ed75c8acfea42df31fdae71f97be,H
mmlu_pro:test:8457,math,10,121,8270,b189ec765aa7ed75c8acfea42df31fdae71f97be,C
mmlu_pro:test:8458,math,10,53,8271,b189ec765aa7ed75c8acfea42df31fdae71f97be,J
mmlu_pro:test:8459,math,10,47,8272,b189ec765aa7ed75c8acfea42df31fdae71f97be,G
mmlu_pro:test:8460,math,10,246,8273,b189ec765aa7ed75c8acfea42df31fdae71f97be,E
mmlu_pro:test:8462,math,8,141,8275,b189ec765aa7ed75c8acfea42df31fdae71f97be,A
mmlu_pro:test:8463,math,9,199,8276,b189ec765aa7ed75c8acfea42df31fdae71f97be,I
mmlu_pro:test:8464,math,10,60,8277,b189ec765aa7ed75c8acfea42df31fdae71f97be,H
mmlu_pro:test:8465,math,10,131,8278,b189ec765aa7ed75c8acfea42df31fdae71f97be,E
mmlu_pro:test:8466,math,10,170,8279,b189ec765aa7ed75c8acfea42df31fdae71f97be,C
mmlu_pro:test:8467,math,3,113,8280,b189ec765aa7ed75c8acfea42df31fdae71f97be,C
mmlu_pro:test:8468,math,10,356,8281,b189ec765aa7ed75c8acfea42df31fdae71f97be,E
mmlu_pro:test:8469,math,9,61,8282,b189ec765aa7ed75c8acfea42df31fdae71f97be,B
mmlu_pro:test:8470,math,10,50,8283,b189ec765aa7ed75c8acfea42df31fdae71f97be,B
mmlu_pro:test:8471,math,10,166,8284,b189ec765aa7ed75c8acfea42df31fdae71f97be,H
mmlu_pro:test:8472,math,10,140,8285,b189ec765aa7ed75c8acfea42df31fdae71f97be,C
mmlu_pro:test:8473,math,10,151,8286,b189ec765aa7ed75c8acfea42df31fdae71f97be,A
mmlu_pro:test:8474,math,10,305,8287,b189ec765aa7ed75c8acfea42df31fdae71f97be,B
mmlu_pro:test:8475,math,10,214,8288,b189ec765aa7ed75c8acfea42df31fdae71f97be,G
mmlu_pro:test:8476,math,10,116,8289,b189ec765aa7ed75c8acfea42df31fdae71f97be,B
mmlu_pro:test:8477,math,10,138,8290,b189ec765aa7ed75c8acfea42df31fdae71f97be,B
mmlu_pro:test:8478,math,10,149,8291,b189ec765aa7ed75c8acfea42df31fdae71f97be,G
mmlu_pro:test:8479,math,10,113,8292,b189ec765aa7ed75c8acfea42df31fdae71f97be,G
mmlu_pro:test:8480,math,10,114,8293,b189ec765aa7ed75c8acfea42df31fdae71f97be,I
mmlu_pro:test:8481,math,10,97,8294,b189ec765aa7ed75c8acfea42df31fdae71f97be,I
mmlu_pro:test:8482,math,10,237,8295,b189ec765aa7ed75c8acfea42df31fdae71f97be,B
mmlu_pro:test:8483,math,10,234,8296,b189ec765aa7ed75c8acfea42df31fdae71f97be,D
mmlu_pro:test:8484,math,10,198,8297,b189ec765aa7ed75c8acfea42df31fdae71f97be,H
mmlu_pro:test:8485,math,7,106,8298,b189ec765aa7ed75c8acfea42df31fdae71f97be,D
mmlu_pro:test:8486,math,10,52,8299,b189ec765aa7ed75c8acfea42df31fdae71f97be,H
mmlu_pro:test:8487,math,10,164,8300,b189ec765aa7ed75c8acfea42df31fdae71f97be,B
mmlu_pro:test:8488,math,10,90,8301,b189ec765aa7ed75c8acfea42df31fdae71f97be,G
mmlu_pro:test:8489,math,10,80,8302,b189ec765aa7ed75c8acfea42df31fdae71f97be,G
mmlu_pro:test:8490,math,10,95,8303,b189ec765aa7ed75c8acfea42df31fdae71f97be,I
mmlu_pro:test:8491,math,10,102,8304,b189ec765aa7ed75c8acfea42df31fdae71f97be,D
mmlu_pro:test:8492,math,10,62,8305,b189ec765aa7ed75c8acfea42df31fdae71f97be,F
mmlu_pro:test:8493,math,10,50,8306,b189ec765aa7ed75c8acfea42df31fdae71f97be,H
mmlu_pro:test:8494,math,10,172,8307,b189ec765aa7ed75c8acfea42df31fdae71f97be,J
mmlu_pro:test:8495,math,10,68,8308,b189ec765aa7ed75c8acfea42df31fdae71f97be,A
mmlu_pro:test:8496,math,10,110,8309,b189ec765aa7ed75c8acfea42df31fdae71f97be,B
mmlu_pro:test:8497,math,10,155,8310,b189ec765aa7ed75c8acfea42df31fdae71f97be,B
mmlu_pro:test:8498,math,10,368,8311,b189ec765aa7ed75c8acfea42df31fdae71f97be,A
mmlu_pro:test:8499,math,10,79,8312,b189ec765aa7ed75c8acfea42df31fdae71f97be,A
mmlu_pro:test:8500,math,10,137,8313,b189ec765aa7ed75c8acfea42df31fdae71f97be,D
mmlu_pro:test:8501,math,10,179,8314,b189ec765aa7ed75c8acfea42df31fdae71f97be,E
mmlu_pro:test:8502,math,10,184,8315,b189ec765aa7ed75c8acfea42df31fdae71f97be,B
mmlu_pro:test:8504,math,10,84,8317,b189ec765aa7ed75c8acfea42df31fdae71f97be,J
mmlu_pro:test:8505,math,10,134,8318,b189ec765aa7ed75c8acfea42df31fdae71f97be,D
mmlu_pro:test:8506,math,10,236,8319,b189ec765aa7ed75c8acfea42df31fdae71f97be,D
mmlu_pro:test:8507,math,10,115,8320,b189ec765aa7ed75c8acfea42df31fdae71f97be,C
mmlu_pro:test:8508,math,10,180,8321,b189ec765aa7ed75c8acfea42df31fdae71f97be,E
mmlu_pro:test:8509,math,10,70,8322,b189ec765aa7ed75c8acfea42df31fdae71f97be,A
mmlu_pro:test:8510,math,10,143,8323,b189ec765aa7ed75c8acfea42df31fdae71f97be,I
mmlu_pro:test:8511,math,10,104,8324,b189ec765aa7ed75c8acfea42df31fdae71f97be,G
mmlu_pro:test:8512,math,10,42,8325,b189ec765aa7ed75c8acfea42df31fdae71f97be,F
mmlu_pro:test:8513,math,10,154,8326,b189ec765aa7ed75c8acfea42df31fdae71f97be,H
mmlu_pro:test:8514,math,10,65,8327,b189ec765aa7ed75c8acfea42df31fdae71f97be,G
mmlu_pro:test:8515,math,10,118,8328,b189ec765aa7ed75c8acfea42df31fdae71f97be,E
mmlu_pro:test:8516,math,10,219,8329,b189ec765aa7ed75c8acfea42df31fdae71f97be,F
mmlu_pro:test:8517,math,10,109,8330,b189ec765aa7ed75c8acfea42df31fdae71f97be,J
mmlu_pro:test:8518,math,10,69,8331,b189ec765aa7ed75c8acfea42df31fdae71f97be,J
mmlu_pro:test:8519,math,10,178,8332,b189ec765aa7ed75c8acfea42df31fdae71f97be,G
mmlu_pro:test:8520,math,10,236,8333,b189ec765aa7ed75c8acfea42df31fdae71f97be,E
mmlu_pro:test:8521,math,10,302,8334,b189ec765aa7ed75c8acfea42df31fdae71f97be,D
mmlu_pro:test:8522,math,10,104,8335,b189ec765aa7ed75c8acfea42df31fdae71f97be,F
mmlu_pro:test:8523,math,10,130,8336,b189ec765aa7ed75c8acfea42df31fdae71f97be,H
mmlu_pro:test:8524,math,10,56,8337,b189ec765aa7ed75c8acfea42df31fdae71f97be,J
mmlu_pro:test:8525,math,10,203,8338,b189ec765aa7ed75c8acfea42df31fdae71f97be,A
mmlu_pro:test:8526,math,10,160,8339,b189ec765aa7ed75c8acfea42df31fdae71f97be,J
mmlu_pro:test:8527,math,10,193,8340,b189ec765aa7ed75c8acfea42df31fdae71f97be,I
mmlu_pro:test:8528,math,10,298,8341,b189ec765aa7ed75c8acfea42df31fdae71f97be,F
mmlu_pro:test:8529,math,10,204,8342,b189ec765aa7ed75c8acfea42df31fdae71f97be,D
mmlu_pro:test:8530,math,10,204,8343,b189ec765aa7ed75c8acfea42df31fdae71f97be,B
mmlu_pro:test:8531,math,10,216,8344,b189ec765aa7ed75c8acfea42df31fdae71f97be,C
mmlu_pro:test:8532,math,10,250,8345,b189ec765aa7ed75c8acfea42df31fdae71f97be,H
mmlu_pro:test:8533,math,10,181,8346,b189ec765aa7ed75c8acfea42df31fdae71f97be,E
mmlu_pro:test:8534,math,10,174,8347,b189ec765aa7ed75c8acfea42df31fdae71f97be,G
mmlu_pro:test:8535,math,10,188,8348,b189ec765aa7ed75c8acfea42df31fdae71f97be,J
mmlu_pro:test:8536,math,10,291,8349,b189ec765aa7ed75c8acfea42df31fdae71f97be,F
mmlu_pro:test:8537,math,10,299,8350,b189ec765aa7ed75c8acfea42df31fdae71f97be,B
mmlu_pro:test:8538,math,10,106,8351,b189ec765aa7ed75c8acfea42df31fdae71f97be,H
mmlu_pro:test:8539,math,10,198,8352,b189ec765aa7ed75c8acfea42df31fdae71f97be,J
mmlu_pro:test:8540,math,10,218,8353,b189ec765aa7ed75c8acfea42df31fdae71f97be,I
mmlu_pro:test:8541,math,4,243,8354,b189ec765aa7ed75c8acfea42df31fdae71f97be,D
mmlu_pro:test:8542,math,4,181,8355,b189ec765aa7ed75c8acfea42df31fdae71f97be,B
mmlu_pro:test:8543,math,10,55,8356,b189ec765aa7ed75c8acfea42df31fdae71f97be,F
mmlu_pro:test:8544,math,10,388,8357,b189ec765aa7ed75c8acfea42df31fdae71f97be,D
mmlu_pro:test:8545,math,10,387,8358,b189ec765aa7ed75c8acfea42df31fdae71f97be,H
mmlu_pro:test:8546,math,10,365,8359,b189ec765aa7ed75c8acfea42df31fdae71f97be,C
mmlu_pro:test:8547,math,10,209,8360,b189ec765aa7ed75c8acfea42df31fdae71f97be,B
mmlu_pro:test:8548,math,10,579,8361,b189ec765aa7ed75c8acfea42df31fdae71f97be,I
mmlu_pro:test:8549,math,10,218,8362,b189ec765aa7ed75c8acfea42df31fdae71f97be,J
mmlu_pro:test:8550,math,10,243,8363,b189ec765aa7ed75c8acfea42df31fdae71f97be,J
mmlu_pro:test:8551,math,10,220,8364,b189ec765aa7ed75c8acfea42df31fdae71f97be,H
mmlu_pro:test:8552,math,6,60,8365,b189ec765aa7ed75c8acfea42df31fdae71f97be,C
mmlu_pro:test:8553,math,10,256,8366,b189ec765aa7ed75c8acfea42df31fdae71f97be,H
mmlu_pro:test:8554,math,8,43,8367,b189ec765aa7ed75c8acfea42df31fdae71f97be,G
mmlu_pro:test:8555,math,10,83,8368,b189ec765aa7ed75c8acfea42df31fdae71f97be,H
mmlu_pro:test:8556,math,10,148,8369,b189ec765aa7ed75c8acfea42df31fdae71f97be,H
mmlu_pro:test:8557,math,10,200,8370,b189ec765aa7ed75c8acfea42df31fdae71f97be,B
mmlu_pro:test:8559,math,10,29,8372,b189ec765aa7ed75c8acfea42df31fdae71f97be,B
mmlu_pro:test:8560,math,10,25,8373,b189ec765aa7ed75c8acfea42df31fdae71f97be,B
mmlu_pro:test:8561,math,10,139,8374,b189ec765aa7ed75c8acfea42df31fdae71f97be,C
mmlu_pro:test:8562,math,10,195,8375,b189ec765aa7ed75c8acfea42df31fdae71f97be,G
mmlu_pro:test:8563,math,8,31,8376,b189ec765aa7ed75c8acfea42df31fdae71f97be,G
mmlu_pro:test:8564,math,10,74,8377,b189ec765aa7ed75c8acfea42df31fdae71f97be,G
mmlu_pro:test:8565,math,10,148,8378,b189ec765aa7ed75c8acfea42df31fdae71f97be,D
mmlu_pro:test:8566,math,10,66,8379,b189ec765aa7ed75c8acfea42df31fdae71f97be,B
mmlu_pro:test:8567,math,10,230,8380,b189ec765aa7ed75c8acfea42df31fdae71f97be,C
mmlu_pro:test:8568,math,10,34,8381,b189ec765aa7ed75c8acfea42df31fdae71f97be,I
mmlu_pro:test:8569,math,10,27,8382,b189ec765aa7ed75c8acfea42df31fdae71f97be,J
mmlu_pro:test:8570,math,10,60,8383,b189ec765aa7ed75c8acfea42df31fdae71f97be,F
mmlu_pro:test:8571,math,10,128,8384,b189ec765aa7ed75c8acfea42df31fdae71f97be,C
mmlu_pro:test:8572,math,10,31,8385,b189ec765aa7ed75c8acfea42df31fdae71f97be,D
mmlu_pro:test:8573,math,10,356,8386,b189ec765aa7ed75c8acfea42df31fdae71f97be,H
mmlu_pro:test:8574,math,10,82,8387,b189ec765aa7ed75c8acfea42df31fdae71f97be,B
mmlu_pro:test:8575,math,10,137,8388,b189ec765aa7ed75c8acfea42df31fdae71f97be,F
mmlu_pro:test:8576,math,10,185,8389,b189ec765aa7ed75c8acfea42df31fdae71f97be,H
mmlu_pro:test:8577,math,10,196,8390,b189ec765aa7ed75c8acfea42df31fdae71f97be,J
mmlu_pro:test:8578,math,10,214,8391,b189ec765aa7ed75c8acfea42df31fdae71f97be,C
mmlu_pro:test:8579,math,10,218,8392,b189ec765aa7ed75c8acfea42df31fdae71f97be,I
mmlu_pro:test:8580,math,10,370,8393,b189ec765aa7ed75c8acfea42df31fdae71f97be,J
mmlu_pro:test:8581,math,10,10,8394,b189ec765aa7ed75c8acfea42df31fdae71f97be,C
mmlu_pro:test:8582,math,10,178,8395,b189ec765aa7ed75c8acfea42df31fdae71f97be,D
mmlu_pro:test:8583,math,10,162,8396,b189ec765aa7ed75c8acfea42df31fdae71f97be,C
mmlu_pro:test:8584,math,10,35,8397,b189ec765aa7ed75c8acfea42df31fdae71f97be,F
mmlu_pro:test:8585,math,10,126,8398,b189ec765aa7ed75c8acfea42df31fdae71f97be,C
mmlu_pro:test:8586,math,10,69,8399,b189ec765aa7ed75c8acfea42df31fdae71f97be,A
mmlu_pro:test:8587,math,10,278,8400,b189ec765aa7ed75c8acfea42df31fdae71f97be,B
mmlu_pro:test:8588,math,8,104,8401,b189ec765aa7ed75c8acfea42df31fdae71f97be,A
mmlu_pro:test:8589,math,10,93,8402,b189ec765aa7ed75c8acfea42df31fdae71f97be,J
mmlu_pro:test:8590,math,10,385,8403,b189ec765aa7ed75c8acfea42df31fdae71f97be,B
mmlu_pro:test:8591,math,10,83,8404,b189ec765aa7ed75c8acfea42df31fdae71f97be,J
mmlu_pro:test:8592,math,10,187,8405,b189ec765aa7ed75c8acfea42df31fdae71f97be,H
mmlu_pro:test:8593,math,10,47,8406,b189ec765aa7ed75c8acfea42df31fdae71f97be,E
mmlu_pro:test:8594,math,10,193,8407,b189ec765aa7ed75c8acfea42df31fdae71f97be,H
mmlu_pro:test:8595,math,10,313,8408,b189ec765aa7ed75c8acfea42df31fdae71f97be,D
mmlu_pro:test:8596,math,6,71,8409,b189ec765aa7ed75c8acfea42df31fdae71f97be,E
mmlu_pro:test:8597,math,10,195,8410,b189ec765aa7ed75c8acfea42df31fdae71f97be,C
mmlu_pro:test:8598,math,10,154,8411,b189ec765aa7ed75c8acfea42df31fdae71f97be,J
mmlu_pro:test:8599,math,10,142,8412,b189ec765aa7ed75c8acfea42df31fdae71f97be,F
mmlu_pro:test:8600,math,10,281,8413,b189ec765aa7ed75c8acfea42df31fdae71f97be,B
mmlu_pro:test:8601,math,10,101,8414,b189ec765aa7ed75c8acfea42df31fdae71f97be,G
mmlu_pro:test:8602,math,10,103,8415,b189ec765aa7ed75c8acfea42df31fdae71f97be,J
mmlu_pro:test:8603,math,10,77,8416,b189ec765aa7ed75c8acfea42df31fdae71f97be,C
mmlu_pro:test:8604,math,10,146,8417,b189ec765aa7ed75c8acfea42df31fdae71f97be,I
mmlu_pro:test:8605,math,10,113,8418,b189ec765aa7ed75c8acfea42df31fdae71f97be,J
mmlu_pro:test:8606,math,10,86,8419,b189ec765aa7ed75c8acfea42df31fdae71f97be,B
mmlu_pro:test:8607,math,10,139,8420,b189ec765aa7ed75c8acfea42df31fdae71f97be,G
mmlu_pro:test:8608,math,10,265,8421,b189ec765aa7ed75c8acfea42df31fdae71f97be,I
mmlu_pro:test:8609,math,10,145,8422,b189ec765aa7ed75c8acfea42df31fdae71f97be,I
mmlu_pro:test:8610,math,10,165,8423,b189ec765aa7ed75c8acfea42df31fdae71f97be,I
mmlu_pro:test:8611,math,10,65,8424,b189ec765aa7ed75c8acfea42df31fdae71f97be,I
mmlu_pro:test:8612,math,10,228,8425,b189ec765aa7ed75c8acfea42df31fdae71f97be,I
mmlu_pro:test:8613,math,10,62,8426,b189ec765aa7ed75c8acfea42df31fdae71f97be,B
mmlu_pro:test:8614,math,10,259,8427,b189ec765aa7ed75c8acfea42df31fdae71f97be,H
mmlu_pro:test:8615,math,10,143,8428,b189ec765aa7ed75c8acfea42df31fdae71f97be,E
mmlu_pro:test:8616,math,10,156,8429,b189ec765aa7ed75c8acfea42df31fdae71f97be,C
mmlu_pro:test:8617,math,10,92,8430,b189ec765aa7ed75c8acfea42df31fdae71f97be,I
mmlu_pro:test:8618,math,10,119,8431,b189ec765aa7ed75c8acfea42df31fdae71f97be,H
mmlu_pro:test:8619,math,10,34,8432,b189ec765aa7ed75c8acfea42df31fdae71f97be,G
mmlu_pro:test:8620,math,10,185,8433,b189ec765aa7ed75c8acfea42df31fdae71f97be,F
mmlu_pro:test:8621,math,10,201,8434,b189ec765aa7ed75c8acfea42df31fdae71f97be,B
mmlu_pro:test:8622,math,10,41,8435,b189ec765aa7ed75c8acfea42df31fdae71f97be,G
mmlu_pro:test:8623,math,10,80,8436,b189ec765aa7ed75c8acfea42df31fdae71f97be,F
mmlu_pro:test:8624,math,10,74,8437,b189ec765aa7ed75c8acfea42df31fdae71f97be,F
mmlu_pro:test:8625,math,10,387,8438,b189ec765aa7ed75c8acfea42df31fdae71f97be,I
mmlu_pro:test:8626,math,10,71,8439,b189ec765aa7ed75c8acfea42df31fdae71f97be,G
mmlu_pro:test:8627,math,10,178,8440,b189ec765aa7ed75c8acfea42df31fdae71f97be,I
mmlu_pro:test:8628,math,10,81,8441,b189ec765aa7ed75c8acfea42df31fdae71f97be,H
mmlu_pro:test:8629,math,10,144,8442,b189ec765aa7ed75c8acfea42df31fdae71f97be,A
mmlu_pro:test:8630,math,10,443,8443,b189ec765aa7ed75c8acfea42df31fdae71f97be,J
mmlu_pro:test:8631,math,10,91,8444,b189ec765aa7ed75c8acfea42df31fdae71f97be,J
mmlu_pro:test:8632,math,10,369,8445,b189ec765aa7ed75c8acfea42df31fdae71f97be,I
mmlu_pro:test:8633,math,10,628,8446,b189ec765aa7ed75c8acfea42df31fdae71f97be,F
mmlu_pro:test:8634,math,10,404,8447,b189ec765aa7ed75c8acfea42df31fdae71f97be,J
mmlu_pro:test:8635,math,10,240,8448,b189ec765aa7ed75c8acfea42df31fdae71f97be,D
mmlu_pro:test:8636,math,10,237,8449,b189ec765aa7ed75c8acfea42df31fdae71f97be,J
mmlu_pro:test:8637,math,10,332,8450,b189ec765aa7ed75c8acfea42df31fdae71f97be,F
mmlu_pro:test:8638,math,10,354,8451,b189ec765aa7ed75c8acfea42df31fdae71f97be,C
mmlu_pro:test:8639,math,10,176,8452,b189ec765aa7ed75c8acfea42df31fdae71f97be,B
mmlu_pro:test:8640,math,10,189,8453,b189ec765aa7ed75c8acfea42df31fdae71f97be,A
mmlu_pro:test:8641,math,10,169,8454,b189ec765aa7ed75c8acfea42df31fdae71f97be,D
mmlu_pro:test:8642,math,10,197,8455,b189ec765aa7ed75c8acfea42df31fdae71f97be,F
mmlu_pro:test:8643,math,10,179,8456,b189ec765aa7ed75c8acfea42df31fdae71f97be,J
mmlu_pro:test:8644,math,10,178,8457,b189ec765aa7ed75c8acfea42df31fdae71f97be,E
mmlu_pro:test:8646,math,10,346,8459,b189ec765aa7ed75c8acfea42df31fdae71f97be,J
mmlu_pro:test:8647,math,10,190,8460,b189ec765aa7ed75c8acfea42df31fdae71f97be,E
mmlu_pro:test:8648,math,10,563,8461,b189ec765aa7ed75c8acfea42df31fdae71f97be,D
mmlu_pro:test:8649,math,10,295,8462,b189ec765aa7ed75c8acfea42df31fdae71f97be,A
mmlu_pro:test:8650,math,10,429,8463,b189ec765aa7ed75c8acfea42df31fdae71f97be,J
mmlu_pro:test:8651,math,10,228,8464,b189ec765aa7ed75c8acfea42df31fdae71f97be,G
mmlu_pro:test:8652,math,10,255,8465,b189ec765aa7ed75c8acfea42df31fdae71f97be,F
mmlu_pro:test:8653,math,10,83,8466,b189ec765aa7ed75c8acfea42df31fdae71f97be,G
mmlu_pro:test:8654,math,9,179,8467,b189ec765aa7ed75c8acfea42df31fdae71f97be,A
mmlu_pro:test:8655,math,4,106,8468,b189ec765aa7ed75c8acfea42df31fdae71f97be,C
mmlu_pro:test:8656,math,10,162,8469,b189ec765aa7ed75c8acfea42df31fdae71f97be,C
mmlu_pro:test:8657,math,9,179,8470,b189ec765aa7ed75c8acfea42df31fdae71f97be,C
mmlu_pro:test:8658,math,10,63,8471,b189ec765aa7ed75c8acfea42df31fdae71f97be,I
mmlu_pro:test:8659,math,10,136,8472,b189ec765aa7ed75c8acfea42df31fdae71f97be,E
mmlu_pro:test:8660,math,10,41,8473,b189ec765aa7ed75c8acfea42df31fdae71f97be,G
mmlu_pro:test:8661,math,10,42,8474,b189ec765aa7ed75c8acfea42df31fdae71f97be,F
mmlu_pro:test:8663,math,10,307,8476,b189ec765aa7ed75c8acfea42df31fdae71f97be,D
mmlu_pro:test:8664,math,10,425,8477,b189ec765aa7ed75c8acfea42df31fdae71f97be,H
mmlu_pro:test:8665,math,10,209,8478,b189ec765aa7ed75c8acfea42df31fdae71f97be,F
mmlu_pro:test:8666,math,10,255,8479,b189ec765aa7ed75c8acfea42df31fdae71f97be,G
mmlu_pro:test:8667,math,10,46,8480,b189ec765aa7ed75c8acfea42df31fdae71f97be,C
mmlu_pro:test:8669,math,10,359,8482,b189ec765aa7ed75c8acfea42df31fdae71f97be,I
mmlu_pro:test:8670,math,10,331,8483,b189ec765aa7ed75c8acfea42df31fdae71f97be,E
mmlu_pro:test:8671,math,10,329,8484,b189ec765aa7ed75c8acfea42df31fdae71f97be,F
mmlu_pro:test:8672,math,10,184,8485,b189ec765aa7ed75c8acfea42df31fdae71f97be,E
mmlu_pro:test:8673,math,10,296,8486,b189ec765aa7ed75c8acfea42df31fdae71f97be,D
mmlu_pro:test:8675,math,8,104,8488,b189ec765aa7ed75c8acfea42df31fdae71f97be,A
mmlu_pro:test:8676,math,9,102,8489,b189ec765aa7ed75c8acfea42df31fdae71f97be,A
mmlu_pro:test:8677,math,10,62,8490,b189ec765aa7ed75c8acfea42df31fdae71f97be,A
mmlu_pro:test:8678,math,10,191,8491,b189ec765aa7ed75c8acfea42df31fdae71f97be,I
mmlu_pro:test:8679,math,10,198,8492,b189ec765aa7ed75c8acfea42df31fdae71f97be,G
mmlu_pro:test:8680,math,9,202,8493,b189ec765aa7ed75c8acfea42df31fdae71f97be,C
mmlu_pro:test:8681,math,10,48,8494,b189ec765aa7ed75c8acfea42df31fdae71f97be,I
mmlu_pro:test:8682,math,10,62,8495,b189ec765aa7ed75c8acfea42df31fdae71f97be,D
mmlu_pro:test:8683,math,10,140,8496,b189ec765aa7ed75c8acfea42df31fdae71f97be,A
mmlu_pro:test:8684,math,10,37,8497,b189ec765aa7ed75c8acfea42df31fdae71f97be,A
mmlu_pro:test:8685,math,10,336,8498,b189ec765aa7ed75c8acfea42df31fdae71f97be,D
mmlu_pro:test:8686,math,10,170,8499,b189ec765aa7ed75c8acfea42df31fdae71f97be,I
mmlu_pro:test:8687,math,10,81,8500,b189ec765aa7ed75c8acfea42df31fdae71f97be,E
mmlu_pro:test:8688,math,10,168,8501,b189ec765aa7ed75c8acfea42df31fdae71f97be,E
mmlu_pro:test:8689,math,10,18,8502,b189ec765aa7ed75c8acfea42df31fdae71f97be,I
mmlu_pro:test:8690,math,10,122,8503,b189ec765aa7ed75c8acfea42df31fdae71f97be,D
mmlu_pro:test:8691,math,9,343,8504,b189ec765aa7ed75c8acfea42df31fdae71f97be,B
mmlu_pro:test:8692,math,9,181,8505,b189ec765aa7ed75c8acfea42df31fdae71f97be,H
mmlu_pro:test:8693,math,10,44,8506,b189ec765aa7ed75c8acfea42df31fdae71f97be,F
mmlu_pro:test:8694,math,10,172,8507,b189ec765aa7ed75c8acfea42df31fdae71f97be,D
mmlu_pro:test:8695,math,10,64,8508,b189ec765aa7ed75c8acfea42df31fdae71f97be,B
mmlu_pro:test:8696,math,10,310,8509,b189ec765aa7ed75c8acfea42df31fdae71f97be,C
mmlu_pro:test:8697,math,10,110,8510,b189ec765aa7ed75c8acfea42df31fdae71f97be,I
mmlu_pro:test:8698,math,4,45,8511,b189ec765aa7ed75c8acfea42df31fdae71f97be,D
mmlu_pro:test:8699,math,10,71,8512,b189ec765aa7ed75c8acfea42df31fdae71f97be,F
mmlu_pro:test:8700,math,10,113,8513,b189ec765aa7ed75c8acfea42df31fdae71f97be,J
mmlu_pro:test:8701,math,10,33,8514,b189ec765aa7ed75c8acfea42df31fdae71f97be,H
mmlu_pro:test:8702,math,10,25,8515,b189ec765aa7ed75c8acfea42df31fdae71f97be,A
mmlu_pro:test:8703,math,10,141,8516,b189ec765aa7ed75c8acfea42df31fdae71f97be,J
mmlu_pro:test:8704,math,9,231,8517,b189ec765aa7ed75c8acfea42df31fdae71f97be,A
mmlu_pro:test:8705,math,10,79,8518,b189ec765aa7ed75c8acfea42df31fdae71f97be,A
mmlu_pro:test:8706,math,10,168,8519,b189ec765aa7ed75c8acfea42df31fdae71f97be,J
mmlu_pro:test:8708,math,10,147,8520,b189ec765aa7ed75c8acfea42df31fdae71f97be,G
mmlu_pro:test:8709,math,10,167,8521,b189ec765aa7ed75c8acfea42df31fdae71f97be,C
mmlu_pro:test:8710,math,10,110,8522,b189ec765aa7ed75c8acfea42df31fdae71f97be,C
mmlu_pro:test:8711,math,10,99,8523,b189ec765aa7ed75c8acfea42df31fdae71f97be,F
mmlu_pro:test:8712,math,10,70,8524,b189ec765aa7ed75c8acfea42df31fdae71f97be,H
mmlu_pro:test:8713,math,10,52,8525,b189ec765aa7ed75c8acfea42df31fdae71f97be,B
mmlu_pro:test:8714,math,10,177,8526,b189ec765aa7ed75c8acfea42df31fdae71f97be,B
mmlu_pro:test:8715,math,10,49,8527,b189ec765aa7ed75c8acfea42df31fdae71f97be,I
mmlu_pro:test:8716,math,10,266,8528,b189ec765aa7ed75c8acfea42df31fdae71f97be,C
mmlu_pro:test:8717,math,10,64,8529,b189ec765aa7ed75c8acfea42df31fdae71f97be,A
mmlu_pro:test:8718,math,10,81,8530,b189ec765aa7ed75c8acfea42df31fdae71f97be,F
mmlu_pro:test:8719,math,10,96,8531,b189ec765aa7ed75c8acfea42df31fdae71f97be,I
mmlu_pro:test:8720,math,10,54,8532,b189ec765aa7ed75c8acfea42df31fdae71f97be,C
mmlu_pro:test:8721,math,10,86,8533,b189ec765aa7ed75c8acfea42df31fdae71f97be,D
mmlu_pro:test:8722,math,10,163,8534,b189ec765aa7ed75c8acfea42df31fdae71f97be,G
mmlu_pro:test:8723,math,10,130,8535,b189ec765aa7ed75c8acfea42df31fdae71f97be,C
mmlu_pro:test:8724,math,10,228,8536,b189ec765aa7ed75c8acfea42df31fdae71f97be,G
mmlu_pro:test:8725,math,10,225,8537,b189ec765aa7ed75c8acfea42df31fdae71f97be,B
mmlu_pro:test:8726,math,10,149,8538,b189ec765aa7ed75c8acfea42df31fdae71f97be,C
mmlu_pro:test:8727,math,10,271,8539,b189ec765aa7ed75c8acfea42df31fdae71f97be,I
mmlu_pro:test:8728,math,10,271,8540,b189ec765aa7ed75c8acfea42df31fdae71f97be,B
mmlu_pro:test:8729,math,10,148,8541,b189ec765aa7ed75c8acfea42df31fdae71f97be,E
mmlu_pro:test:8730,math,10,120,8542,b189ec765aa7ed75c8acfea42df31fdae71f97be,C
mmlu_pro:test:8731,math,10,164,8543,b189ec765aa7ed75c8acfea42df31fdae71f97be,C
mmlu_pro:test:8732,math,10,314,8544,b189ec765aa7ed75c8acfea42df31fdae71f97be,C
mmlu_pro:test:8733,math,10,159,8545,b189ec765aa7ed75c8acfea42df31fdae71f97be,J
mmlu_pro:test:8734,math,10,106,8546,b189ec765aa7ed75c8acfea42df31fdae71f97be,D
mmlu_pro:test:8735,math,10,432,8547,b189ec765aa7ed75c8acfea42df31fdae71f97be,C
mmlu_pro:test:8736,math,10,253,8548,b189ec765aa7ed75c8acfea42df31fdae71f97be,J
mmlu_pro:test:8737,math,10,128,8549,b189ec765aa7ed75c8acfea42df31fdae71f97be,F
mmlu_pro:test:8738,math,10,135,8550,b189ec765aa7ed75c8acfea42df31fdae71f97be,C
mmlu_pro:test:8739,math,10,105,8551,b189ec765aa7ed75c8acfea42df31fdae71f97be,E
mmlu_pro:test:8740,math,10,120,8552,b189ec765aa7ed75c8acfea42df31fdae71f97be,F
mmlu_pro:test:8741,math,10,179,8553,b189ec765aa7ed75c8acfea42df31fdae71f97be,H
mmlu_pro:test:8742,math,10,84,8554,b189ec765aa7ed75c8acfea42df31fdae71f97be,D
mmlu_pro:test:8743,math,10,160,8555,b189ec765aa7ed75c8acfea42df31fdae71f97be,E
mmlu_pro:test:8744,math,10,135,8556,b189ec765aa7ed75c8acfea42df31fdae71f97be,C
mmlu_pro:test:8745,math,10,109,8557,b189ec765aa7ed75c8acfea42df31fdae71f97be,G
mmlu_pro:test:8746,math,10,129,8558,b189ec765aa7ed75c8acfea42df31fdae71f97be,B
mmlu_pro:test:8747,math,10,258,8559,b189ec765aa7ed75c8acfea42df31fdae71f97be,C
mmlu_pro:test:8748,math,10,191,8560,b189ec765aa7ed75c8acfea42df31fdae71f97be,H
mmlu_pro:test:8749,math,10,71,8561,b189ec765aa7ed75c8acfea42df31fdae71f97be,J
mmlu_pro:test:8750,math,10,194,8562,b189ec765aa7ed75c8acfea42df31fdae71f97be,A
mmlu_pro:test:8751,math,10,59,8563,b189ec765aa7ed75c8acfea42df31fdae71f97be,B
mmlu_pro:test:8752,math,10,187,8564,b189ec765aa7ed75c8acfea42df31fdae71f97be,E
mmlu_pro:test:8753,math,10,134,8565,b189ec765aa7ed75c8acfea42df31fdae71f97be,D
mmlu_pro:test:8754,math,10,153,8566,b189ec765aa7ed75c8acfea42df31fdae71f97be,I
mmlu_pro:test:8755,math,4,101,8567,b189ec765aa7ed75c8acfea42df31fdae71f97be,D
mmlu_pro:test:8756,math,10,41,8568,b189ec765aa7ed75c8acfea42df31fdae71f97be,H
mmlu_pro:test:8757,math,10,76,8569,b189ec765aa7ed75c8acfea42df31fdae71f97be,A
mmlu_pro:test:8758,math,10,156,8570,b189ec765aa7ed75c8acfea42df31fdae71f97be,G
mmlu_pro:test:8759,math,10,77,8571,b189ec765aa7ed75c8acfea42df31fdae71f97be,E
mmlu_pro:test:8760,math,10,87,8572,b189ec765aa7ed75c8acfea42df31fdae71f97be,J
mmlu_pro:test:8761,math,10,143,8573,b189ec765aa7ed75c8acfea42df31fdae71f97be,F
mmlu_pro:test:8762,math,10,502,8574,b189ec765aa7ed75c8acfea42df31fdae71f97be,B
mmlu_pro:test:8763,math,10,205,8575,b189ec765aa7ed75c8acfea42df31fdae71f97be,I
mmlu_pro:test:8764,math,10,454,8576,b189ec765aa7ed75c8acfea42df31fdae71f97be,E
mmlu_pro:test:8765,math,10,290,8577,b189ec765aa7ed75c8acfea42df31fdae71f97be,G
mmlu_pro:test:8766,math,10,234,8578,b189ec765aa7ed75c8acfea42df31fdae71f97be,B
mmlu_pro:test:8767,math,10,188,8579,b189ec765aa7ed75c8acfea42df31fdae71f97be,D
mmlu_pro:test:8768,math,10,509,8580,b189ec765aa7ed75c8acfea42df31fdae71f97be,J
mmlu_pro:test:8769,math,10,112,8581,b189ec765aa7ed75c8acfea42df31fdae71f97be,F
mmlu_pro:test:8770,math,10,493,8582,b189ec765aa7ed75c8acfea42df31fdae71f97be,G
mmlu_pro:test:8771,math,10,421,8583,b189ec765aa7ed75c8acfea42df31fdae71f97be,G
mmlu_pro:test:8772,math,10,203,8584,b189ec765aa7ed75c8acfea42df31fdae71f97be,E
mmlu_pro:test:8773,math,10,86,8585,b189ec765aa7ed75c8acfea42df31fdae71f97be,H
mmlu_pro:test:8774,math,10,118,8586,b189ec765aa7ed75c8acfea42df31fdae71f97be,F
mmlu_pro:test:8775,math,10,57,8587,b189ec765aa7ed75c8acfea42df31fdae71f97be,A
mmlu_pro:test:8776,math,9,88,8588,b189ec765aa7ed75c8acfea42df31fdae71f97be,A
mmlu_pro:test:8777,math,10,44,8589,b189ec765aa7ed75c8acfea42df31fdae71f97be,I
mmlu_pro:test:8778,math,4,202,8590,b189ec765aa7ed75c8acfea42df31fdae71f97be,D
mmlu_pro:test:8779,math,5,72,8591,b189ec765aa7ed75c8acfea42df31fdae71f97be,C
mmlu_pro:test:8780,math,10,98,8592,b189ec765aa7ed75c8acfea42df31fdae71f97be,I
mmlu_pro:test:8781,math,10,382,8593,b189ec765aa7ed75c8acfea42df31fdae71f97be,F
mmlu_pro:test:8782,math,10,570,8594,b189ec765aa7ed75c8acfea42df31fdae71f97be,C
mmlu_pro:test:8783,math,10,378,8595,b189ec765aa7ed75c8acfea42df31fdae71f97be,A
mmlu_pro:test:8784,math,10,34,8596,b189ec765aa7ed75c8acfea42df31fdae71f97be,H
mmlu_pro:test:8785,math,10,37,8597,b189ec765aa7ed75c8acfea42df31fdae71f97be,A
mmlu_pro:test:8786,math,8,297,8598,b189ec765aa7ed75c8acfea42df31fdae71f97be,C
mmlu_pro:test:8787,math,8,56,8599,b189ec765aa7ed75c8acfea42df31fdae71f97be,F
mmlu_pro:test:8788,math,10,130,8600,b189ec765aa7ed75c8acfea42df31fdae71f97be,G
mmlu_pro:test:8789,math,10,35,8601,b189ec765aa7ed75c8acfea42df31fdae71f97be,A
mmlu_pro:test:8790,math,10,30,8602,b189ec765aa7ed75c8acfea42df31fdae71f97be,I
mmlu_pro:test:8791,math,10,202,8603,b189ec765aa7ed75c8acfea42df31fdae71f97be,G
mmlu_pro:test:8792,math,10,32,8604,b189ec765aa7ed75c8acfea42df31fdae71f97be,I
mmlu_pro:test:8793,math,10,105,8605,b189ec765aa7ed75c8acfea42df31fdae71f97be,G
mmlu_pro:test:8794,math,7,141,8606,b189ec765aa7ed75c8acfea42df31fdae71f97be,E
mmlu_pro:test:8795,math,5,18,8607,b189ec765aa7ed75c8acfea42df31fdae71f97be,A
mmlu_pro:test:8796,math,10,32,8608,b189ec765aa7ed75c8acfea42df31fdae71f97be,B
mmlu_pro:test:8797,math,10,178,8609,b189ec765aa7ed75c8acfea42df31fdae71f97be,B
mmlu_pro:test:8798,math,10,57,8610,b189ec765aa7ed75c8acfea42df31fdae71f97be,G
mmlu_pro:test:8799,math,7,25,8611,b189ec765aa7ed75c8acfea42df31fdae71f97be,G
mmlu_pro:test:8800,math,9,152,8612,b189ec765aa7ed75c8acfea42df31fdae71f97be,H
mmlu_pro:test:8801,math,9,45,8613,b189ec765aa7ed75c8acfea42df31fdae71f97be,B
mmlu_pro:test:8802,math,10,90,8614,b189ec765aa7ed75c8acfea42df31fdae71f97be,C
mmlu_pro:test:8803,math,10,166,8615,b189ec765aa7ed75c8acfea42df31fdae71f97be,F
mmlu_pro:test:8804,math,10,107,8616,b189ec765aa7ed75c8acfea42df31fdae71f97be,A
mmlu_pro:test:8805,math,10,217,8617,b189ec765aa7ed75c8acfea42df31fdae71f97be,I
mmlu_pro:test:8806,math,10,139,8618,b189ec765aa7ed75c8acfea42df31fdae71f97be,F
mmlu_pro:test:8807,math,10,365,8619,b189ec765aa7ed75c8acfea42df31fdae71f97be,C
mmlu_pro:test:8808,math,10,121,8620,b189ec765aa7ed75c8acfea42df31fdae71f97be,C
mmlu_pro:test:8809,math,10,351,8621,b189ec765aa7ed75c8acfea42df31fdae71f97be,D
mmlu_pro:test:8810,math,10,171,8622,b189ec765aa7ed75c8acfea42df31fdae71f97be,H
mmlu_pro:test:8811,math,10,83,8623,b189ec765aa7ed75c8acfea42df31fdae71f97be,C
mmlu_pro:test:8812,math,10,180,8624,b189ec765aa7ed75c8acfea42df31fdae71f97be,B
mmlu_pro:test:8813,math,10,199,8625,b189ec765aa7ed75c8acfea42df31fdae71f97be,I
mmlu_pro:test:8814,math,10,102,8626,b189ec765aa7ed75c8acfea42df31fdae71f97be,C
mmlu_pro:test:8815,math,10,77,8627,b189ec765aa7ed75c8acfea42df31fdae71f97be,E
mmlu_pro:test:8816,math,10,107,8628,b189ec765aa7ed75c8acfea42df31fdae71f97be,B
mmlu_pro:test:8817,math,10,175,8629,b189ec765aa7ed75c8acfea42df31fdae71f97be,A
mmlu_pro:test:8818,math,10,261,8630,b189ec765aa7ed75c8acfea42df31fdae71f97be,G
mmlu_pro:test:8819,math,10,125,8631,b189ec765aa7ed75c8acfea42df31fdae71f97be,J
mmlu_pro:test:8820,math,10,247,8632,b189ec765aa7ed75c8acfea42df31fdae71f97be,C
mmlu_pro:test:8821,math,9,140,8633,b189ec765aa7ed75c8acfea42df31fdae71f97be,H
mmlu_pro:test:8822,math,10,131,8634,b189ec765aa7ed75c8acfea42df31fdae71f97be,E
mmlu_pro:test:8823,math,10,205,8635,b189ec765aa7ed75c8acfea42df31fdae71f97be,I
mmlu_pro:test:8824,math,10,117,8636,b189ec765aa7ed75c8acfea42df31fdae71f97be,D
mmlu_pro:test:8825,math,10,108,8637,b189ec765aa7ed75c8acfea42df31fdae71f97be,D
mmlu_pro:test:8826,math,10,136,8638,b189ec765aa7ed75c8acfea42df31fdae71f97be,C
mmlu_pro:test:8827,math,10,133,8639,b189ec765aa7ed75c8acfea42df31fdae71f97be,C
mmlu_pro:test:8828,math,10,224,8640,b189ec765aa7ed75c8acfea42df31fdae71f97be,A
mmlu_pro:test:8829,math,10,77,8641,b189ec765aa7ed75c8acfea42df31fdae71f97be,A
mmlu_pro:test:8831,math,10,79,8643,b189ec765aa7ed75c8acfea42df31fdae71f97be,G
mmlu_pro:test:8832,math,10,156,8644,b189ec765aa7ed75c8acfea42df31fdae71f97be,D
mmlu_pro:test:8833,math,10,104,8645,b189ec765aa7ed75c8acfea42df31fdae71f97be,F
mmlu_pro:test:8834,math,10,106,8646,b189ec765aa7ed75c8acfea42df31fdae71f97be,G
mmlu_pro:test:8835,math,10,87,8647,b189ec765aa7ed75c8acfea42df31fdae71f97be,E
mmlu_pro:test:8836,math,10,91,8648,b189ec765aa7ed75c8acfea42df31fdae71f97be,H
mmlu_pro:test:8838,math,10,270,8650,b189ec765aa7ed75c8acfea42df31fdae71f97be,F
mmlu_pro:test:8839,math,10,215,8651,b189ec765aa7ed75c8acfea42df31fdae71f97be,E
mmlu_pro:test:8840,math,10,85,8652,b189ec765aa7ed75c8acfea42df31fdae71f97be,B
mmlu_pro:test:8841,math,10,151,8653,b189ec765aa7ed75c8acfea42df31fdae71f97be,J
mmlu_pro:test:8842,math,10,60,8654,b189ec765aa7ed75c8acfea42df31fdae71f97be,C
mmlu_pro:test:8843,math,10,182,8655,b189ec765aa7ed75c8acfea42df31fdae71f97be,I
mmlu_pro:test:8844,math,10,487,8656,b189ec765aa7ed75c8acfea42df31fdae71f97be,E
mmlu_pro:test:8845,math,10,570,8657,b189ec765aa7ed75c8acfea42df31fdae71f97be,F
mmlu_pro:test:8846,math,10,83,8658,b189ec765aa7ed75c8acfea42df31fdae71f97be,C
mmlu_pro:test:8847,math,10,154,8659,b189ec765aa7ed75c8acfea42df31fdae71f97be,G
mmlu_pro:test:8848,math,10,190,8660,b189ec765aa7ed75c8acfea42df31fdae71f97be,B
mmlu_pro:test:8849,math,10,183,8661,b189ec765aa7ed75c8acfea42df31fdae71f97be,B
mmlu_pro:test:8850,math,10,102,8662,b189ec765aa7ed75c8acfea42df31fdae71f97be,G
mmlu_pro:test:8851,math,10,284,8663,b189ec765aa7ed75c8acfea42df31fdae71f97be,J
mmlu_pro:test:8852,math,10,248,8664,b189ec765aa7ed75c8acfea42df31fdae71f97be,F
mmlu_pro:test:8853,math,10,47,8665,b189ec765aa7ed75c8acfea42df31fdae71f97be,C
mmlu_pro:test:8854,math,10,65,8666,b189ec765aa7ed75c8acfea42df31fdae71f97be,F
mmlu_pro:test:8855,math,10,162,8667,b189ec765aa7ed75c8acfea42df31fdae71f97be,A
mmlu_pro:test:8856,math,10,197,8668,b189ec765aa7ed75c8acfea42df31fdae71f97be,G
mmlu_pro:test:8858,math,10,377,8670,b189ec765aa7ed75c8acfea42df31fdae71f97be,H
mmlu_pro:test:8859,math,10,472,8671,b189ec765aa7ed75c8acfea42df31fdae71f97be,B
mmlu_pro:test:8860,math,10,213,8672,b189ec765aa7ed75c8acfea42df31fdae71f97be,G
mmlu_pro:test:8861,math,10,186,8673,b189ec765aa7ed75c8acfea42df31fdae71f97be,D
mmlu_pro:test:8862,math,10,178,8674,b189ec765aa7ed75c8acfea42df31fdae71f97be,C
mmlu_pro:test:8864,math,10,72,8676,b189ec765aa7ed75c8acfea42df31fdae71f97be,G
mmlu_pro:test:8865,math,10,341,8677,b189ec765aa7ed75c8acfea42df31fdae71f97be,I
mmlu_pro:test:8866,math,10,243,8678,b189ec765aa7ed75c8acfea42df31fdae71f97be,F
mmlu_pro:test:8867,math,10,268,8679,b189ec765aa7ed75c8acfea42df31fdae71f97be,D
mmlu_pro:test:8868,math,10,567,8680,b189ec765aa7ed75c8acfea42df31fdae71f97be,H
mmlu_pro:test:8869,math,10,279,8681,b189ec765aa7ed75c8acfea42df31fdae71f97be,G
mmlu_pro:test:8870,math,10,655,8682,b189ec765aa7ed75c8acfea42df31fdae71f97be,D
mmlu_pro:test:8871,math,10,161,8683,b189ec765aa7ed75c8acfea42df31fdae71f97be,I
mmlu_pro:test:8872,math,4,207,8684,b189ec765aa7ed75c8acfea42df31fdae71f97be,A
mmlu_pro:test:8873,math,4,132,8685,b189ec765aa7ed75c8acfea42df31fdae71f97be,D
mmlu_pro:test:8874,math,10,55,8686,b189ec765aa7ed75c8acfea42df31fdae71f97be,I
mmlu_pro:test:8876,math,10,173,8688,b189ec765aa7ed75c8acfea42df31fdae71f97be,E
mmlu_pro:test:8877,math,10,76,8689,b189ec765aa7ed75c8acfea42df31fdae71f97be,D
mmlu_pro:test:8878,math,10,103,8690,b189ec765aa7ed75c8acfea42df31fdae71f97be,I
mmlu_pro:test:8879,math,10,42,8691,b189ec765aa7ed75c8acfea42df31fdae71f97be,G
mmlu_pro:test:8880,math,5,96,8692,b189ec765aa7ed75c8acfea42df31fdae71f97be,A
mmlu_pro:test:8881,math,10,73,8693,b189ec765aa7ed75c8acfea42df31fdae71f97be,J
mmlu_pro:test:8882,math,10,249,8694,b189ec765aa7ed75c8acfea42df31fdae71f97be,A
mmlu_pro:test:8883,math,10,318,8695,b189ec765aa7ed75c8acfea42df31fdae71f97be,A
mmlu_pro:test:8884,math,5,79,8696,b189ec765aa7ed75c8acfea42df31fdae71f97be,D
mmlu_pro:test:8885,math,10,329,8697,b189ec765aa7ed75c8acfea42df31fdae71f97be,H
mmlu_pro:test:8886,math,10,126,8698,b189ec765aa7ed75c8acfea42df31fdae71f97be,G
mmlu_pro:test:8887,math,10,136,8699,b189ec765aa7ed75c8acfea42df31fdae71f97be,I
mmlu_pro:test:8888,math,10,33,8700,b189ec765aa7ed75c8acfea42df31fdae71f97be,H
mmlu_pro:test:8889,math,10,50,8701,b189ec765aa7ed75c8acfea42df31fdae71f97be,B
mmlu_pro:test:8890,math,10,120,8702,b189ec765aa7ed75c8acfea42df31fdae71f97be,A
mmlu_pro:test:8891,math,10,55,8703,b189ec765aa7ed75c8acfea42df31fdae71f97be,I
mmlu_pro:test:8892,math,10,180,8704,b189ec765aa7ed75c8acfea42df31fdae71f97be,C
mmlu_pro:test:8893,math,10,58,8705,b189ec765aa7ed75c8acfea42df31fdae71f97be,A
mmlu_pro:test:8894,math,10,238,8706,b189ec765aa7ed75c8acfea42df31fdae71f97be,C
mmlu_pro:test:8895,math,10,111,8707,b189ec765aa7ed75c8acfea42df31fdae71f97be,H
mmlu_pro:test:8896,math,10,132,8708,b189ec765aa7ed75c8acfea42df31fdae71f97be,I
mmlu_pro:test:8897,math,10,268,8709,b189ec765aa7ed75c8acfea42df31fdae71f97be,A
mmlu_pro:test:8898,math,9,195,8710,b189ec765aa7ed75c8acfea42df31fdae71f97be,D
mmlu_pro:test:8899,math,10,46,8711,b189ec765aa7ed75c8acfea42df31fdae71f97be,F
mmlu_pro:test:8900,math,10,177,8712,b189ec765aa7ed75c8acfea42df31fdae71f97be,H
mmlu_pro:test:8901,math,10,267,8713,b189ec765aa7ed75c8acfea42df31fdae71f97be,A
mmlu_pro:test:8902,math,10,258,8714,b189ec765aa7ed75c8acfea42df31fdae71f97be,D
mmlu_pro:test:8903,math,10,269,8715,b189ec765aa7ed75c8acfea42df31fdae71f97be,F
mmlu_pro:test:8904,math,10,20,8716,b189ec765aa7ed75c8acfea42df31fdae71f97be,J
mmlu_pro:test:8905,math,10,62,8717,b189ec765aa7ed75c8acfea42df31fdae71f97be,A
mmlu_pro:test:8906,math,10,81,8718,b189ec765aa7ed75c8acfea42df31fdae71f97be,G
mmlu_pro:test:8907,math,10,26,8719,b189ec765aa7ed75c8acfea42df31fdae71f97be,G
mmlu_pro:test:8908,math,10,157,8720,b189ec765aa7ed75c8acfea42df31fdae71f97be,G
mmlu_pro:test:8909,math,10,60,8721,b189ec765aa7ed75c8acfea42df31fdae71f97be,C
mmlu_pro:test:8910,math,10,99,8722,b189ec765aa7ed75c8acfea42df31fdae71f97be,G
mmlu_pro:test:8911,math,10,105,8723,b189ec765aa7ed75c8acfea42df31fdae71f97be,C
mmlu_pro:test:8912,math,10,226,8724,b189ec765aa7ed75c8acfea42df31fdae71f97be,C
mmlu_pro:test:8913,math,9,180,8725,b189ec765aa7ed75c8acfea42df31fdae71f97be,E
mmlu_pro:test:8914,math,10,67,8726,b189ec765aa7ed75c8acfea42df31fdae71f97be,A
mmlu_pro:test:8916,math,10,110,8727,b189ec765aa7ed75c8acfea42df31fdae71f97be,A
mmlu_pro:test:8917,math,10,118,8728,b189ec765aa7ed75c8acfea42df31fdae71f97be,D
mmlu_pro:test:8918,math,10,87,8729,b189ec765aa7ed75c8acfea42df31fdae71f97be,H
mmlu_pro:test:8919,math,10,153,8730,b189ec765aa7ed75c8acfea42df31fdae71f97be,I
mmlu_pro:test:8920,math,10,21,8731,b189ec765aa7ed75c8acfea42df31fdae71f97be,E
mmlu_pro:test:8921,math,10,141,8732,b189ec765aa7ed75c8acfea42df31fdae71f97be,J
mmlu_pro:test:8922,math,10,265,8733,b189ec765aa7ed75c8acfea42df31fdae71f97be,G
mmlu_pro:test:8924,math,10,74,8735,b189ec765aa7ed75c8acfea42df31fdae71f97be,J
mmlu_pro:test:8925,math,10,294,8736,b189ec765aa7ed75c8acfea42df31fdae71f97be,C
mmlu_pro:test:8926,math,10,58,8737,b189ec765aa7ed75c8acfea42df31fdae71f97be,C
mmlu_pro:test:8927,math,10,110,8738,b189ec765aa7ed75c8acfea42df31fdae71f97be,B
mmlu_pro:test:8928,math,10,219,8739,b189ec765aa7ed75c8acfea42df31fdae71f97be,F
mmlu_pro:test:8929,math,10,357,8740,b189ec765aa7ed75c8acfea42df31fdae71f97be,H
mmlu_pro:test:8930,math,10,126,8741,b189ec765aa7ed75c8acfea42df31fdae71f97be,J
mmlu_pro:test:8931,math,10,59,8742,b189ec765aa7ed75c8acfea42df31fdae71f97be,G
mmlu_pro:test:8932,math,10,28,8743,b189ec765aa7ed75c8acfea42df31fdae71f97be,G
mmlu_pro:test:8933,math,8,239,8744,b189ec765aa7ed75c8acfea42df31fdae71f97be,E
mmlu_pro:test:8934,math,10,118,8745,b189ec765aa7ed75c8acfea42df31fdae71f97be,E
mmlu_pro:test:8935,math,10,60,8746,b189ec765aa7ed75c8acfea42df31fdae71f97be,E
mmlu_pro:test:8936,math,10,66,8747,b189ec765aa7ed75c8acfea42df31fdae71f97be,G
mmlu_pro:test:8937,math,10,87,8748,b189ec765aa7ed75c8acfea42df31fdae71f97be,E
mmlu_pro:test:8938,math,10,115,8749,b189ec765aa7ed75c8acfea42df31fdae71f97be,G
mmlu_pro:test:8939,math,10,346,8750,b189ec765aa7ed75c8acfea42df31fdae71f97be,A
mmlu_pro:test:8940,math,10,121,8751,b189ec765aa7ed75c8acfea42df31fdae71f97be,A
mmlu_pro:test:8941,math,10,220,8752,b189ec765aa7ed75c8acfea42df31fdae71f97be,I
mmlu_pro:test:8942,math,8,861,8753,b189ec765aa7ed75c8acfea42df31fdae71f97be,F
mmlu_pro:test:8943,math,10,174,8754,b189ec765aa7ed75c8acfea42df31fdae71f97be,A
mmlu_pro:test:8944,math,10,100,8755,b189ec765aa7ed75c8acfea42df31fdae71f97be,G
mmlu_pro:test:8945,math,10,159,8756,b189ec765aa7ed75c8acfea42df31fdae71f97be,G
mmlu_pro:test:8946,math,10,157,8757,b189ec765aa7ed75c8acfea42df31fdae71f97be,J
mmlu_pro:test:8947,math,10,88,8758,b189ec765aa7ed75c8acfea42df31fdae71f97be,B
mmlu_pro:test:8948,math,10,158,8759,b189ec765aa7ed75c8acfea42df31fdae71f97be,D
mmlu_pro:test:8949,math,10,79,8760,b189ec765aa7ed75c8acfea42df31fdae71f97be,C
mmlu_pro:test:8950,math,10,55,8761,b189ec765aa7ed75c8acfea42df31fdae71f97be,H
mmlu_pro:test:8951,math,10,94,8762,b189ec765aa7ed75c8acfea42df31fdae71f97be,D
mmlu_pro:test:8953,math,10,136,8764,b189ec765aa7ed75c8acfea42df31fdae71f97be,D
mmlu_pro:test:8954,math,10,132,8765,b189ec765aa7ed75c8acfea42df31fdae71f97be,J
mmlu_pro:test:8955,math,10,75,8766,b189ec765aa7ed75c8acfea42df31fdae71f97be,D
mmlu_pro:test:8956,math,10,154,8767,b189ec765aa7ed75c8acfea42df31fdae71f97be,J
mmlu_pro:test:8957,math,10,223,8768,b189ec765aa7ed75c8acfea42df31fdae71f97be,E
mmlu_pro:test:8958,math,10,264,8769,b189ec765aa7ed75c8acfea42df31fdae71f97be,F
mmlu_pro:test:8959,math,10,333,8770,b189ec765aa7ed75c8acfea42df31fdae71f97be,A
mmlu_pro:test:8960,math,10,166,8771,b189ec765aa7ed75c8acfea42df31fdae71f97be,C
mmlu_pro:test:8961,math,10,256,8772,b189ec765aa7ed75c8acfea42df31fdae71f97be,J
mmlu_pro:test:8962,math,10,156,8773,b189ec765aa7ed75c8acfea42df31fdae71f97be,G
mmlu_pro:test:8963,math,10,120,8774,b189ec765aa7ed75c8acfea42df31fdae71f97be,C
mmlu_pro:test:8964,math,10,650,8775,b189ec765aa7ed75c8acfea42df31fdae71f97be,H
mmlu_pro:test:8965,math,10,165,8776,b189ec765aa7ed75c8acfea42df31fdae71f97be,J
mmlu_pro:test:8966,math,10,139,8777,b189ec765aa7ed75c8acfea42df31fdae71f97be,I
mmlu_pro:test:8967,math,10,114,8778,b189ec765aa7ed75c8acfea42df31fdae71f97be,H
mmlu_pro:test:8968,math,10,115,8779,b189ec765aa7ed75c8acfea42df31fdae71f97be,G
mmlu_pro:test:8969,math,10,348,8780,b189ec765aa7ed75c8acfea42df31fdae71f97be,F
mmlu_pro:test:8970,math,10,211,8781,b189ec765aa7ed75c8acfea42df31fdae71f97be,E
mmlu_pro:test:8971,math,10,143,8782,b189ec765aa7ed75c8acfea42df31fdae71f97be,I
mmlu_pro:test:8972,math,10,97,8783,b189ec765aa7ed75c8acfea42df31fdae71f97be,A
mmlu_pro:test:8973,math,10,42,8784,b189ec765aa7ed75c8acfea42df31fdae71f97be,G
mmlu_pro:test:8974,math,10,218,8785,b189ec765aa7ed75c8acfea42df31fdae71f97be,C
mmlu_pro:test:8975,math,4,211,8786,b189ec765aa7ed75c8acfea42df31fdae71f97be,C
mmlu_pro:test:8976,math,10,313,8787,b189ec765aa7ed75c8acfea42df31fdae71f97be,C
mmlu_pro:test:8977,math,10,518,8788,b189ec765aa7ed75c8acfea42df31fdae71f97be,J
mmlu_pro:test:8978,math,10,82,8789,b189ec765aa7ed75c8acfea42df31fdae71f97be,H
mmlu_pro:test:8979,math,10,181,8790,b189ec765aa7ed75c8acfea42df31fdae71f97be,J
mmlu_pro:test:8981,math,8,76,8792,b189ec765aa7ed75c8acfea42df31fdae71f97be,G
mmlu_pro:test:8982,math,10,487,8793,b189ec765aa7ed75c8acfea42df31fdae71f97be,D
mmlu_pro:test:8983,math,10,315,8794,b189ec765aa7ed75c8acfea42df31fdae71f97be,H
mmlu_pro:test:8984,math,10,159,8795,b189ec765aa7ed75c8acfea42df31fdae71f97be,D
mmlu_pro:test:8985,math,10,117,8796,b189ec765aa7ed75c8acfea42df31fdae71f97be,F
mmlu_pro:test:8986,math,10,253,8797,b189ec765aa7ed75c8acfea42df31fdae71f97be,I
mmlu_pro:test:8987,math,10,29,8798,b189ec765aa7ed75c8acfea42df31fdae71f97be,D
mmlu_pro:test:8988,math,10,85,8799,b189ec765aa7ed75c8acfea42df31fdae71f97be,H
mmlu_pro:test:8989,math,10,73,8800,b189ec765aa7ed75c8acfea42df31fdae71f97be,H
mmlu_pro:test:8990,math,10,249,8801,b189ec765aa7ed75c8acfea42df31fdae71f97be,A
mmlu_pro:test:8991,math,10,137,8802,b189ec765aa7ed75c8acfea42df31fdae71f97be,I
mmlu_pro:test:8992,math,10,95,8803,b189ec765aa7ed75c8acfea42df31fdae71f97be,F
mmlu_pro:test:8993,math,10,29,8804,b189ec765aa7ed75c8acfea42df31fdae71f97be,H
mmlu_pro:test:8994,math,10,100,8805,b189ec765aa7ed75c8acfea42df31fdae71f97be,G
mmlu_pro:test:8995,math,10,28,8806,b189ec765aa7ed75c8acfea42df31fdae71f97be,C
mmlu_pro:test:8996,math,10,173,8807,b189ec765aa7ed75c8acfea42df31fdae71f97be,A
mmlu_pro:test:8997,math,10,98,8808,b189ec765aa7ed75c8acfea42df31fdae71f97be,I
mmlu_pro:test:8998,math,6,147,8809,b189ec765aa7ed75c8acfea42df31fdae71f97be,C
mmlu_pro:test:8999,math,10,21,8810,b189ec765aa7ed75c8acfea42df31fdae71f97be,C
mmlu_pro:test:9000,math,8,198,8811,b189ec765aa7ed75c8acfea42df31fdae71f97be,D
mmlu_pro:test:9001,math,10,301,8812,b189ec765aa7ed75c8acfea42df31fdae71f97be,G
mmlu_pro:test:9002,math,10,67,8813,b189ec765aa7ed75c8acfea42df31fdae71f97be,G
mmlu_pro:test:9003,math,10,76,8814,b189ec765aa7ed75c8acfea42df31fdae71f97be,C
mmlu_pro:test:9004,math,10,158,8815,b189ec765aa7ed75c8acfea42df31fdae71f97be,G
mmlu_pro:test:9005,math,10,152,8816,b189ec765aa7ed75c8acfea42df31fdae71f97be,I
mmlu_pro:test:9006,math,10,176,8817,b189ec765aa7ed75c8acfea42df31fdae71f97be,F
mmlu_pro:test:9007,math,9,198,8818,b189ec765aa7ed75c8acfea42df31fdae71f97be,C
mmlu_pro:test:9008,math,10,153,8819,b189ec765aa7ed75c8acfea42df31fdae71f97be,C
mmlu_pro:test:9009,math,10,257,8820,b189ec765aa7ed75c8acfea42df31fdae71f97be,B
mmlu_pro:test:9010,math,10,96,8821,b189ec765aa7ed75c8acfea42df31fdae71f97be,G
mmlu_pro:test:9011,math,10,59,8822,b189ec765aa7ed75c8acfea42df31fdae71f97be,J
mmlu_pro:test:9012,math,10,231,8823,b189ec765aa7ed75c8acfea42df31fdae71f97be,J
mmlu_pro:test:9013,math,10,223,8824,b189ec765aa7ed75c8acfea42df31fdae71f97be,F
mmlu_pro:test:9014,math,10,26,8825,b189ec765aa7ed75c8acfea42df31fdae71f97be,G
mmlu_pro:test:9015,math,10,32,8826,b189ec765aa7ed75c8acfea42df31fdae71f97be,H
mmlu_pro:test:9016,math,10,62,8827,b189ec765aa7ed75c8acfea42df31fdae71f97be,C
mmlu_pro:test:9017,math,10,72,8828,b189ec765aa7ed75c8acfea42df31fdae71f97be,I
mmlu_pro:test:9019,math,10,304,8830,b189ec765aa7ed75c8acfea42df31fdae71f97be,B
mmlu_pro:test:9021,math,10,66,8832,b189ec765aa7ed75c8acfea42df31fdae71f97be,D
mmlu_pro:test:9023,math,10,181,8834,b189ec765aa7ed75c8acfea42df31fdae71f97be,D
mmlu_pro:test:9024,math,10,196,8835,b189ec765aa7ed75c8acfea42df31fdae71f97be,F
mmlu_pro:test:9025,math,10,503,8836,b189ec765aa7ed75c8acfea42df31fdae71f97be,C
mmlu_pro:test:9026,math,10,189,8837,b189ec765aa7ed75c8acfea42df31fdae71f97be,J
mmlu_pro:test:9027,math,10,177,8838,b189ec765aa7ed75c8acfea42df31fdae71f97be,B
mmlu_pro:test:9028,math,10,127,8839,b189ec765aa7ed75c8acfea42df31fdae71f97be,A
mmlu_pro:test:9029,math,10,44,8840,b189ec765aa7ed75c8acfea42df31fdae71f97be,C
mmlu_pro:test:9030,math,10,154,8841,b189ec765aa7ed75c8acfea42df31fdae71f97be,D
mmlu_pro:test:9031,math,10,59,8842,b189ec765aa7ed75c8acfea42df31fdae71f97be,G
mmlu_pro:test:9032,math,10,115,8843,b189ec765aa7ed75c8acfea42df31fdae71f97be,E
mmlu_pro:test:9033,math,10,87,8844,b189ec765aa7ed75c8acfea42df31fdae71f97be,J
mmlu_pro:test:9034,math,10,140,8845,b189ec765aa7ed75c8acfea42df31fdae71f97be,F
mmlu_pro:test:9035,math,10,168,8846,b189ec765aa7ed75c8acfea42df31fdae71f97be,I
mmlu_pro:test:9036,math,10,136,8847,b189ec765aa7ed75c8acfea42df31fdae71f97be,D
mmlu_pro:test:9037,math,10,87,8848,b189ec765aa7ed75c8acfea42df31fdae71f97be,J
mmlu_pro:test:9039,math,10,291,8850,b189ec765aa7ed75c8acfea42df31fdae71f97be,B
mmlu_pro:test:9040,math,10,405,8851,b189ec765aa7ed75c8acfea42df31fdae71f97be,C
mmlu_pro:test:9041,math,10,291,8852,b189ec765aa7ed75c8acfea42df31fdae71f97be,F
mmlu_pro:test:9042,math,10,183,8853,b189ec765aa7ed75c8acfea42df31fdae71f97be,E
mmlu_pro:test:9043,math,10,98,8854,b189ec765aa7ed75c8acfea42df31fdae71f97be,I
mmlu_pro:test:9044,physics,9,78,8855,b189ec765aa7ed75c8acfea42df31fdae71f97be,I
mmlu_pro:test:9045,physics,10,68,8856,b189ec765aa7ed75c8acfea42df31fdae71f97be,D
mmlu_pro:test:9046,physics,9,76,8857,b189ec765aa7ed75c8acfea42df31fdae71f97be,D
mmlu_pro:test:9047,physics,10,51,8858,b189ec765aa7ed75c8acfea42df31fdae71f97be,B
mmlu_pro:test:9048,physics,10,62,8859,b189ec765aa7ed75c8acfea42df31fdae71f97be,J
mmlu_pro:test:9049,physics,10,36,8860,b189ec765aa7ed75c8acfea42df31fdae71f97be,F
mmlu_pro:test:9050,physics,10,233,8861,b189ec765aa7ed75c8acfea42df31fdae71f97be,G
mmlu_pro:test:9051,physics,10,245,8862,b189ec765aa7ed75c8acfea42df31fdae71f97be,E
mmlu_pro:test:9052,physics,10,384,8863,b189ec765aa7ed75c8acfea42df31fdae71f97be,C
mmlu_pro:test:9053,physics,10,294,8864,b189ec765aa7ed75c8acfea42df31fdae71f97be,J
mmlu_pro:test:9054,physics,10,179,8865,b189ec765aa7ed75c8acfea42df31fdae71f97be,H
mmlu_pro:test:9055,physics,10,288,8866,b189ec765aa7ed75c8acfea42df31fdae71f97be,F
mmlu_pro:test:9056,physics,10,149,8867,b189ec765aa7ed75c8acfea42df31fdae71f97be,I
mmlu_pro:test:9057,physics,10,384,8868,b189ec765aa7ed75c8acfea42df31fdae71f97be,D
mmlu_pro:test:9058,physics,10,305,8869,b189ec765aa7ed75c8acfea42df31fdae71f97be,E
mmlu_pro:test:9059,physics,10,237,8870,b189ec765aa7ed75c8acfea42df31fdae71f97be,B
mmlu_pro:test:9060,physics,10,290,8871,b189ec765aa7ed75c8acfea42df31fdae71f97be,A
mmlu_pro:test:9061,physics,10,338,8872,b189ec765aa7ed75c8acfea42df31fdae71f97be,C
mmlu_pro:test:9062,physics,10,154,8873,b189ec765aa7ed75c8acfea42df31fdae71f97be,A
mmlu_pro:test:9063,physics,10,134,8874,b189ec765aa7ed75c8acfea42df31fdae71f97be,J
mmlu_pro:test:9064,physics,10,122,8875,b189ec765aa7ed75c8acfea42df31fdae71f97be,D
mmlu_pro:test:9065,physics,10,266,8876,b189ec765aa7ed75c8acfea42df31fdae71f97be,B
mmlu_pro:test:9066,physics,10,184,8877,b189ec765aa7ed75c8acfea42df31fdae71f97be,B
mmlu_pro:test:9067,physics,10,202,8878,b189ec765aa7ed75c8acfea42df31fdae71f97be,B
mmlu_pro:test:9068,physics,10,312,8879,b189ec765aa7ed75c8acfea42df31fdae71f97be,C
mmlu_pro:test:9069,physics,10,59,8880,b189ec765aa7ed75c8acfea42df31fdae71f97be,G
mmlu_pro:test:9070,physics,10,250,8881,b189ec765aa7ed75c8acfea42df31fdae71f97be,D
mmlu_pro:test:9071,physics,10,299,8882,b189ec765aa7ed75c8acfea42df31fdae71f97be,D
mmlu_pro:test:9072,physics,10,91,8883,b189ec765aa7ed75c8acfea42df31fdae71f97be,F
mmlu_pro:test:9073,physics,10,158,8884,b189ec765aa7ed75c8acfea42df31fdae71f97be,B
mmlu_pro:test:9074,physics,10,179,8885,b189ec765aa7ed75c8acfea42df31fdae71f97be,H
mmlu_pro:test:9075,physics,10,156,8886,b189ec765aa7ed75c8acfea42df31fdae71f97be,H
mmlu_pro:test:9076,physics,10,207,8887,b189ec765aa7ed75c8acfea42df31fdae71f97be,D
mmlu_pro:test:9077,physics,10,90,8888,b189ec765aa7ed75c8acfea42df31fdae71f97be,J
mmlu_pro:test:9078,physics,10,185,8889,b189ec765aa7ed75c8acfea42df31fdae71f97be,A
mmlu_pro:test:9079,physics,10,190,8890,b189ec765aa7ed75c8acfea42df31fdae71f97be,J
mmlu_pro:test:9080,physics,10,131,8891,b189ec765aa7ed75c8acfea42df31fdae71f97be,E
mmlu_pro:test:9081,physics,10,71,8892,b189ec765aa7ed75c8acfea42df31fdae71f97be,H
mmlu_pro:test:9082,physics,10,166,8893,b189ec765aa7ed75c8acfea42df31fdae71f97be,E
mmlu_pro:test:9083,physics,10,151,8894,b189ec765aa7ed75c8acfea42df31fdae71f97be,I
mmlu_pro:test:9084,physics,10,352,8895,b189ec765aa7ed75c8acfea42df31fdae71f97be,E
mmlu_pro:test:9085,physics,10,153,8896,b189ec765aa7ed75c8acfea42df31fdae71f97be,I
mmlu_pro:test:9086,physics,10,77,8897,b189ec765aa7ed75c8acfea42df31fdae71f97be,G
mmlu_pro:test:9087,physics,10,211,8898,b189ec765aa7ed75c8acfea42df31fdae71f97be,E
mmlu_pro:test:9088,physics,10,144,8899,b189ec765aa7ed75c8acfea42df31fdae71f97be,G
mmlu_pro:test:9089,physics,10,113,8900,b189ec765aa7ed75c8acfea42df31fdae71f97be,D
mmlu_pro:test:9090,physics,10,166,8901,b189ec765aa7ed75c8acfea42df31fdae71f97be,E
mmlu_pro:test:9091,physics,10,452,8902,b189ec765aa7ed75c8acfea42df31fdae71f97be,A
mmlu_pro:test:9092,physics,10,239,8903,b189ec765aa7ed75c8acfea42df31fdae71f97be,C
mmlu_pro:test:9093,physics,10,368,8904,b189ec765aa7ed75c8acfea42df31fdae71f97be,H
mmlu_pro:test:9094,physics,10,124,8905,b189ec765aa7ed75c8acfea42df31fdae71f97be,A
mmlu_pro:test:9095,physics,10,103,8906,b189ec765aa7ed75c8acfea42df31fdae71f97be,C
mmlu_pro:test:9096,physics,10,263,8907,b189ec765aa7ed75c8acfea42df31fdae71f97be,H
mmlu_pro:test:9097,physics,10,270,8908,b189ec765aa7ed75c8acfea42df31fdae71f97be,A
mmlu_pro:test:9098,physics,10,412,8909,b189ec765aa7ed75c8acfea42df31fdae71f97be,A
mmlu_pro:test:9099,physics,10,210,8910,b189ec765aa7ed75c8acfea42df31fdae71f97be,A
mmlu_pro:test:9100,physics,10,146,8911,b189ec765aa7ed75c8acfea42df31fdae71f97be,B
mmlu_pro:test:9101,physics,10,71,8912,b189ec765aa7ed75c8acfea42df31fdae71f97be,B
mmlu_pro:test:9102,physics,10,274,8913,b189ec765aa7ed75c8acfea42df31fdae71f97be,G
mmlu_pro:test:9103,physics,10,335,8914,b189ec765aa7ed75c8acfea42df31fdae71f97be,D
mmlu_pro:test:9104,physics,10,85,8915,b189ec765aa7ed75c8acfea42df31fdae71f97be,J
mmlu_pro:test:9105,physics,10,261,8916,b189ec765aa7ed75c8acfea42df31fdae71f97be,B
mmlu_pro:test:9107,physics,10,169,8918,b189ec765aa7ed75c8acfea42df31fdae71f97be,A
mmlu_pro:test:9108,physics,10,230,8919,b189ec765aa7ed75c8acfea42df31fdae71f97be,G
mmlu_pro:test:9109,physics,10,231,8920,b189ec765aa7ed75c8acfea42df31fdae71f97be,G
mmlu_pro:test:9110,physics,10,194,8921,b189ec765aa7ed75c8acfea42df31fdae71f97be,B
mmlu_pro:test:9111,physics,10,267,8922,b189ec765aa7ed75c8acfea42df31fdae71f97be,B
mmlu_pro:test:9112,physics,10,171,8923,b189ec765aa7ed75c8acfea42df31fdae71f97be,F
mmlu_pro:test:9113,physics,10,137,8924,b189ec765aa7ed75c8acfea42df31fdae71f97be,C
mmlu_pro:test:9114,physics,10,66,8925,b189ec765aa7ed75c8acfea42df31fdae71f97be,A
mmlu_pro:test:9115,physics,10,16,8926,b189ec765aa7ed75c8acfea42df31fdae71f97be,J
mmlu_pro:test:9116,physics,10,182,8927,b189ec765aa7ed75c8acfea42df31fdae71f97be,A
mmlu_pro:test:9117,physics,10,155,8928,b189ec765aa7ed75c8acfea42df31fdae71f97be,F
mmlu_pro:test:9119,physics,10,49,8930,b189ec765aa7ed75c8acfea42df31fdae71f97be,G
mmlu_pro:test:9120,physics,10,67,8931,b189ec765aa7ed75c8acfea42df31fdae71f97be,D
mmlu_pro:test:9121,physics,10,68,8932,b189ec765aa7ed75c8acfea42df31fdae71f97be,H
mmlu_pro:test:9122,physics,10,115,8933,b189ec765aa7ed75c8acfea42df31fdae71f97be,C
mmlu_pro:test:9123,physics,10,104,8934,b189ec765aa7ed75c8acfea42df31fdae71f97be,A
mmlu_pro:test:9124,physics,10,81,8935,b189ec765aa7ed75c8acfea42df31fdae71f97be,J
mmlu_pro:test:9125,physics,10,93,8936,b189ec765aa7ed75c8acfea42df31fdae71f97be,F
mmlu_pro:test:9126,physics,7,71,8937,b189ec765aa7ed75c8acfea42df31fdae71f97be,G
mmlu_pro:test:9127,physics,10,266,8938,b189ec765aa7ed75c8acfea42df31fdae71f97be,C
mmlu_pro:test:9128,physics,10,243,8939,b189ec765aa7ed75c8acfea42df31fdae71f97be,G
mmlu_pro:test:9129,physics,10,200,8940,b189ec765aa7ed75c8acfea42df31fdae71f97be,F
mmlu_pro:test:9130,physics,10,166,8941,b189ec765aa7ed75c8acfea42df31fdae71f97be,J
mmlu_pro:test:9131,physics,10,222,8942,b189ec765aa7ed75c8acfea42df31fdae71f97be,D
mmlu_pro:test:9132,physics,10,428,8943,b189ec765aa7ed75c8acfea42df31fdae71f97be,I
mmlu_pro:test:9133,physics,10,190,8944,b189ec765aa7ed75c8acfea42df31fdae71f97be,A
mmlu_pro:test:9134,physics,10,128,8945,b189ec765aa7ed75c8acfea42df31fdae71f97be,B
mmlu_pro:test:9135,physics,10,715,8946,b189ec765aa7ed75c8acfea42df31fdae71f97be,E
mmlu_pro:test:9136,physics,10,323,8947,b189ec765aa7ed75c8acfea42df31fdae71f97be,E
mmlu_pro:test:9137,physics,10,238,8948,b189ec765aa7ed75c8acfea42df31fdae71f97be,D
mmlu_pro:test:9138,physics,10,212,8949,b189ec765aa7ed75c8acfea42df31fdae71f97be,I
mmlu_pro:test:9139,physics,10,232,8950,b189ec765aa7ed75c8acfea42df31fdae71f97be,I
mmlu_pro:test:9140,physics,10,410,8951,b189ec765aa7ed75c8acfea42df31fdae71f97be,D
mmlu_pro:test:9142,physics,10,481,8953,b189ec765aa7ed75c8acfea42df31fdae71f97be,G
mmlu_pro:test:9143,physics,10,308,8954,b189ec765aa7ed75c8acfea42df31fdae71f97be,H
mmlu_pro:test:9144,physics,10,319,8955,b189ec765aa7ed75c8acfea42df31fdae71f97be,G
mmlu_pro:test:9145,physics,10,290,8956,b189ec765aa7ed75c8acfea42df31fdae71f97be,B
mmlu_pro:test:9146,physics,10,269,8957,b189ec765aa7ed75c8acfea42df31fdae71f97be,D
mmlu_pro:test:9147,physics,10,155,8958,b189ec765aa7ed75c8acfea42df31fdae71f97be,J
mmlu_pro:test:9148,physics,10,178,8959,b189ec765aa7ed75c8acfea42df31fdae71f97be,A
mmlu_pro:test:9149,physics,10,301,8960,b189ec765aa7ed75c8acfea42df31fdae71f97be,I
mmlu_pro:test:9150,physics,10,164,8961,b189ec765aa7ed75c8acfea42df31fdae71f97be,F
mmlu_pro:test:9151,physics,10,281,8962,b189ec765aa7ed75c8acfea42df31fdae71f97be,A
mmlu_pro:test:9152,physics,10,347,8963,b189ec765aa7ed75c8acfea42df31fdae71f97be,D
mmlu_pro:test:9153,physics,10,282,8964,b189ec765aa7ed75c8acfea42df31fdae71f97be,H
mmlu_pro:test:9154,physics,10,128,8965,b189ec765aa7ed75c8acfea42df31fdae71f97be,C
mmlu_pro:test:9155,physics,10,299,8966,b189ec765aa7ed75c8acfea42df31fdae71f97be,I
mmlu_pro:test:9156,physics,10,257,8967,b189ec765aa7ed75c8acfea42df31fdae71f97be,A
mmlu_pro:test:9157,physics,10,185,8968,b189ec765aa7ed75c8acfea42df31fdae71f97be,C
mmlu_pro:test:9158,physics,10,119,8969,b189ec765aa7ed75c8acfea42df31fdae71f97be,E
mmlu_pro:test:9159,physics,10,234,8970,b189ec765aa7ed75c8acfea42df31fdae71f97be,E
mmlu_pro:test:9160,physics,10,555,8971,b189ec765aa7ed75c8acfea42df31fdae71f97be,D
mmlu_pro:test:9161,physics,10,147,8972,b189ec765aa7ed75c8acfea42df31fdae71f97be,A
mmlu_pro:test:9162,physics,10,207,8973,b189ec765aa7ed75c8acfea42df31fdae71f97be,G
mmlu_pro:test:9163,physics,10,234,8974,b189ec765aa7ed75c8acfea42df31fdae71f97be,I
mmlu_pro:test:9164,physics,10,133,8975,b189ec765aa7ed75c8acfea42df31fdae71f97be,D
mmlu_pro:test:9165,physics,10,45,8976,b189ec765aa7ed75c8acfea42df31fdae71f97be,B
mmlu_pro:test:9166,physics,10,81,8977,b189ec765aa7ed75c8acfea42df31fdae71f97be,I
mmlu_pro:test:9167,physics,10,61,8978,b189ec765aa7ed75c8acfea42df31fdae71f97be,C
mmlu_pro:test:9168,physics,10,140,8979,b189ec765aa7ed75c8acfea42df31fdae71f97be,D
mmlu_pro:test:9169,physics,10,163,8980,b189ec765aa7ed75c8acfea42df31fdae71f97be,F
mmlu_pro:test:9170,physics,10,291,8981,b189ec765aa7ed75c8acfea42df31fdae71f97be,A
mmlu_pro:test:9171,physics,10,278,8982,b189ec765aa7ed75c8acfea42df31fdae71f97be,F
mmlu_pro:test:9172,physics,10,174,8983,b189ec765aa7ed75c8acfea42df31fdae71f97be,J
mmlu_pro:test:9173,physics,10,350,8984,b189ec765aa7ed75c8acfea42df31fdae71f97be,C
mmlu_pro:test:9174,physics,9,122,8985,b189ec765aa7ed75c8acfea42df31fdae71f97be,H
mmlu_pro:test:9175,physics,10,438,8986,b189ec765aa7ed75c8acfea42df31fdae71f97be,G
mmlu_pro:test:9176,physics,10,359,8987,b189ec765aa7ed75c8acfea42df31fdae71f97be,E
mmlu_pro:test:9177,physics,10,209,8988,b189ec765aa7ed75c8acfea42df31fdae71f97be,E
mmlu_pro:test:9178,physics,10,136,8989,b189ec765aa7ed75c8acfea42df31fdae71f97be,D
mmlu_pro:test:9179,physics,10,376,8990,b189ec765aa7ed75c8acfea42df31fdae71f97be,G
mmlu_pro:test:9180,physics,10,139,8991,b189ec765aa7ed75c8acfea42df31fdae71f97be,F
mmlu_pro:test:9181,physics,10,247,8992,b189ec765aa7ed75c8acfea42df31fdae71f97be,A
mmlu_pro:test:9182,physics,10,102,8993,b189ec765aa7ed75c8acfea42df31fdae71f97be,F
mmlu_pro:test:9183,physics,10,131,8994,b189ec765aa7ed75c8acfea42df31fdae71f97be,H
mmlu_pro:test:9184,physics,10,35,8995,b189ec765aa7ed75c8acfea42df31fdae71f97be,D
mmlu_pro:test:9185,physics,10,125,8996,b189ec765aa7ed75c8acfea42df31fdae71f97be,J
mmlu_pro:test:9186,physics,10,264,8997,b189ec765aa7ed75c8acfea42df31fdae71f97be,B
mmlu_pro:test:9187,physics,10,106,8998,b189ec765aa7ed75c8acfea42df31fdae71f97be,E
mmlu_pro:test:9188,physics,10,229,8999,b189ec765aa7ed75c8acfea42df31fdae71f97be,D
mmlu_pro:test:9189,physics,10,155,9000,b189ec765aa7ed75c8acfea42df31fdae71f97be,J
mmlu_pro:test:9190,physics,10,188,9001,b189ec765aa7ed75c8acfea42df31fdae71f97be,F
mmlu_pro:test:9191,physics,10,181,9002,b189ec765aa7ed75c8acfea42df31fdae71f97be,B
mmlu_pro:test:9192,physics,10,349,9003,b189ec765aa7ed75c8acfea42df31fdae71f97be,C
mmlu_pro:test:9193,physics,10,252,9004,b189ec765aa7ed75c8acfea42df31fdae71f97be,D
mmlu_pro:test:9194,physics,10,165,9005,b189ec765aa7ed75c8acfea42df31fdae71f97be,C
mmlu_pro:test:9195,physics,10,204,9006,b189ec765aa7ed75c8acfea42df31fdae71f97be,E
mmlu_pro:test:9196,physics,10,126,9007,b189ec765aa7ed75c8acfea42df31fdae71f97be,D
mmlu_pro:test:9197,physics,10,148,9008,b189ec765aa7ed75c8acfea42df31fdae71f97be,G
mmlu_pro:test:9198,physics,10,303,9009,b189ec765aa7ed75c8acfea42df31fdae71f97be,D
mmlu_pro:test:9199,physics,10,171,9010,b189ec765aa7ed75c8acfea42df31fdae71f97be,E
mmlu_pro:test:9200,physics,10,124,9011,b189ec765aa7ed75c8acfea42df31fdae71f97be,E
mmlu_pro:test:9201,physics,10,228,9012,b189ec765aa7ed75c8acfea42df31fdae71f97be,G
mmlu_pro:test:9202,physics,10,286,9013,b189ec765aa7ed75c8acfea42df31fdae71f97be,F
mmlu_pro:test:9203,physics,10,190,9014,b189ec765aa7ed75c8acfea42df31fdae71f97be,F
mmlu_pro:test:9204,physics,10,216,9015,b189ec765aa7ed75c8acfea42df31fdae71f97be,I
mmlu_pro:test:9205,physics,10,163,9016,b189ec765aa7ed75c8acfea42df31fdae71f97be,H
mmlu_pro:test:9206,physics,10,173,9017,b189ec765aa7ed75c8acfea42df31fdae71f97be,E
mmlu_pro:test:9207,physics,10,99,9018,b189ec765aa7ed75c8acfea42df31fdae71f97be,A
mmlu_pro:test:9208,physics,10,170,9019,b189ec765aa7ed75c8acfea42df31fdae71f97be,F
mmlu_pro:test:9209,physics,10,85,9020,b189ec765aa7ed75c8acfea42df31fdae71f97be,G
mmlu_pro:test:9210,physics,10,140,9021,b189ec765aa7ed75c8acfea42df31fdae71f97be,H
mmlu_pro:test:9211,physics,10,229,9022,b189ec765aa7ed75c8acfea42df31fdae71f97be,B
mmlu_pro:test:9212,physics,10,144,9023,b189ec765aa7ed75c8acfea42df31fdae71f97be,G
mmlu_pro:test:9213,physics,10,85,9024,b189ec765aa7ed75c8acfea42df31fdae71f97be,H
mmlu_pro:test:9214,physics,10,58,9025,b189ec765aa7ed75c8acfea42df31fdae71f97be,J
mmlu_pro:test:9215,physics,10,54,9026,b189ec765aa7ed75c8acfea42df31fdae71f97be,J
mmlu_pro:test:9216,physics,10,52,9027,b189ec765aa7ed75c8acfea42df31fdae71f97be,D
mmlu_pro:test:9217,physics,10,53,9028,b189ec765aa7ed75c8acfea42df31fdae71f97be,I
mmlu_pro:test:9218,physics,10,115,9029,b189ec765aa7ed75c8acfea42df31fdae71f97be,C
mmlu_pro:test:9219,physics,10,124,9030,b189ec765aa7ed75c8acfea42df31fdae71f97be,I
mmlu_pro:test:9220,physics,10,106,9031,b189ec765aa7ed75c8acfea42df31fdae71f97be,D
mmlu_pro:test:9221,physics,10,248,9032,b189ec765aa7ed75c8acfea42df31fdae71f97be,C
mmlu_pro:test:9222,physics,10,135,9033,b189ec765aa7ed75c8acfea42df31fdae71f97be,H
mmlu_pro:test:9223,physics,10,187,9034,b189ec765aa7ed75c8acfea42df31fdae71f97be,J
mmlu_pro:test:9224,physics,10,197,9035,b189ec765aa7ed75c8acfea42df31fdae71f97be,B
mmlu_pro:test:9225,physics,10,244,9036,b189ec765aa7ed75c8acfea42df31fdae71f97be,J
mmlu_pro:test:9226,physics,10,240,9037,b189ec765aa7ed75c8acfea42df31fdae71f97be,C
mmlu_pro:test:9227,physics,10,355,9038,b189ec765aa7ed75c8acfea42df31fdae71f97be,D
mmlu_pro:test:9228,physics,10,425,9039,b189ec765aa7ed75c8acfea42df31fdae71f97be,D
mmlu_pro:test:9229,physics,10,353,9040,b189ec765aa7ed75c8acfea42df31fdae71f97be,A
mmlu_pro:test:9230,physics,10,203,9041,b189ec765aa7ed75c8acfea42df31fdae71f97be,G
mmlu_pro:test:9231,physics,10,66,9042,b189ec765aa7ed75c8acfea42df31fdae71f97be,D
mmlu_pro:test:9232,physics,10,990,9043,b189ec765aa7ed75c8acfea42df31fdae71f97be,C
mmlu_pro:test:9233,physics,10,227,9044,b189ec765aa7ed75c8acfea42df31fdae71f97be,H
mmlu_pro:test:9234,physics,10,358,9045,b189ec765aa7ed75c8acfea42df31fdae71f97be,D
mmlu_pro:test:9235,physics,10,276,9046,b189ec765aa7ed75c8acfea42df31fdae71f97be,I
mmlu_pro:test:9236,physics,10,382,9047,b189ec765aa7ed75c8acfea42df31fdae71f97be,A
mmlu_pro:test:9237,physics,10,107,9048,b189ec765aa7ed75c8acfea42df31fdae71f97be,A
mmlu_pro:test:9238,physics,10,125,9049,b189ec765aa7ed75c8acfea42df31fdae71f97be,B
mmlu_pro:test:9239,physics,10,277,9050,b189ec765aa7ed75c8acfea42df31fdae71f97be,B
mmlu_pro:test:9240,physics,10,209,9051,b189ec765aa7ed75c8acfea42df31fdae71f97be,H
mmlu_pro:test:9241,physics,10,224,9052,b189ec765aa7ed75c8acfea42df31fdae71f97be,C
mmlu_pro:test:9242,physics,10,349,9053,b189ec765aa7ed75c8acfea42df31fdae71f97be,A
mmlu_pro:test:9243,physics,10,354,9054,b189ec765aa7ed75c8acfea42df31fdae71f97be,E
mmlu_pro:test:9244,physics,10,335,9055,b189ec765aa7ed75c8acfea42df31fdae71f97be,C
mmlu_pro:test:9245,physics,10,133,9056,b189ec765aa7ed75c8acfea42df31fdae71f97be,J
mmlu_pro:test:9247,physics,10,524,9058,b189ec765aa7ed75c8acfea42df31fdae71f97be,E
mmlu_pro:test:9248,physics,10,209,9059,b189ec765aa7ed75c8acfea42df31fdae71f97be,G
mmlu_pro:test:9249,physics,10,186,9060,b189ec765aa7ed75c8acfea42df31fdae71f97be,J
mmlu_pro:test:9250,physics,10,274,9061,b189ec765aa7ed75c8acfea42df31fdae71f97be,E
mmlu_pro:test:9251,physics,10,169,9062,b189ec765aa7ed75c8acfea42df31fdae71f97be,I
mmlu_pro:test:9252,physics,10,337,9063,b189ec765aa7ed75c8acfea42df31fdae71f97be,D
mmlu_pro:test:9253,physics,10,261,9064,b189ec765aa7ed75c8acfea42df31fdae71f97be,J
mmlu_pro:test:9254,physics,7,76,9065,b189ec765aa7ed75c8acfea42df31fdae71f97be,F
mmlu_pro:test:9255,physics,10,171,9066,b189ec765aa7ed75c8acfea42df31fdae71f97be,D
mmlu_pro:test:9256,physics,10,49,9067,b189ec765aa7ed75c8acfea42df31fdae71f97be,C
mmlu_pro:test:9257,physics,10,90,9068,b189ec765aa7ed75c8acfea42df31fdae71f97be,D
mmlu_pro:test:9258,physics,10,122,9069,b189ec765aa7ed75c8acfea42df31fdae71f97be,C
mmlu_pro:test:9259,physics,9,48,9070,b189ec765aa7ed75c8acfea42df31fdae71f97be,F
mmlu_pro:test:9260,physics,10,178,9071,b189ec765aa7ed75c8acfea42df31fdae71f97be,A
mmlu_pro:test:9261,physics,10,69,9072,b189ec765aa7ed75c8acfea42df31fdae71f97be,F
mmlu_pro:test:9262,physics,10,240,9073,b189ec765aa7ed75c8acfea42df31fdae71f97be,C
mmlu_pro:test:9263,physics,10,188,9074,b189ec765aa7ed75c8acfea42df31fdae71f97be,D
mmlu_pro:test:9264,physics,10,438,9075,b189ec765aa7ed75c8acfea42df31fdae71f97be,H
mmlu_pro:test:9265,physics,10,353,9076,b189ec765aa7ed75c8acfea42df31fdae71f97be,D
mmlu_pro:test:9266,physics,10,322,9077,b189ec765aa7ed75c8acfea42df31fdae71f97be,H
mmlu_pro:test:9267,physics,10,296,9078,b189ec765aa7ed75c8acfea42df31fdae71f97be,F
mmlu_pro:test:9268,physics,10,464,9079,b189ec765aa7ed75c8acfea42df31fdae71f97be,F
mmlu_pro:test:9269,physics,10,326,9080,b189ec765aa7ed75c8acfea42df31fdae71f97be,C
mmlu_pro:test:9270,physics,10,148,9081,b189ec765aa7ed75c8acfea42df31fdae71f97be,E
mmlu_pro:test:9271,physics,10,391,9082,b189ec765aa7ed75c8acfea42df31fdae71f97be,C
mmlu_pro:test:9272,physics,10,163,9083,b189ec765aa7ed75c8acfea42df31fdae71f97be,J
mmlu_pro:test:9273,physics,10,211,9084,b189ec765aa7ed75c8acfea42df31fdae71f97be,A
mmlu_pro:test:9274,physics,10,256,9085,b189ec765aa7ed75c8acfea42df31fdae71f97be,B
mmlu_pro:test:9275,physics,10,431,9086,b189ec765aa7ed75c8acfea42df31fdae71f97be,B
mmlu_pro:test:9276,physics,10,65,9087,b189ec765aa7ed75c8acfea42df31fdae71f97be,C
mmlu_pro:test:9277,physics,10,224,9088,b189ec765aa7ed75c8acfea42df31fdae71f97be,A
mmlu_pro:test:9278,physics,10,443,9089,b189ec765aa7ed75c8acfea42df31fdae71f97be,E
mmlu_pro:test:9279,physics,10,270,9090,b189ec765aa7ed75c8acfea42df31fdae71f97be,E
mmlu_pro:test:9280,physics,10,198,9091,b189ec765aa7ed75c8acfea42df31fdae71f97be,J
mmlu_pro:test:9281,physics,10,133,9092,b189ec765aa7ed75c8acfea42df31fdae71f97be,I
mmlu_pro:test:9282,physics,10,115,9093,b189ec765aa7ed75c8acfea42df31fdae71f97be,C
mmlu_pro:test:9283,physics,10,325,9094,b189ec765aa7ed75c8acfea42df31fdae71f97be,G
mmlu_pro:test:9284,physics,10,214,9095,b189ec765aa7ed75c8acfea42df31fdae71f97be,I
mmlu_pro:test:9285,physics,10,104,9096,b189ec765aa7ed75c8acfea42df31fdae71f97be,E
mmlu_pro:test:9286,physics,10,243,9097,b189ec765aa7ed75c8acfea42df31fdae71f97be,J
mmlu_pro:test:9287,physics,10,104,9098,b189ec765aa7ed75c8acfea42df31fdae71f97be,A
mmlu_pro:test:9288,physics,10,128,9099,b189ec765aa7ed75c8acfea42df31fdae71f97be,E
mmlu_pro:test:9289,physics,10,111,9100,b189ec765aa7ed75c8acfea42df31fdae71f97be,B
mmlu_pro:test:9290,physics,10,143,9101,b189ec765aa7ed75c8acfea42df31fdae71f97be,I
mmlu_pro:test:9291,physics,10,352,9102,b189ec765aa7ed75c8acfea42df31fdae71f97be,C
mmlu_pro:test:9292,physics,10,200,9103,b189ec765aa7ed75c8acfea42df31fdae71f97be,E
mmlu_pro:test:9293,physics,10,220,9104,b189ec765aa7ed75c8acfea42df31fdae71f97be,H
mmlu_pro:test:9294,physics,10,343,9105,b189ec765aa7ed75c8acfea42df31fdae71f97be,B
mmlu_pro:test:9295,physics,10,195,9106,b189ec765aa7ed75c8acfea42df31fdae71f97be,E
mmlu_pro:test:9296,physics,10,180,9107,b189ec765aa7ed75c8acfea42df31fdae71f97be,H
mmlu_pro:test:9297,physics,10,146,9108,b189ec765aa7ed75c8acfea42df31fdae71f97be,J
mmlu_pro:test:9298,physics,10,137,9109,b189ec765aa7ed75c8acfea42df31fdae71f97be,J
mmlu_pro:test:9299,physics,10,236,9110,b189ec765aa7ed75c8acfea42df31fdae71f97be,I
mmlu_pro:test:9300,physics,10,184,9111,b189ec765aa7ed75c8acfea42df31fdae71f97be,H
mmlu_pro:test:9301,physics,10,124,9112,b189ec765aa7ed75c8acfea42df31fdae71f97be,A
mmlu_pro:test:9302,physics,10,183,9113,b189ec765aa7ed75c8acfea42df31fdae71f97be,D
mmlu_pro:test:9303,physics,8,149,9114,b189ec765aa7ed75c8acfea42df31fdae71f97be,C
mmlu_pro:test:9304,physics,10,343,9115,b189ec765aa7ed75c8acfea42df31fdae71f97be,A
mmlu_pro:test:9305,physics,10,137,9116,b189ec765aa7ed75c8acfea42df31fdae71f97be,H
mmlu_pro:test:9306,physics,10,327,9117,b189ec765aa7ed75c8acfea42df31fdae71f97be,F
mmlu_pro:test:9307,physics,10,175,9118,b189ec765aa7ed75c8acfea42df31fdae71f97be,A
mmlu_pro:test:9308,physics,8,84,9119,b189ec765aa7ed75c8acfea42df31fdae71f97be,D
mmlu_pro:test:9309,physics,10,161,9120,b189ec765aa7ed75c8acfea42df31fdae71f97be,F
mmlu_pro:test:9310,physics,10,118,9121,b189ec765aa7ed75c8acfea42df31fdae71f97be,A
mmlu_pro:test:9311,physics,9,81,9122,b189ec765aa7ed75c8acfea42df31fdae71f97be,D
mmlu_pro:test:9312,physics,10,62,9123,b189ec765aa7ed75c8acfea42df31fdae71f97be,B
mmlu_pro:test:9313,physics,10,121,9124,b189ec765aa7ed75c8acfea42df31fdae71f97be,D
mmlu_pro:test:9314,physics,10,60,9125,b189ec765aa7ed75c8acfea42df31fdae71f97be,B
mmlu_pro:test:9315,physics,10,79,9126,b189ec765aa7ed75c8acfea42df31fdae71f97be,E
mmlu_pro:test:9316,physics,10,88,9127,b189ec765aa7ed75c8acfea42df31fdae71f97be,G
mmlu_pro:test:9317,physics,10,57,9128,b189ec765aa7ed75c8acfea42df31fdae71f97be,H
mmlu_pro:test:9318,physics,10,140,9129,b189ec765aa7ed75c8acfea42df31fdae71f97be,G
mmlu_pro:test:9319,physics,10,88,9130,b189ec765aa7ed75c8acfea42df31fdae71f97be,I
mmlu_pro:test:9320,physics,9,57,9131,b189ec765aa7ed75c8acfea42df31fdae71f97be,H
mmlu_pro:test:9321,physics,10,93,9132,b189ec765aa7ed75c8acfea42df31fdae71f97be,I
mmlu_pro:test:9322,physics,10,72,9133,b189ec765aa7ed75c8acfea42df31fdae71f97be,E
mmlu_pro:test:9323,physics,6,32,9134,b189ec765aa7ed75c8acfea42df31fdae71f97be,A
mmlu_pro:test:9324,physics,10,93,9135,b189ec765aa7ed75c8acfea42df31fdae71f97be,C
mmlu_pro:test:9325,physics,10,149,9136,b189ec765aa7ed75c8acfea42df31fdae71f97be,B
mmlu_pro:test:9326,physics,10,287,9137,b189ec765aa7ed75c8acfea42df31fdae71f97be,B
mmlu_pro:test:9327,physics,10,209,9138,b189ec765aa7ed75c8acfea42df31fdae71f97be,A
mmlu_pro:test:9328,physics,10,245,9139,b189ec765aa7ed75c8acfea42df31fdae71f97be,I
mmlu_pro:test:9329,physics,10,273,9140,b189ec765aa7ed75c8acfea42df31fdae71f97be,C
mmlu_pro:test:9330,physics,10,514,9141,b189ec765aa7ed75c8acfea42df31fdae71f97be,C
mmlu_pro:test:9331,physics,10,313,9142,b189ec765aa7ed75c8acfea42df31fdae71f97be,E
mmlu_pro:test:9332,physics,10,124,9143,b189ec765aa7ed75c8acfea42df31fdae71f97be,I
mmlu_pro:test:9333,physics,10,49,9144,b189ec765aa7ed75c8acfea42df31fdae71f97be,A
mmlu_pro:test:9334,physics,10,283,9145,b189ec765aa7ed75c8acfea42df31fdae71f97be,I
mmlu_pro:test:9335,physics,10,130,9146,b189ec765aa7ed75c8acfea42df31fdae71f97be,B
mmlu_pro:test:9336,physics,10,136,9147,b189ec765aa7ed75c8acfea42df31fdae71f97be,A
mmlu_pro:test:9337,physics,10,491,9148,b189ec765aa7ed75c8acfea42df31fdae71f97be,H
mmlu_pro:test:9338,physics,10,491,9149,b189ec765aa7ed75c8acfea42df31fdae71f97be,J
mmlu_pro:test:9339,physics,10,292,9150,b189ec765aa7ed75c8acfea42df31fdae71f97be,F
mmlu_pro:test:9340,physics,10,307,9151,b189ec765aa7ed75c8acfea42df31fdae71f97be,I
mmlu_pro:test:9341,physics,10,326,9152,b189ec765aa7ed75c8acfea42df31fdae71f97be,D
mmlu_pro:test:9342,physics,10,287,9153,b189ec765aa7ed75c8acfea42df31fdae71f97be,J
mmlu_pro:test:9343,physics,10,171,9154,b189ec765aa7ed75c8acfea42df31fdae71f97be,H
mmlu_pro:test:9344,physics,10,220,9155,b189ec765aa7ed75c8acfea42df31fdae71f97be,I
mmlu_pro:test:9345,physics,10,149,9156,b189ec765aa7ed75c8acfea42df31fdae71f97be,E
mmlu_pro:test:9346,physics,10,259,9157,b189ec765aa7ed75c8acfea42df31fdae71f97be,A
mmlu_pro:test:9347,physics,10,338,9158,b189ec765aa7ed75c8acfea42df31fdae71f97be,C
mmlu_pro:test:9349,physics,10,139,9160,b189ec765aa7ed75c8acfea42df31fdae71f97be,H
mmlu_pro:test:9351,physics,10,283,9162,b189ec765aa7ed75c8acfea42df31fdae71f97be,D
mmlu_pro:test:9352,physics,10,218,9163,b189ec765aa7ed75c8acfea42df31fdae71f97be,J
mmlu_pro:test:9353,physics,10,149,9164,b189ec765aa7ed75c8acfea42df31fdae71f97be,D
mmlu_pro:test:9354,physics,10,420,9165,b189ec765aa7ed75c8acfea42df31fdae71f97be,D
mmlu_pro:test:9355,physics,10,102,9166,b189ec765aa7ed75c8acfea42df31fdae71f97be,D
mmlu_pro:test:9356,physics,8,57,9167,b189ec765aa7ed75c8acfea42df31fdae71f97be,C
mmlu_pro:test:9357,physics,10,181,9168,b189ec765aa7ed75c8acfea42df31fdae71f97be,G
mmlu_pro:test:9358,physics,4,129,9169,b189ec765aa7ed75c8acfea42df31fdae71f97be,B
mmlu_pro:test:9359,physics,10,151,9170,b189ec765aa7ed75c8acfea42df31fdae71f97be,B
mmlu_pro:test:9361,physics,6,42,9172,b189ec765aa7ed75c8acfea42df31fdae71f97be,E
mmlu_pro:test:9362,physics,10,36,9173,b189ec765aa7ed75c8acfea42df31fdae71f97be,D
mmlu_pro:test:9363,physics,10,46,9174,b189ec765aa7ed75c8acfea42df31fdae71f97be,E
mmlu_pro:test:9364,physics,10,67,9175,b189ec765aa7ed75c8acfea42df31fdae71f97be,C
mmlu_pro:test:9365,physics,10,135,9176,b189ec765aa7ed75c8acfea42df31fdae71f97be,A
mmlu_pro:test:9366,physics,7,29,9177,b189ec765aa7ed75c8acfea42df31fdae71f97be,F
mmlu_pro:test:9367,physics,10,124,9178,b189ec765aa7ed75c8acfea42df31fdae71f97be,J
mmlu_pro:test:9368,physics,10,208,9179,b189ec765aa7ed75c8acfea42df31fdae71f97be,C
mmlu_pro:test:9369,physics,10,153,9180,b189ec765aa7ed75c8acfea42df31fdae71f97be,C
mmlu_pro:test:9370,physics,10,237,9181,b189ec765aa7ed75c8acfea42df31fdae71f97be,C
mmlu_pro:test:9371,physics,9,96,9182,b189ec765aa7ed75c8acfea42df31fdae71f97be,C
mmlu_pro:test:9372,physics,10,230,9183,b189ec765aa7ed75c8acfea42df31fdae71f97be,D
mmlu_pro:test:9373,physics,10,666,9184,b189ec765aa7ed75c8acfea42df31fdae71f97be,G
mmlu_pro:test:9374,physics,10,312,9185,b189ec765aa7ed75c8acfea42df31fdae71f97be,D
mmlu_pro:test:9375,physics,10,204,9186,b189ec765aa7ed75c8acfea42df31fdae71f97be,D
mmlu_pro:test:9376,physics,10,179,9187,b189ec765aa7ed75c8acfea42df31fdae71f97be,H
mmlu_pro:test:9377,physics,9,145,9188,b189ec765aa7ed75c8acfea42df31fdae71f97be,I
mmlu_pro:test:9378,physics,10,361,9189,b189ec765aa7ed75c8acfea42df31fdae71f97be,A
mmlu_pro:test:9379,physics,10,105,9190,b189ec765aa7ed75c8acfea42df31fdae71f97be,F
mmlu_pro:test:9380,physics,10,246,9191,b189ec765aa7ed75c8acfea42df31fdae71f97be,A
mmlu_pro:test:9381,physics,10,148,9192,b189ec765aa7ed75c8acfea42df31fdae71f97be,H
mmlu_pro:test:9382,physics,10,98,9193,b189ec765aa7ed75c8acfea42df31fdae71f97be,C
mmlu_pro:test:9383,physics,10,165,9194,b189ec765aa7ed75c8acfea42df31fdae71f97be,I
mmlu_pro:test:9384,physics,10,98,9195,b189ec765aa7ed75c8acfea42df31fdae71f97be,H
mmlu_pro:test:9385,physics,10,221,9196,b189ec765aa7ed75c8acfea42df31fdae71f97be,A
mmlu_pro:test:9386,physics,10,43,9197,b189ec765aa7ed75c8acfea42df31fdae71f97be,F
mmlu_pro:test:9387,physics,10,214,9198,b189ec765aa7ed75c8acfea42df31fdae71f97be,E
mmlu_pro:test:9388,physics,10,296,9199,b189ec765aa7ed75c8acfea42df31fdae71f97be,I
mmlu_pro:test:9389,physics,10,125,9200,b189ec765aa7ed75c8acfea42df31fdae71f97be,F
mmlu_pro:test:9390,physics,10,169,9201,b189ec765aa7ed75c8acfea42df31fdae71f97be,F
mmlu_pro:test:9391,physics,10,194,9202,b189ec765aa7ed75c8acfea42df31fdae71f97be,E
mmlu_pro:test:9392,physics,10,192,9203,b189ec765aa7ed75c8acfea42df31fdae71f97be,E
mmlu_pro:test:9393,physics,10,428,9204,b189ec765aa7ed75c8acfea42df31fdae71f97be,C
mmlu_pro:test:9394,physics,10,494,9205,b189ec765aa7ed75c8acfea42df31fdae71f97be,H
mmlu_pro:test:9395,physics,10,344,9206,b189ec765aa7ed75c8acfea42df31fdae71f97be,F
mmlu_pro:test:9396,physics,10,253,9207,b189ec765aa7ed75c8acfea42df31fdae71f97be,D
mmlu_pro:test:9397,physics,10,88,9208,b189ec765aa7ed75c8acfea42df31fdae71f97be,I
mmlu_pro:test:9398,physics,10,218,9209,b189ec765aa7ed75c8acfea42df31fdae71f97be,G
mmlu_pro:test:9399,physics,10,59,9210,b189ec765aa7ed75c8acfea42df31fdae71f97be,A
mmlu_pro:test:9400,physics,10,106,9211,b189ec765aa7ed75c8acfea42df31fdae71f97be,H
mmlu_pro:test:9401,physics,10,232,9212,b189ec765aa7ed75c8acfea42df31fdae71f97be,J
mmlu_pro:test:9402,physics,10,314,9213,b189ec765aa7ed75c8acfea42df31fdae71f97be,F
mmlu_pro:test:9403,physics,10,139,9214,b189ec765aa7ed75c8acfea42df31fdae71f97be,G
mmlu_pro:test:9404,physics,10,89,9215,b189ec765aa7ed75c8acfea42df31fdae71f97be,C
mmlu_pro:test:9405,physics,10,50,9216,b189ec765aa7ed75c8acfea42df31fdae71f97be,C
mmlu_pro:test:9406,physics,10,199,9217,b189ec765aa7ed75c8acfea42df31fdae71f97be,B
mmlu_pro:test:9407,physics,10,124,9218,b189ec765aa7ed75c8acfea42df31fdae71f97be,H
mmlu_pro:test:9408,physics,10,267,9219,b189ec765aa7ed75c8acfea42df31fdae71f97be,A
mmlu_pro:test:9409,physics,10,137,9220,b189ec765aa7ed75c8acfea42df31fdae71f97be,A
mmlu_pro:test:9410,physics,10,215,9221,b189ec765aa7ed75c8acfea42df31fdae71f97be,H
mmlu_pro:test:9412,physics,10,430,9223,b189ec765aa7ed75c8acfea42df31fdae71f97be,G
mmlu_pro:test:9413,physics,4,303,9224,b189ec765aa7ed75c8acfea42df31fdae71f97be,A
mmlu_pro:test:9414,physics,10,185,9225,b189ec765aa7ed75c8acfea42df31fdae71f97be,G
mmlu_pro:test:9415,physics,10,185,9226,b189ec765aa7ed75c8acfea42df31fdae71f97be,D
mmlu_pro:test:9416,physics,10,263,9227,b189ec765aa7ed75c8acfea42df31fdae71f97be,D
mmlu_pro:test:9417,physics,10,221,9228,b189ec765aa7ed75c8acfea42df31fdae71f97be,A
mmlu_pro:test:9418,physics,9,245,9229,b189ec765aa7ed75c8acfea42df31fdae71f97be,F
mmlu_pro:test:9419,physics,10,160,9230,b189ec765aa7ed75c8acfea42df31fdae71f97be,B
mmlu_pro:test:9420,physics,9,66,9231,b189ec765aa7ed75c8acfea42df31fdae71f97be,A
mmlu_pro:test:9421,physics,10,244,9232,b189ec765aa7ed75c8acfea42df31fdae71f97be,E
mmlu_pro:test:9422,physics,10,177,9233,b189ec765aa7ed75c8acfea42df31fdae71f97be,B
mmlu_pro:test:9423,physics,10,56,9234,b189ec765aa7ed75c8acfea42df31fdae71f97be,J
mmlu_pro:test:9424,physics,10,82,9235,b189ec765aa7ed75c8acfea42df31fdae71f97be,J
mmlu_pro:test:9425,physics,10,94,9236,b189ec765aa7ed75c8acfea42df31fdae71f97be,C
mmlu_pro:test:9426,physics,10,164,9237,b189ec765aa7ed75c8acfea42df31fdae71f97be,F
mmlu_pro:test:9427,physics,10,66,9238,b189ec765aa7ed75c8acfea42df31fdae71f97be,B
mmlu_pro:test:9428,physics,10,108,9239,b189ec765aa7ed75c8acfea42df31fdae71f97be,I
mmlu_pro:test:9429,physics,10,38,9240,b189ec765aa7ed75c8acfea42df31fdae71f97be,H
mmlu_pro:test:9430,physics,10,54,9241,b189ec765aa7ed75c8acfea42df31fdae71f97be,E
mmlu_pro:test:9431,physics,10,77,9242,b189ec765aa7ed75c8acfea42df31fdae71f97be,G
mmlu_pro:test:9434,physics,10,58,9245,b189ec765aa7ed75c8acfea42df31fdae71f97be,C
mmlu_pro:test:9435,physics,10,41,9246,b189ec765aa7ed75c8acfea42df31fdae71f97be,J
mmlu_pro:test:9436,physics,10,32,9247,b189ec765aa7ed75c8acfea42df31fdae71f97be,C
mmlu_pro:test:9437,physics,10,147,9248,b189ec765aa7ed75c8acfea42df31fdae71f97be,F
mmlu_pro:test:9438,physics,10,220,9249,b189ec765aa7ed75c8acfea42df31fdae71f97be,B
mmlu_pro:test:9439,physics,10,516,9250,b189ec765aa7ed75c8acfea42df31fdae71f97be,J
mmlu_pro:test:9440,physics,10,223,9251,b189ec765aa7ed75c8acfea42df31fdae71f97be,I
mmlu_pro:test:9441,physics,10,269,9252,b189ec765aa7ed75c8acfea42df31fdae71f97be,I
mmlu_pro:test:9442,physics,10,449,9253,b189ec765aa7ed75c8acfea42df31fdae71f97be,C
mmlu_pro:test:9443,physics,10,164,9254,b189ec765aa7ed75c8acfea42df31fdae71f97be,B
mmlu_pro:test:9444,physics,10,264,9255,b189ec765aa7ed75c8acfea42df31fdae71f97be,I
mmlu_pro:test:9445,physics,10,103,9256,b189ec765aa7ed75c8acfea42df31fdae71f97be,G
mmlu_pro:test:9446,physics,10,113,9257,b189ec765aa7ed75c8acfea42df31fdae71f97be,F
mmlu_pro:test:9448,physics,10,377,9259,b189ec765aa7ed75c8acfea42df31fdae71f97be,F
mmlu_pro:test:9449,physics,10,316,9260,b189ec765aa7ed75c8acfea42df31fdae71f97be,C
mmlu_pro:test:9450,physics,10,257,9261,b189ec765aa7ed75c8acfea42df31fdae71f97be,B
mmlu_pro:test:9451,physics,10,236,9262,b189ec765aa7ed75c8acfea42df31fdae71f97be,C
mmlu_pro:test:9452,physics,10,102,9263,b189ec765aa7ed75c8acfea42df31fdae71f97be,A
mmlu_pro:test:9453,physics,10,254,9264,b189ec765aa7ed75c8acfea42df31fdae71f97be,C
mmlu_pro:test:9454,physics,10,345,9265,b189ec765aa7ed75c8acfea42df31fdae71f97be,I
mmlu_pro:test:9455,physics,10,166,9266,b189ec765aa7ed75c8acfea42df31fdae71f97be,B
mmlu_pro:test:9456,physics,10,228,9267,b189ec765aa7ed75c8acfea42df31fdae71f97be,I
mmlu_pro:test:9457,physics,10,301,9268,b189ec765aa7ed75c8acfea42df31fdae71f97be,J
mmlu_pro:test:9458,physics,4,417,9269,b189ec765aa7ed75c8acfea42df31fdae71f97be,C
mmlu_pro:test:9459,physics,10,164,9270,b189ec765aa7ed75c8acfea42df31fdae71f97be,G
mmlu_pro:test:9460,physics,10,346,9271,b189ec765aa7ed75c8acfea42df31fdae71f97be,F
mmlu_pro:test:9461,physics,10,304,9272,b189ec765aa7ed75c8acfea42df31fdae71f97be,J
mmlu_pro:test:9463,physics,10,248,9274,b189ec765aa7ed75c8acfea42df31fdae71f97be,G
mmlu_pro:test:9464,physics,10,323,9275,b189ec765aa7ed75c8acfea42df31fdae71f97be,G
mmlu_pro:test:9465,physics,10,234,9276,b189ec765aa7ed75c8acfea42df31fdae71f97be,B
mmlu_pro:test:9466,physics,10,89,9277,b189ec765aa7ed75c8acfea42df31fdae71f97be,H
mmlu_pro:test:9467,physics,10,258,9278,b189ec765aa7ed75c8acfea42df31fdae71f97be,D
mmlu_pro:test:9468,physics,10,120,9279,b189ec765aa7ed75c8acfea42df31fdae71f97be,B
mmlu_pro:test:9469,physics,10,269,9280,b189ec765aa7ed75c8acfea42df31fdae71f97be,H
mmlu_pro:test:9470,physics,10,247,9281,b189ec765aa7ed75c8acfea42df31fdae71f97be,A
mmlu_pro:test:9471,physics,10,182,9282,b189ec765aa7ed75c8acfea42df31fdae71f97be,G
mmlu_pro:test:9472,physics,10,372,9283,b189ec765aa7ed75c8acfea42df31fdae71f97be,I
mmlu_pro:test:9473,physics,10,120,9284,b189ec765aa7ed75c8acfea42df31fdae71f97be,F
mmlu_pro:test:9474,physics,10,164,9285,b189ec765aa7ed75c8acfea42df31fdae71f97be,G
mmlu_pro:test:9475,physics,10,248,9286,b189ec765aa7ed75c8acfea42df31fdae71f97be,C
mmlu_pro:test:9476,physics,10,52,9287,b189ec765aa7ed75c8acfea42df31fdae71f97be,A
mmlu_pro:test:9477,physics,10,20,9288,b189ec765aa7ed75c8acfea42df31fdae71f97be,D
mmlu_pro:test:9478,physics,10,150,9289,b189ec765aa7ed75c8acfea42df31fdae71f97be,A
mmlu_pro:test:9479,physics,10,68,9290,b189ec765aa7ed75c8acfea42df31fdae71f97be,D
mmlu_pro:test:9480,physics,10,81,9291,b189ec765aa7ed75c8acfea42df31fdae71f97be,F
mmlu_pro:test:9481,physics,10,215,9292,b189ec765aa7ed75c8acfea42df31fdae71f97be,A
mmlu_pro:test:9482,physics,10,249,9293,b189ec765aa7ed75c8acfea42df31fdae71f97be,H
mmlu_pro:test:9483,physics,10,94,9294,b189ec765aa7ed75c8acfea42df31fdae71f97be,C
mmlu_pro:test:9484,physics,10,282,9295,b189ec765aa7ed75c8acfea42df31fdae71f97be,I
mmlu_pro:test:9485,physics,10,230,9296,b189ec765aa7ed75c8acfea42df31fdae71f97be,F
mmlu_pro:test:9487,physics,10,320,9298,b189ec765aa7ed75c8acfea42df31fdae71f97be,H
mmlu_pro:test:9488,physics,10,423,9299,b189ec765aa7ed75c8acfea42df31fdae71f97be,G
mmlu_pro:test:9489,physics,10,452,9300,b189ec765aa7ed75c8acfea42df31fdae71f97be,C
mmlu_pro:test:9490,physics,10,387,9301,b189ec765aa7ed75c8acfea42df31fdae71f97be,G
mmlu_pro:test:9491,physics,10,442,9302,b189ec765aa7ed75c8acfea42df31fdae71f97be,F
mmlu_pro:test:9492,physics,10,473,9303,b189ec765aa7ed75c8acfea42df31fdae71f97be,F
mmlu_pro:test:9493,physics,10,63,9304,b189ec765aa7ed75c8acfea42df31fdae71f97be,J
mmlu_pro:test:9494,physics,10,152,9305,b189ec765aa7ed75c8acfea42df31fdae71f97be,H
mmlu_pro:test:9495,physics,10,186,9306,b189ec765aa7ed75c8acfea42df31fdae71f97be,J
mmlu_pro:test:9496,physics,10,148,9307,b189ec765aa7ed75c8acfea42df31fdae71f97be,I
mmlu_pro:test:9497,physics,10,453,9308,b189ec765aa7ed75c8acfea42df31fdae71f97be,I
mmlu_pro:test:9498,physics,10,347,9309,b189ec765aa7ed75c8acfea42df31fdae71f97be,C
mmlu_pro:test:9499,physics,10,85,9310,b189ec765aa7ed75c8acfea42df31fdae71f97be,A
mmlu_pro:test:9500,physics,10,188,9311,b189ec765aa7ed75c8acfea42df31fdae71f97be,B
mmlu_pro:test:9501,physics,10,289,9312,b189ec765aa7ed75c8acfea42df31fdae71f97be,G
mmlu_pro:test:9502,physics,10,125,9313,b189ec765aa7ed75c8acfea42df31fdae71f97be,B
mmlu_pro:test:9503,physics,10,88,9314,b189ec765aa7ed75c8acfea42df31fdae71f97be,D
mmlu_pro:test:9504,physics,10,297,9315,b189ec765aa7ed75c8acfea42df31fdae71f97be,G
mmlu_pro:test:9505,physics,10,151,9316,b189ec765aa7ed75c8acfea42df31fdae71f97be,B
mmlu_pro:test:9506,physics,10,194,9317,b189ec765aa7ed75c8acfea42df31fdae71f97be,G
mmlu_pro:test:9507,physics,10,259,9318,b189ec765aa7ed75c8acfea42df31fdae71f97be,B
mmlu_pro:test:9508,physics,10,318,9319,b189ec765aa7ed75c8acfea42df31fdae71f97be,B
mmlu_pro:test:9509,physics,10,73,9320,b189ec765aa7ed75c8acfea42df31fdae71f97be,E
mmlu_pro:test:9510,physics,10,279,9321,b189ec765aa7ed75c8acfea42df31fdae71f97be,D
mmlu_pro:test:9511,physics,10,295,9322,b189ec765aa7ed75c8acfea42df31fdae71f97be,I
mmlu_pro:test:9512,physics,10,120,9323,b189ec765aa7ed75c8acfea42df31fdae71f97be,C
mmlu_pro:test:9513,physics,10,227,9324,b189ec765aa7ed75c8acfea42df31fdae71f97be,I
mmlu_pro:test:9514,physics,10,300,9325,b189ec765aa7ed75c8acfea42df31fdae71f97be,D
mmlu_pro:test:9515,physics,10,208,9326,b189ec765aa7ed75c8acfea42df31fdae71f97be,A
mmlu_pro:test:9516,physics,10,70,9327,b189ec765aa7ed75c8acfea42df31fdae71f97be,G
mmlu_pro:test:9517,physics,10,131,9328,b189ec765aa7ed75c8acfea42df31fdae71f97be,A
mmlu_pro:test:9518,physics,10,411,9329,b189ec765aa7ed75c8acfea42df31fdae71f97be,H
mmlu_pro:test:9519,physics,10,169,9330,b189ec765aa7ed75c8acfea42df31fdae71f97be,E
mmlu_pro:test:9520,physics,10,372,9331,b189ec765aa7ed75c8acfea42df31fdae71f97be,I
mmlu_pro:test:9521,physics,10,160,9332,b189ec765aa7ed75c8acfea42df31fdae71f97be,E
mmlu_pro:test:9522,physics,10,421,9333,b189ec765aa7ed75c8acfea42df31fdae71f97be,F
mmlu_pro:test:9523,physics,10,140,9334,b189ec765aa7ed75c8acfea42df31fdae71f97be,F
mmlu_pro:test:9524,physics,10,141,9335,b189ec765aa7ed75c8acfea42df31fdae71f97be,I
mmlu_pro:test:9525,physics,10,444,9336,b189ec765aa7ed75c8acfea42df31fdae71f97be,J
mmlu_pro:test:9526,physics,10,201,9337,b189ec765aa7ed75c8acfea42df31fdae71f97be,C
mmlu_pro:test:9527,physics,10,150,9338,b189ec765aa7ed75c8acfea42df31fdae71f97be,D
mmlu_pro:test:9528,physics,10,501,9339,b189ec765aa7ed75c8acfea42df31fdae71f97be,E
mmlu_pro:test:9529,physics,10,176,9340,b189ec765aa7ed75c8acfea42df31fdae71f97be,E
mmlu_pro:test:9530,physics,10,172,9341,b189ec765aa7ed75c8acfea42df31fdae71f97be,B
mmlu_pro:test:9531,physics,10,208,9342,b189ec765aa7ed75c8acfea42df31fdae71f97be,F
mmlu_pro:test:9532,physics,10,214,9343,b189ec765aa7ed75c8acfea42df31fdae71f97be,E
mmlu_pro:test:9533,physics,9,115,9344,b189ec765aa7ed75c8acfea42df31fdae71f97be,E
mmlu_pro:test:9534,physics,10,137,9345,b189ec765aa7ed75c8acfea42df31fdae71f97be,G
mmlu_pro:test:9535,physics,10,257,9346,b189ec765aa7ed75c8acfea42df31fdae71f97be,H
mmlu_pro:test:9536,physics,10,157,9347,b189ec765aa7ed75c8acfea42df31fdae71f97be,B
mmlu_pro:test:9537,physics,9,330,9348,b189ec765aa7ed75c8acfea42df31fdae71f97be,G
mmlu_pro:test:9538,physics,10,114,9349,b189ec765aa7ed75c8acfea42df31fdae71f97be,B
mmlu_pro:test:9539,physics,6,49,9350,b189ec765aa7ed75c8acfea42df31fdae71f97be,A
mmlu_pro:test:9540,physics,10,54,9351,b189ec765aa7ed75c8acfea42df31fdae71f97be,G
mmlu_pro:test:9541,physics,10,130,9352,b189ec765aa7ed75c8acfea42df31fdae71f97be,C
mmlu_pro:test:9542,physics,10,106,9353,b189ec765aa7ed75c8acfea42df31fdae71f97be,H
mmlu_pro:test:9543,physics,10,54,9354,b189ec765aa7ed75c8acfea42df31fdae71f97be,B
mmlu_pro:test:9544,physics,10,79,9355,b189ec765aa7ed75c8acfea42df31fdae71f97be,G
mmlu_pro:test:9545,physics,10,122,9356,b189ec765aa7ed75c8acfea42df31fdae71f97be,C
mmlu_pro:test:9546,physics,10,64,9357,b189ec765aa7ed75c8acfea42df31fdae71f97be,G
mmlu_pro:test:9547,physics,10,42,9358,b189ec765aa7ed75c8acfea42df31fdae71f97be,B
mmlu_pro:test:9548,physics,9,70,9359,b189ec765aa7ed75c8acfea42df31fdae71f97be,A
mmlu_pro:test:9549,physics,10,84,9360,b189ec765aa7ed75c8acfea42df31fdae71f97be,A
mmlu_pro:test:9550,physics,10,71,9361,b189ec765aa7ed75c8acfea42df31fdae71f97be,G
mmlu_pro:test:9551,physics,10,99,9362,b189ec765aa7ed75c8acfea42df31fdae71f97be,B
mmlu_pro:test:9552,physics,10,73,9363,b189ec765aa7ed75c8acfea42df31fdae71f97be,C
mmlu_pro:test:9554,physics,10,411,9365,b189ec765aa7ed75c8acfea42df31fdae71f97be,E
mmlu_pro:test:9555,physics,10,299,9366,b189ec765aa7ed75c8acfea42df31fdae71f97be,B
mmlu_pro:test:9556,physics,10,106,9367,b189ec765aa7ed75c8acfea42df31fdae71f97be,I
mmlu_pro:test:9557,physics,10,192,9368,b189ec765aa7ed75c8acfea42df31fdae71f97be,E
mmlu_pro:test:9558,physics,9,518,9369,b189ec765aa7ed75c8acfea42df31fdae71f97be,H
mmlu_pro:test:9559,physics,10,332,9370,b189ec765aa7ed75c8acfea42df31fdae71f97be,H
mmlu_pro:test:9560,physics,10,205,9371,b189ec765aa7ed75c8acfea42df31fdae71f97be,I
mmlu_pro:test:9561,physics,10,216,9372,b189ec765aa7ed75c8acfea42df31fdae71f97be,F
mmlu_pro:test:9562,physics,10,282,9373,b189ec765aa7ed75c8acfea42df31fdae71f97be,D
mmlu_pro:test:9563,physics,10,209,9374,b189ec765aa7ed75c8acfea42df31fdae71f97be,J
mmlu_pro:test:9564,physics,10,191,9375,b189ec765aa7ed75c8acfea42df31fdae71f97be,I
mmlu_pro:test:9565,physics,10,187,9376,b189ec765aa7ed75c8acfea42df31fdae71f97be,A
mmlu_pro:test:9566,physics,10,310,9377,b189ec765aa7ed75c8acfea42df31fdae71f97be,E
mmlu_pro:test:9567,physics,10,189,9378,b189ec765aa7ed75c8acfea42df31fdae71f97be,D
mmlu_pro:test:9568,physics,10,149,9379,b189ec765aa7ed75c8acfea42df31fdae71f97be,G
mmlu_pro:test:9569,physics,10,170,9380,b189ec765aa7ed75c8acfea42df31fdae71f97be,C
mmlu_pro:test:9570,physics,10,164,9381,b189ec765aa7ed75c8acfea42df31fdae71f97be,E
mmlu_pro:test:9571,physics,10,152,9382,b189ec765aa7ed75c8acfea42df31fdae71f97be,G
mmlu_pro:test:9572,physics,10,257,9383,b189ec765aa7ed75c8acfea42df31fdae71f97be,C
mmlu_pro:test:9573,physics,10,149,9384,b189ec765aa7ed75c8acfea42df31fdae71f97be,A
mmlu_pro:test:9574,physics,10,230,9385,b189ec765aa7ed75c8acfea42df31fdae71f97be,F
mmlu_pro:test:9575,physics,10,374,9386,b189ec765aa7ed75c8acfea42df31fdae71f97be,B
mmlu_pro:test:9576,physics,10,133,9387,b189ec765aa7ed75c8acfea42df31fdae71f97be,B
mmlu_pro:test:9577,physics,10,289,9388,b189ec765aa7ed75c8acfea42df31fdae71f97be,F
mmlu_pro:test:9578,physics,10,271,9389,b189ec765aa7ed75c8acfea42df31fdae71f97be,A
mmlu_pro:test:9579,physics,10,179,9390,b189ec765aa7ed75c8acfea42df31fdae71f97be,H
mmlu_pro:test:9580,physics,10,133,9391,b189ec765aa7ed75c8acfea42df31fdae71f97be,E
mmlu_pro:test:9581,physics,10,397,9392,b189ec765aa7ed75c8acfea42df31fdae71f97be,B
mmlu_pro:test:9582,physics,10,288,9393,b189ec765aa7ed75c8acfea42df31fdae71f97be,B
mmlu_pro:test:9583,physics,10,189,9394,b189ec765aa7ed75c8acfea42df31fdae71f97be,J
mmlu_pro:test:9584,physics,10,179,9395,b189ec765aa7ed75c8acfea42df31fdae71f97be,D
mmlu_pro:test:9585,physics,10,153,9396,b189ec765aa7ed75c8acfea42df31fdae71f97be,D
mmlu_pro:test:9586,physics,10,68,9397,b189ec765aa7ed75c8acfea42df31fdae71f97be,G
mmlu_pro:test:9587,physics,10,91,9398,b189ec765aa7ed75c8acfea42df31fdae71f97be,B
mmlu_pro:test:9588,physics,10,236,9399,b189ec765aa7ed75c8acfea42df31fdae71f97be,B
mmlu_pro:test:9589,physics,10,397,9400,b189ec765aa7ed75c8acfea42df31fdae71f97be,A
mmlu_pro:test:9590,physics,10,410,9401,b189ec765aa7ed75c8acfea42df31fdae71f97be,C
mmlu_pro:test:9591,physics,10,612,9402,b189ec765aa7ed75c8acfea42df31fdae71f97be,H
mmlu_pro:test:9592,physics,10,187,9403,b189ec765aa7ed75c8acfea42df31fdae71f97be,J
mmlu_pro:test:9593,physics,10,369,9404,b189ec765aa7ed75c8acfea42df31fdae71f97be,E
mmlu_pro:test:9594,physics,10,237,9405,b189ec765aa7ed75c8acfea42df31fdae71f97be,E
mmlu_pro:test:9595,physics,10,160,9406,b189ec765aa7ed75c8acfea42df31fdae71f97be,D
mmlu_pro:test:9596,physics,10,385,9407,b189ec765aa7ed75c8acfea42df31fdae71f97be,C
mmlu_pro:test:9597,physics,10,240,9408,b189ec765aa7ed75c8acfea42df31fdae71f97be,C
mmlu_pro:test:9598,physics,10,123,9409,b189ec765aa7ed75c8acfea42df31fdae71f97be,F
mmlu_pro:test:9599,physics,8,104,9410,b189ec765aa7ed75c8acfea42df31fdae71f97be,D
mmlu_pro:test:9600,physics,10,520,9411,b189ec765aa7ed75c8acfea42df31fdae71f97be,A
mmlu_pro:test:9602,physics,10,165,9413,b189ec765aa7ed75c8acfea42df31fdae71f97be,G
mmlu_pro:test:9603,physics,10,329,9414,b189ec765aa7ed75c8acfea42df31fdae71f97be,D
mmlu_pro:test:9605,physics,10,202,9416,b189ec765aa7ed75c8acfea42df31fdae71f97be,G
mmlu_pro:test:9606,physics,10,384,9417,b189ec765aa7ed75c8acfea42df31fdae71f97be,G
mmlu_pro:test:9607,physics,10,162,9418,b189ec765aa7ed75c8acfea42df31fdae71f97be,A
mmlu_pro:test:9608,physics,10,150,9419,b189ec765aa7ed75c8acfea42df31fdae71f97be,E
mmlu_pro:test:9609,physics,10,208,9420,b189ec765aa7ed75c8acfea42df31fdae71f97be,F
mmlu_pro:test:9610,physics,10,236,9421,b189ec765aa7ed75c8acfea42df31fdae71f97be,A
mmlu_pro:test:9611,physics,10,227,9422,b189ec765aa7ed75c8acfea42df31fdae71f97be,E
mmlu_pro:test:9612,physics,10,528,9423,b189ec765aa7ed75c8acfea42df31fdae71f97be,A
mmlu_pro:test:9613,physics,10,312,9424,b189ec765aa7ed75c8acfea42df31fdae71f97be,C
mmlu_pro:test:9614,physics,10,393,9425,b189ec765aa7ed75c8acfea42df31fdae71f97be,E
mmlu_pro:test:9615,physics,10,642,9426,b189ec765aa7ed75c8acfea42df31fdae71f97be,J
mmlu_pro:test:9616,physics,10,88,9427,b189ec765aa7ed75c8acfea42df31fdae71f97be,H
mmlu_pro:test:9617,physics,10,91,9428,b189ec765aa7ed75c8acfea42df31fdae71f97be,F
mmlu_pro:test:9618,physics,10,154,9429,b189ec765aa7ed75c8acfea42df31fdae71f97be,B
mmlu_pro:test:9619,physics,10,385,9430,b189ec765aa7ed75c8acfea42df31fdae71f97be,E
mmlu_pro:test:9620,physics,10,256,9431,b189ec765aa7ed75c8acfea42df31fdae71f97be,D
mmlu_pro:test:9621,physics,10,43,9432,b189ec765aa7ed75c8acfea42df31fdae71f97be,B
mmlu_pro:test:9622,physics,10,171,9433,b189ec765aa7ed75c8acfea42df31fdae71f97be,F
mmlu_pro:test:9623,physics,10,175,9434,b189ec765aa7ed75c8acfea42df31fdae71f97be,A
mmlu_pro:test:9624,physics,10,392,9435,b189ec765aa7ed75c8acfea42df31fdae71f97be,I
mmlu_pro:test:9625,physics,10,65,9436,b189ec765aa7ed75c8acfea42df31fdae71f97be,I
mmlu_pro:test:9626,physics,10,140,9437,b189ec765aa7ed75c8acfea42df31fdae71f97be,F
mmlu_pro:test:9627,physics,10,242,9438,b189ec765aa7ed75c8acfea42df31fdae71f97be,C
mmlu_pro:test:9628,physics,10,205,9439,b189ec765aa7ed75c8acfea42df31fdae71f97be,B
mmlu_pro:test:9629,physics,10,265,9440,b189ec765aa7ed75c8acfea42df31fdae71f97be,H
mmlu_pro:test:9630,physics,10,194,9441,b189ec765aa7ed75c8acfea42df31fdae71f97be,F
mmlu_pro:test:9632,physics,10,231,9443,b189ec765aa7ed75c8acfea42df31fdae71f97be,D
mmlu_pro:test:9633,physics,10,447,9444,b189ec765aa7ed75c8acfea42df31fdae71f97be,H
mmlu_pro:test:9634,physics,10,76,9445,b189ec765aa7ed75c8acfea42df31fdae71f97be,G
mmlu_pro:test:9635,physics,8,29,9446,b189ec765aa7ed75c8acfea42df31fdae71f97be,H
mmlu_pro:test:9636,physics,10,142,9447,b189ec765aa7ed75c8acfea42df31fdae71f97be,C
mmlu_pro:test:9637,physics,10,134,9448,b189ec765aa7ed75c8acfea42df31fdae71f97be,F
mmlu_pro:test:9638,physics,9,65,9449,b189ec765aa7ed75c8acfea42df31fdae71f97be,D
mmlu_pro:test:9639,physics,10,51,9450,b189ec765aa7ed75c8acfea42df31fdae71f97be,A
mmlu_pro:test:9640,physics,10,68,9451,b189ec765aa7ed75c8acfea42df31fdae71f97be,F
mmlu_pro:test:9642,physics,10,682,9452,b189ec765aa7ed75c8acfea42df31fdae71f97be,J
mmlu_pro:test:9643,physics,10,285,9453,b189ec765aa7ed75c8acfea42df31fdae71f97be,H
mmlu_pro:test:9644,physics,10,148,9454,b189ec765aa7ed75c8acfea42df31fdae71f97be,I
mmlu_pro:test:9645,physics,10,129,9455,b189ec765aa7ed75c8acfea42df31fdae71f97be,I
mmlu_pro:test:9647,physics,10,254,9457,b189ec765aa7ed75c8acfea42df31fdae71f97be,I
mmlu_pro:test:9648,physics,10,300,9458,b189ec765aa7ed75c8acfea42df31fdae71f97be,E
mmlu_pro:test:9649,physics,10,366,9459,b189ec765aa7ed75c8acfea42df31fdae71f97be,A
mmlu_pro:test:9650,physics,10,99,9460,b189ec765aa7ed75c8acfea42df31fdae71f97be,F
mmlu_pro:test:9651,physics,10,251,9461,b189ec765aa7ed75c8acfea42df31fdae71f97be,A
mmlu_pro:test:9652,physics,10,240,9462,b189ec765aa7ed75c8acfea42df31fdae71f97be,H
mmlu_pro:test:9653,physics,10,404,9463,b189ec765aa7ed75c8acfea42df31fdae71f97be,A
mmlu_pro:test:9654,physics,8,312,9464,b189ec765aa7ed75c8acfea42df31fdae71f97be,D
mmlu_pro:test:9655,physics,10,118,9465,b189ec765aa7ed75c8acfea42df31fdae71f97be,G
mmlu_pro:test:9656,physics,10,155,9466,b189ec765aa7ed75c8acfea42df31fdae71f97be,J
mmlu_pro:test:9657,physics,10,197,9467,b189ec765aa7ed75c8acfea42df31fdae71f97be,D
mmlu_pro:test:9658,physics,10,183,9468,b189ec765aa7ed75c8acfea42df31fdae71f97be,F
mmlu_pro:test:9659,physics,10,192,9469,b189ec765aa7ed75c8acfea42df31fdae71f97be,J
mmlu_pro:test:9660,physics,10,178,9470,b189ec765aa7ed75c8acfea42df31fdae71f97be,I
mmlu_pro:test:9661,physics,10,149,9471,b189ec765aa7ed75c8acfea42df31fdae71f97be,I
mmlu_pro:test:9662,physics,10,154,9472,b189ec765aa7ed75c8acfea42df31fdae71f97be,G
mmlu_pro:test:9663,physics,10,60,9473,b189ec765aa7ed75c8acfea42df31fdae71f97be,A
mmlu_pro:test:9664,physics,10,265,9474,b189ec765aa7ed75c8acfea42df31fdae71f97be,I
mmlu_pro:test:9665,physics,10,288,9475,b189ec765aa7ed75c8acfea42df31fdae71f97be,I
mmlu_pro:test:9666,physics,10,93,9476,b189ec765aa7ed75c8acfea42df31fdae71f97be,E
mmlu_pro:test:9667,physics,10,528,9477,b189ec765aa7ed75c8acfea42df31fdae71f97be,A
mmlu_pro:test:9668,physics,10,354,9478,b189ec765aa7ed75c8acfea42df31fdae71f97be,F
mmlu_pro:test:9669,physics,10,420,9479,b189ec765aa7ed75c8acfea42df31fdae71f97be,G
mmlu_pro:test:9670,physics,10,284,9480,b189ec765aa7ed75c8acfea42df31fdae71f97be,E
mmlu_pro:test:9671,physics,10,243,9481,b189ec765aa7ed75c8acfea42df31fdae71f97be,H
mmlu_pro:test:9672,physics,10,299,9482,b189ec765aa7ed75c8acfea42df31fdae71f97be,I
mmlu_pro:test:9673,physics,10,218,9483,b189ec765aa7ed75c8acfea42df31fdae71f97be,F
mmlu_pro:test:9674,physics,10,167,9484,b189ec765aa7ed75c8acfea42df31fdae71f97be,C
mmlu_pro:test:9675,physics,10,102,9485,b189ec765aa7ed75c8acfea42df31fdae71f97be,I
mmlu_pro:test:9676,physics,10,359,9486,b189ec765aa7ed75c8acfea42df31fdae71f97be,G
mmlu_pro:test:9677,physics,10,73,9487,b189ec765aa7ed75c8acfea42df31fdae71f97be,C
mmlu_pro:test:9678,physics,10,105,9488,b189ec765aa7ed75c8acfea42df31fdae71f97be,I
mmlu_pro:test:9679,physics,10,71,9489,b189ec765aa7ed75c8acfea42df31fdae71f97be,E
mmlu_pro:test:9680,physics,9,53,9490,b189ec765aa7ed75c8acfea42df31fdae71f97be,E
mmlu_pro:test:9681,physics,10,148,9491,b189ec765aa7ed75c8acfea42df31fdae71f97be,H
mmlu_pro:test:9682,physics,10,196,9492,b189ec765aa7ed75c8acfea42df31fdae71f97be,E
mmlu_pro:test:9683,physics,10,196,9493,b189ec765aa7ed75c8acfea42df31fdae71f97be,C
mmlu_pro:test:9684,physics,10,327,9494,b189ec765aa7ed75c8acfea42df31fdae71f97be,G
mmlu_pro:test:9685,physics,10,253,9495,b189ec765aa7ed75c8acfea42df31fdae71f97be,G
mmlu_pro:test:9686,physics,10,200,9496,b189ec765aa7ed75c8acfea42df31fdae71f97be,H
mmlu_pro:test:9687,physics,10,370,9497,b189ec765aa7ed75c8acfea42df31fdae71f97be,G
mmlu_pro:test:9688,physics,10,281,9498,b189ec765aa7ed75c8acfea42df31fdae71f97be,H
mmlu_pro:test:9689,physics,10,193,9499,b189ec765aa7ed75c8acfea42df31fdae71f97be,A
mmlu_pro:test:9690,physics,10,410,9500,b189ec765aa7ed75c8acfea42df31fdae71f97be,D
mmlu_pro:test:9691,physics,10,267,9501,b189ec765aa7ed75c8acfea42df31fdae71f97be,I
mmlu_pro:test:9692,physics,10,109,9502,b189ec765aa7ed75c8acfea42df31fdae71f97be,F
mmlu_pro:test:9693,physics,10,51,9503,b189ec765aa7ed75c8acfea42df31fdae71f97be,J
mmlu_pro:test:9694,physics,10,299,9504,b189ec765aa7ed75c8acfea42df31fdae71f97be,C
mmlu_pro:test:9695,physics,10,218,9505,b189ec765aa7ed75c8acfea42df31fdae71f97be,A
mmlu_pro:test:9696,physics,10,95,9506,b189ec765aa7ed75c8acfea42df31fdae71f97be,E
mmlu_pro:test:9697,physics,10,240,9507,b189ec765aa7ed75c8acfea42df31fdae71f97be,H
mmlu_pro:test:9698,physics,10,277,9508,b189ec765aa7ed75c8acfea42df31fdae71f97be,H
mmlu_pro:test:9699,physics,10,197,9509,b189ec765aa7ed75c8acfea42df31fdae71f97be,G
mmlu_pro:test:9700,physics,10,508,9510,b189ec765aa7ed75c8acfea42df31fdae71f97be,F
mmlu_pro:test:9701,physics,10,167,9511,b189ec765aa7ed75c8acfea42df31fdae71f97be,A
mmlu_pro:test:9702,physics,10,186,9512,b189ec765aa7ed75c8acfea42df31fdae71f97be,J
mmlu_pro:test:9703,physics,10,409,9513,b189ec765aa7ed75c8acfea42df31fdae71f97be,B
mmlu_pro:test:9704,physics,10,172,9514,b189ec765aa7ed75c8acfea42df31fdae71f97be,J
mmlu_pro:test:9705,physics,10,243,9515,b189ec765aa7ed75c8acfea42df31fdae71f97be,C
mmlu_pro:test:9706,physics,10,171,9516,b189ec765aa7ed75c8acfea42df31fdae71f97be,E
mmlu_pro:test:9707,physics,10,316,9517,b189ec765aa7ed75c8acfea42df31fdae71f97be,I
mmlu_pro:test:9708,physics,10,73,9518,b189ec765aa7ed75c8acfea42df31fdae71f97be,A
mmlu_pro:test:9709,physics,10,241,9519,b189ec765aa7ed75c8acfea42df31fdae71f97be,I
mmlu_pro:test:9710,physics,10,60,9520,b189ec765aa7ed75c8acfea42df31fdae71f97be,A
mmlu_pro:test:9711,physics,10,194,9521,b189ec765aa7ed75c8acfea42df31fdae71f97be,D
mmlu_pro:test:9712,physics,10,72,9522,b189ec765aa7ed75c8acfea42df31fdae71f97be,C
mmlu_pro:test:9713,physics,10,309,9523,b189ec765aa7ed75c8acfea42df31fdae71f97be,D
mmlu_pro:test:9714,physics,10,137,9524,b189ec765aa7ed75c8acfea42df31fdae71f97be,E
mmlu_pro:test:9715,physics,10,385,9525,b189ec765aa7ed75c8acfea42df31fdae71f97be,E
mmlu_pro:test:9716,physics,10,141,9526,b189ec765aa7ed75c8acfea42df31fdae71f97be,I
mmlu_pro:test:9717,physics,10,179,9527,b189ec765aa7ed75c8acfea42df31fdae71f97be,C
mmlu_pro:test:9718,physics,10,185,9528,b189ec765aa7ed75c8acfea42df31fdae71f97be,G
mmlu_pro:test:9719,physics,10,112,9529,b189ec765aa7ed75c8acfea42df31fdae71f97be,D
mmlu_pro:test:9721,physics,10,193,9531,b189ec765aa7ed75c8acfea42df31fdae71f97be,J
mmlu_pro:test:9722,physics,10,176,9532,b189ec765aa7ed75c8acfea42df31fdae71f97be,D
mmlu_pro:test:9723,physics,10,225,9533,b189ec765aa7ed75c8acfea42df31fdae71f97be,H
mmlu_pro:test:9724,physics,10,350,9534,b189ec765aa7ed75c8acfea42df31fdae71f97be,H
mmlu_pro:test:9725,physics,10,183,9535,b189ec765aa7ed75c8acfea42df31fdae71f97be,F
mmlu_pro:test:9726,physics,10,155,9536,b189ec765aa7ed75c8acfea42df31fdae71f97be,I
mmlu_pro:test:9727,physics,10,61,9537,b189ec765aa7ed75c8acfea42df31fdae71f97be,I
mmlu_pro:test:9728,physics,8,36,9538,b189ec765aa7ed75c8acfea42df31fdae71f97be,A
mmlu_pro:test:9729,physics,9,38,9539,b189ec765aa7ed75c8acfea42df31fdae71f97be,A
mmlu_pro:test:9730,physics,10,61,9540,b189ec765aa7ed75c8acfea42df31fdae71f97be,H
mmlu_pro:test:9731,physics,10,184,9541,b189ec765aa7ed75c8acfea42df31fdae71f97be,D
mmlu_pro:test:9732,physics,8,80,9542,b189ec765aa7ed75c8acfea42df31fdae71f97be,C
mmlu_pro:test:9733,physics,10,51,9543,b189ec765aa7ed75c8acfea42df31fdae71f97be,A
mmlu_pro:test:9734,physics,10,95,9544,b189ec765aa7ed75c8acfea42df31fdae71f97be,B
mmlu_pro:test:9735,physics,10,99,9545,b189ec765aa7ed75c8acfea42df31fdae71f97be,H
mmlu_pro:test:9736,physics,10,80,9546,b189ec765aa7ed75c8acfea42df31fdae71f97be,E
mmlu_pro:test:9737,physics,10,55,9547,b189ec765aa7ed75c8acfea42df31fdae71f97be,A
mmlu_pro:test:9738,physics,10,90,9548,b189ec765aa7ed75c8acfea42df31fdae71f97be,J
mmlu_pro:test:9739,physics,10,175,9549,b189ec765aa7ed75c8acfea42df31fdae71f97be,A
mmlu_pro:test:9740,physics,10,95,9550,b189ec765aa7ed75c8acfea42df31fdae71f97be,F
mmlu_pro:test:9741,physics,10,675,9551,b189ec765aa7ed75c8acfea42df31fdae71f97be,B
mmlu_pro:test:9742,physics,10,252,9552,b189ec765aa7ed75c8acfea42df31fdae71f97be,J
mmlu_pro:test:9743,physics,10,97,9553,b189ec765aa7ed75c8acfea42df31fdae71f97be,H
mmlu_pro:test:9744,physics,10,136,9554,b189ec765aa7ed75c8acfea42df31fdae71f97be,I
mmlu_pro:test:9745,physics,4,338,9555,b189ec765aa7ed75c8acfea42df31fdae71f97be,B
mmlu_pro:test:9746,physics,10,159,9556,b189ec765aa7ed75c8acfea42df31fdae71f97be,B
mmlu_pro:test:9747,physics,10,271,9557,b189ec765aa7ed75c8acfea42df31fdae71f97be,J
mmlu_pro:test:9748,physics,9,216,9558,b189ec765aa7ed75c8acfea42df31fdae71f97be,I
mmlu_pro:test:9749,physics,10,367,9559,b189ec765aa7ed75c8acfea42df31fdae71f97be,A
mmlu_pro:test:9750,physics,10,244,9560,b189ec765aa7ed75c8acfea42df31fdae71f97be,I
mmlu_pro:test:9751,physics,10,132,9561,b189ec765aa7ed75c8acfea42df31fdae71f97be,G
mmlu_pro:test:9752,physics,10,291,9562,b189ec765aa7ed75c8acfea42df31fdae71f97be,A
mmlu_pro:test:9754,physics,10,304,9564,b189ec765aa7ed75c8acfea42df31fdae71f97be,J
mmlu_pro:test:9755,physics,10,126,9565,b189ec765aa7ed75c8acfea42df31fdae71f97be,D
mmlu_pro:test:9756,physics,10,140,9566,b189ec765aa7ed75c8acfea42df31fdae71f97be,D
mmlu_pro:test:9757,physics,10,189,9567,b189ec765aa7ed75c8acfea42df31fdae71f97be,A
mmlu_pro:test:9758,physics,10,145,9568,b189ec765aa7ed75c8acfea42df31fdae71f97be,J
mmlu_pro:test:9759,physics,10,351,9569,b189ec765aa7ed75c8acfea42df31fdae71f97be,H
mmlu_pro:test:9760,physics,10,209,9570,b189ec765aa7ed75c8acfea42df31fdae71f97be,F
mmlu_pro:test:9761,physics,10,155,9571,b189ec765aa7ed75c8acfea42df31fdae71f97be,B
mmlu_pro:test:9762,physics,10,480,9572,b189ec765aa7ed75c8acfea42df31fdae71f97be,B
mmlu_pro:test:9763,physics,10,59,9573,b189ec765aa7ed75c8acfea42df31fdae71f97be,F
mmlu_pro:test:9764,physics,10,92,9574,b189ec765aa7ed75c8acfea42df31fdae71f97be,D
mmlu_pro:test:9765,physics,10,149,9575,b189ec765aa7ed75c8acfea42df31fdae71f97be,I
mmlu_pro:test:9766,physics,10,187,9576,b189ec765aa7ed75c8acfea42df31fdae71f97be,B
mmlu_pro:test:9767,physics,10,71,9577,b189ec765aa7ed75c8acfea42df31fdae71f97be,A
mmlu_pro:test:9768,physics,10,264,9578,b189ec765aa7ed75c8acfea42df31fdae71f97be,G
mmlu_pro:test:9769,physics,10,147,9579,b189ec765aa7ed75c8acfea42df31fdae71f97be,E
mmlu_pro:test:9770,physics,10,356,9580,b189ec765aa7ed75c8acfea42df31fdae71f97be,F
mmlu_pro:test:9771,physics,10,516,9581,b189ec765aa7ed75c8acfea42df31fdae71f97be,F
mmlu_pro:test:9772,physics,10,443,9582,b189ec765aa7ed75c8acfea42df31fdae71f97be,H
mmlu_pro:test:9773,physics,10,209,9583,b189ec765aa7ed75c8acfea42df31fdae71f97be,E
mmlu_pro:test:9774,physics,10,226,9584,b189ec765aa7ed75c8acfea42df31fdae71f97be,D
mmlu_pro:test:9775,physics,10,212,9585,b189ec765aa7ed75c8acfea42df31fdae71f97be,I
mmlu_pro:test:9776,physics,10,351,9586,b189ec765aa7ed75c8acfea42df31fdae71f97be,D
mmlu_pro:test:9777,physics,10,201,9587,b189ec765aa7ed75c8acfea42df31fdae71f97be,A
mmlu_pro:test:9778,physics,10,115,9588,b189ec765aa7ed75c8acfea42df31fdae71f97be,E
mmlu_pro:test:9779,physics,10,120,9589,b189ec765aa7ed75c8acfea42df31fdae71f97be,G
mmlu_pro:test:9780,physics,10,319,9590,b189ec765aa7ed75c8acfea42df31fdae71f97be,B
mmlu_pro:test:9781,physics,10,141,9591,b189ec765aa7ed75c8acfea42df31fdae71f97be,I
mmlu_pro:test:9782,physics,10,135,9592,b189ec765aa7ed75c8acfea42df31fdae71f97be,G
mmlu_pro:test:9783,physics,10,325,9593,b189ec765aa7ed75c8acfea42df31fdae71f97be,C
mmlu_pro:test:9784,physics,10,362,9594,b189ec765aa7ed75c8acfea42df31fdae71f97be,C
mmlu_pro:test:9785,physics,10,223,9595,b189ec765aa7ed75c8acfea42df31fdae71f97be,H
mmlu_pro:test:9786,physics,10,212,9596,b189ec765aa7ed75c8acfea42df31fdae71f97be,A
mmlu_pro:test:9787,physics,10,100,9597,b189ec765aa7ed75c8acfea42df31fdae71f97be,J
mmlu_pro:test:9788,physics,10,187,9598,b189ec765aa7ed75c8acfea42df31fdae71f97be,C
mmlu_pro:test:9789,physics,10,244,9599,b189ec765aa7ed75c8acfea42df31fdae71f97be,D
mmlu_pro:test:9790,physics,10,171,9600,b189ec765aa7ed75c8acfea42df31fdae71f97be,D
mmlu_pro:test:9791,physics,10,132,9601,b189ec765aa7ed75c8acfea42df31fdae71f97be,I
mmlu_pro:test:9792,physics,10,301,9602,b189ec765aa7ed75c8acfea42df31fdae71f97be,G
mmlu_pro:test:9793,physics,10,404,9603,b189ec765aa7ed75c8acfea42df31fdae71f97be,G
mmlu_pro:test:9794,physics,10,201,9604,b189ec765aa7ed75c8acfea42df31fdae71f97be,J
mmlu_pro:test:9795,physics,10,155,9605,b189ec765aa7ed75c8acfea42df31fdae71f97be,C
mmlu_pro:test:9796,physics,10,81,9606,b189ec765aa7ed75c8acfea42df31fdae71f97be,G
mmlu_pro:test:9797,physics,10,253,9607,b189ec765aa7ed75c8acfea42df31fdae71f97be,E
mmlu_pro:test:9798,physics,10,204,9608,b189ec765aa7ed75c8acfea42df31fdae71f97be,C
mmlu_pro:test:9799,physics,10,195,9609,b189ec765aa7ed75c8acfea42df31fdae71f97be,E
mmlu_pro:test:9800,physics,10,164,9610,b189ec765aa7ed75c8acfea42df31fdae71f97be,C
mmlu_pro:test:9801,physics,10,165,9611,b189ec765aa7ed75c8acfea42df31fdae71f97be,I
mmlu_pro:test:9802,physics,10,354,9612,b189ec765aa7ed75c8acfea42df31fdae71f97be,I
mmlu_pro:test:9803,physics,10,207,9613,b189ec765aa7ed75c8acfea42df31fdae71f97be,I
mmlu_pro:test:9804,physics,10,409,9614,b189ec765aa7ed75c8acfea42df31fdae71f97be,H
mmlu_pro:test:9805,physics,10,196,9615,b189ec765aa7ed75c8acfea42df31fdae71f97be,J
mmlu_pro:test:9806,physics,10,211,9616,b189ec765aa7ed75c8acfea42df31fdae71f97be,H
mmlu_pro:test:9807,physics,10,89,9617,b189ec765aa7ed75c8acfea42df31fdae71f97be,I
mmlu_pro:test:9808,physics,10,323,9618,b189ec765aa7ed75c8acfea42df31fdae71f97be,G
mmlu_pro:test:9809,physics,10,93,9619,b189ec765aa7ed75c8acfea42df31fdae71f97be,F
mmlu_pro:test:9810,physics,10,260,9620,b189ec765aa7ed75c8acfea42df31fdae71f97be,J
mmlu_pro:test:9811,physics,10,304,9621,b189ec765aa7ed75c8acfea42df31fdae71f97be,A
mmlu_pro:test:9813,physics,10,133,9622,b189ec765aa7ed75c8acfea42df31fdae71f97be,E
mmlu_pro:test:9814,physics,9,361,9623,b189ec765aa7ed75c8acfea42df31fdae71f97be,D
mmlu_pro:test:9815,physics,10,148,9624,b189ec765aa7ed75c8acfea42df31fdae71f97be,H
mmlu_pro:test:9816,physics,10,280,9625,b189ec765aa7ed75c8acfea42df31fdae71f97be,A
mmlu_pro:test:9817,physics,10,328,9626,b189ec765aa7ed75c8acfea42df31fdae71f97be,B
mmlu_pro:test:9818,physics,10,273,9627,b189ec765aa7ed75c8acfea42df31fdae71f97be,D
mmlu_pro:test:9819,physics,10,203,9628,b189ec765aa7ed75c8acfea42df31fdae71f97be,I
mmlu_pro:test:9820,physics,10,300,9629,b189ec765aa7ed75c8acfea42df31fdae71f97be,H
mmlu_pro:test:9821,physics,10,328,9630,b189ec765aa7ed75c8acfea42df31fdae71f97be,H
mmlu_pro:test:9822,physics,10,314,9631,b189ec765aa7ed75c8acfea42df31fdae71f97be,A
mmlu_pro:test:9823,physics,10,155,9632,b189ec765aa7ed75c8acfea42df31fdae71f97be,G
mmlu_pro:test:9824,physics,10,85,9633,b189ec765aa7ed75c8acfea42df31fdae71f97be,I
mmlu_pro:test:9825,physics,10,34,9634,b189ec765aa7ed75c8acfea42df31fdae71f97be,F
mmlu_pro:test:9827,physics,10,282,9636,b189ec765aa7ed75c8acfea42df31fdae71f97be,C
mmlu_pro:test:9828,physics,10,67,9637,b189ec765aa7ed75c8acfea42df31fdae71f97be,B
mmlu_pro:test:9829,physics,10,34,9638,b189ec765aa7ed75c8acfea42df31fdae71f97be,H
mmlu_pro:test:9830,physics,8,126,9639,b189ec765aa7ed75c8acfea42df31fdae71f97be,H
mmlu_pro:test:9831,physics,10,119,9640,b189ec765aa7ed75c8acfea42df31fdae71f97be,I
mmlu_pro:test:9832,physics,10,170,9641,b189ec765aa7ed75c8acfea42df31fdae71f97be,I
mmlu_pro:test:9833,physics,10,376,9642,b189ec765aa7ed75c8acfea42df31fdae71f97be,H
mmlu_pro:test:9835,physics,10,138,9644,b189ec765aa7ed75c8acfea42df31fdae71f97be,A
mmlu_pro:test:9836,physics,10,108,9645,b189ec765aa7ed75c8acfea42df31fdae71f97be,A
mmlu_pro:test:9837,physics,10,125,9646,b189ec765aa7ed75c8acfea42df31fdae71f97be,C
mmlu_pro:test:9838,physics,10,250,9647,b189ec765aa7ed75c8acfea42df31fdae71f97be,G
mmlu_pro:test:9839,physics,10,254,9648,b189ec765aa7ed75c8acfea42df31fdae71f97be,I
mmlu_pro:test:9840,physics,10,204,9649,b189ec765aa7ed75c8acfea42df31fdae71f97be,D
mmlu_pro:test:9841,physics,10,180,9650,b189ec765aa7ed75c8acfea42df31fdae71f97be,I
mmlu_pro:test:9842,physics,10,207,9651,b189ec765aa7ed75c8acfea42df31fdae71f97be,G
mmlu_pro:test:9843,physics,10,257,9652,b189ec765aa7ed75c8acfea42df31fdae71f97be,A
mmlu_pro:test:9844,physics,10,130,9653,b189ec765aa7ed75c8acfea42df31fdae71f97be,B
mmlu_pro:test:9845,physics,10,147,9654,b189ec765aa7ed75c8acfea42df31fdae71f97be,G
mmlu_pro:test:9846,physics,10,240,9655,b189ec765aa7ed75c8acfea42df31fdae71f97be,G
mmlu_pro:test:9847,physics,10,278,9656,b189ec765aa7ed75c8acfea42df31fdae71f97be,C
mmlu_pro:test:9848,physics,10,252,9657,b189ec765aa7ed75c8acfea42df31fdae71f97be,H
mmlu_pro:test:9849,physics,10,395,9658,b189ec765aa7ed75c8acfea42df31fdae71f97be,H
mmlu_pro:test:9850,physics,10,483,9659,b189ec765aa7ed75c8acfea42df31fdae71f97be,F
mmlu_pro:test:9851,physics,10,185,9660,b189ec765aa7ed75c8acfea42df31fdae71f97be,D
mmlu_pro:test:9852,physics,10,245,9661,b189ec765aa7ed75c8acfea42df31fdae71f97be,G
mmlu_pro:test:9853,physics,10,119,9662,b189ec765aa7ed75c8acfea42df31fdae71f97be,G
mmlu_pro:test:9854,physics,10,182,9663,b189ec765aa7ed75c8acfea42df31fdae71f97be,D
mmlu_pro:test:9855,physics,10,168,9664,b189ec765aa7ed75c8acfea42df31fdae71f97be,H
mmlu_pro:test:9856,physics,10,170,9665,b189ec765aa7ed75c8acfea42df31fdae71f97be,D
mmlu_pro:test:9857,physics,10,729,9666,b189ec765aa7ed75c8acfea42df31fdae71f97be,C
mmlu_pro:test:9858,physics,10,351,9667,b189ec765aa7ed75c8acfea42df31fdae71f97be,F
mmlu_pro:test:9859,physics,9,458,9668,b189ec765aa7ed75c8acfea42df31fdae71f97be,H
mmlu_pro:test:9860,physics,10,267,9669,b189ec765aa7ed75c8acfea42df31fdae71f97be,H
mmlu_pro:test:9861,physics,10,172,9670,b189ec765aa7ed75c8acfea42df31fdae71f97be,A
mmlu_pro:test:9862,physics,10,230,9671,b189ec765aa7ed75c8acfea42df31fdae71f97be,I
mmlu_pro:test:9863,physics,10,219,9672,b189ec765aa7ed75c8acfea42df31fdae71f97be,A
mmlu_pro:test:9864,physics,10,382,9673,b189ec765aa7ed75c8acfea42df31fdae71f97be,H
mmlu_pro:test:9865,physics,10,298,9674,b189ec765aa7ed75c8acfea42df31fdae71f97be,A
mmlu_pro:test:9866,physics,10,309,9675,b189ec765aa7ed75c8acfea42df31fdae71f97be,A
mmlu_pro:test:9867,physics,10,246,9676,b189ec765aa7ed75c8acfea42df31fdae71f97be,B
mmlu_pro:test:9868,physics,10,164,9677,b189ec765aa7ed75c8acfea42df31fdae71f97be,G
mmlu_pro:test:9869,physics,10,196,9678,b189ec765aa7ed75c8acfea42df31fdae71f97be,C
mmlu_pro:test:9870,physics,10,287,9679,b189ec765aa7ed75c8acfea42df31fdae71f97be,G
mmlu_pro:test:9871,physics,10,62,9680,b189ec765aa7ed75c8acfea42df31fdae71f97be,B
mmlu_pro:test:9872,physics,10,61,9681,b189ec765aa7ed75c8acfea42df31fdae71f97be,G
mmlu_pro:test:9873,physics,10,93,9682,b189ec765aa7ed75c8acfea42df31fdae71f97be,B
mmlu_pro:test:9874,physics,10,95,9683,b189ec765aa7ed75c8acfea42df31fdae71f97be,A
mmlu_pro:test:9875,physics,10,123,9684,b189ec765aa7ed75c8acfea42df31fdae71f97be,H
mmlu_pro:test:9876,physics,10,225,9685,b189ec765aa7ed75c8acfea42df31fdae71f97be,C
mmlu_pro:test:9877,physics,10,88,9686,b189ec765aa7ed75c8acfea42df31fdae71f97be,I
mmlu_pro:test:9878,physics,10,56,9687,b189ec765aa7ed75c8acfea42df31fdae71f97be,A
mmlu_pro:test:9880,physics,10,117,9688,b189ec765aa7ed75c8acfea42df31fdae71f97be,B
mmlu_pro:test:9881,physics,10,197,9689,b189ec765aa7ed75c8acfea42df31fdae71f97be,F
mmlu_pro:test:9882,physics,10,73,9690,b189ec765aa7ed75c8acfea42df31fdae71f97be,B
mmlu_pro:test:9883,physics,10,284,9691,b189ec765aa7ed75c8acfea42df31fdae71f97be,I
mmlu_pro:test:9884,physics,10,317,9692,b189ec765aa7ed75c8acfea42df31fdae71f97be,F
mmlu_pro:test:9885,physics,10,596,9693,b189ec765aa7ed75c8acfea42df31fdae71f97be,C
mmlu_pro:test:9886,physics,10,468,9694,b189ec765aa7ed75c8acfea42df31fdae71f97be,J
mmlu_pro:test:9887,physics,10,112,9695,b189ec765aa7ed75c8acfea42df31fdae71f97be,D
mmlu_pro:test:9888,physics,10,515,9696,b189ec765aa7ed75c8acfea42df31fdae71f97be,E
mmlu_pro:test:9889,physics,10,142,9697,b189ec765aa7ed75c8acfea42df31fdae71f97be,A
mmlu_pro:test:9890,physics,10,153,9698,b189ec765aa7ed75c8acfea42df31fdae71f97be,J
mmlu_pro:test:9891,physics,10,212,9699,b189ec765aa7ed75c8acfea42df31fdae71f97be,I
mmlu_pro:test:9892,physics,10,288,9700,b189ec765aa7ed75c8acfea42df31fdae71f97be,J
mmlu_pro:test:9893,physics,10,320,9701,b189ec765aa7ed75c8acfea42df31fdae71f97be,G
mmlu_pro:test:9894,physics,10,108,9702,b189ec765aa7ed75c8acfea42df31fdae71f97be,I
mmlu_pro:test:9895,physics,10,146,9703,b189ec765aa7ed75c8acfea42df31fdae71f97be,E
mmlu_pro:test:9896,physics,10,240,9704,b189ec765aa7ed75c8acfea42df31fdae71f97be,D
mmlu_pro:test:9897,physics,10,326,9705,b189ec765aa7ed75c8acfea42df31fdae71f97be,B
mmlu_pro:test:9898,physics,10,280,9706,b189ec765aa7ed75c8acfea42df31fdae71f97be,E
mmlu_pro:test:9899,physics,10,211,9707,b189ec765aa7ed75c8acfea42df31fdae71f97be,G
mmlu_pro:test:9900,physics,10,208,9708,b189ec765aa7ed75c8acfea42df31fdae71f97be,C
mmlu_pro:test:9901,physics,10,150,9709,b189ec765aa7ed75c8acfea42df31fdae71f97be,A
mmlu_pro:test:9902,physics,10,379,9710,b189ec765aa7ed75c8acfea42df31fdae71f97be,J
mmlu_pro:test:9903,physics,10,272,9711,b189ec765aa7ed75c8acfea42df31fdae71f97be,G
mmlu_pro:test:9904,physics,10,85,9712,b189ec765aa7ed75c8acfea42df31fdae71f97be,B
mmlu_pro:test:9905,physics,10,119,9713,b189ec765aa7ed75c8acfea42df31fdae71f97be,E
mmlu_pro:test:9907,physics,10,376,9715,b189ec765aa7ed75c8acfea42df31fdae71f97be,I
mmlu_pro:test:9908,physics,10,101,9716,b189ec765aa7ed75c8acfea42df31fdae71f97be,I
mmlu_pro:test:9909,physics,10,332,9717,b189ec765aa7ed75c8acfea42df31fdae71f97be,C
mmlu_pro:test:9910,physics,10,405,9718,b189ec765aa7ed75c8acfea42df31fdae71f97be,A
mmlu_pro:test:9911,physics,10,140,9719,b189ec765aa7ed75c8acfea42df31fdae71f97be,G
mmlu_pro:test:9912,physics,10,102,9720,b189ec765aa7ed75c8acfea42df31fdae71f97be,D
mmlu_pro:test:9913,physics,10,376,9721,b189ec765aa7ed75c8acfea42df31fdae71f97be,J
mmlu_pro:test:9914,physics,10,285,9722,b189ec765aa7ed75c8acfea42df31fdae71f97be,A
mmlu_pro:test:9915,physics,10,225,9723,b189ec765aa7ed75c8acfea42df31fdae71f97be,F
mmlu_pro:test:9916,physics,10,438,9724,b189ec765aa7ed75c8acfea42df31fdae71f97be,C
mmlu_pro:test:9917,physics,10,259,9725,b189ec765aa7ed75c8acfea42df31fdae71f97be,G
mmlu_pro:test:9918,physics,10,128,9726,b189ec765aa7ed75c8acfea42df31fdae71f97be,C
mmlu_pro:test:9920,physics,10,144,9728,b189ec765aa7ed75c8acfea42df31fdae71f97be,E
mmlu_pro:test:9921,physics,10,286,9729,b189ec765aa7ed75c8acfea42df31fdae71f97be,D
mmlu_pro:test:9922,physics,10,219,9730,b189ec765aa7ed75c8acfea42df31fdae71f97be,D
mmlu_pro:test:9923,physics,10,279,9731,b189ec765aa7ed75c8acfea42df31fdae71f97be,J
mmlu_pro:test:9924,physics,10,156,9732,b189ec765aa7ed75c8acfea42df31fdae71f97be,C
mmlu_pro:test:9925,physics,10,225,9733,b189ec765aa7ed75c8acfea42df31fdae71f97be,B
mmlu_pro:test:9926,physics,9,182,9734,b189ec765aa7ed75c8acfea42df31fdae71f97be,G
mmlu_pro:test:9927,physics,10,272,9735,b189ec765aa7ed75c8acfea42df31fdae71f97be,F
mmlu_pro:test:9928,physics,10,277,9736,b189ec765aa7ed75c8acfea42df31fdae71f97be,A
mmlu_pro:test:9930,physics,10,144,9737,b189ec765aa7ed75c8acfea42df31fdae71f97be,J
mmlu_pro:test:9931,physics,10,205,9738,b189ec765aa7ed75c8acfea42df31fdae71f97be,D
mmlu_pro:test:9932,physics,10,135,9739,b189ec765aa7ed75c8acfea42df31fdae71f97be,C
mmlu_pro:test:9933,physics,10,108,9740,b189ec765aa7ed75c8acfea42df31fdae71f97be,A
mmlu_pro:test:9934,physics,10,181,9741,b189ec765aa7ed75c8acfea42df31fdae71f97be,G
mmlu_pro:test:9935,physics,10,54,9742,b189ec765aa7ed75c8acfea42df31fdae71f97be,J
mmlu_pro:test:9936,physics,8,29,9743,b189ec765aa7ed75c8acfea42df31fdae71f97be,A
mmlu_pro:test:9937,physics,10,78,9744,b189ec765aa7ed75c8acfea42df31fdae71f97be,F
mmlu_pro:test:9938,physics,10,57,9745,b189ec765aa7ed75c8acfea42df31fdae71f97be,G
mmlu_pro:test:9939,physics,10,169,9746,b189ec765aa7ed75c8acfea42df31fdae71f97be,I
mmlu_pro:test:9940,physics,10,151,9747,b189ec765aa7ed75c8acfea42df31fdae71f97be,D
mmlu_pro:test:9941,physics,10,75,9748,b189ec765aa7ed75c8acfea42df31fdae71f97be,C
mmlu_pro:test:9942,physics,10,59,9749,b189ec765aa7ed75c8acfea42df31fdae71f97be,F
mmlu_pro:test:9943,physics,10,59,9750,b189ec765aa7ed75c8acfea42df31fdae71f97be,I
mmlu_pro:test:9944,physics,10,58,9751,b189ec765aa7ed75c8acfea42df31fdae71f97be,I
mmlu_pro:test:9945,physics,10,89,9752,b189ec765aa7ed75c8acfea42df31fdae71f97be,J
mmlu_pro:test:9946,physics,10,81,9753,b189ec765aa7ed75c8acfea42df31fdae71f97be,B
mmlu_pro:test:9947,physics,10,48,9754,b189ec765aa7ed75c8acfea42df31fdae71f97be,G
mmlu_pro:test:9948,physics,10,196,9755,b189ec765aa7ed75c8acfea42df31fdae71f97be,D
mmlu_pro:test:9949,physics,10,107,9756,b189ec765aa7ed75c8acfea42df31fdae71f97be,H
mmlu_pro:test:9950,physics,10,257,9757,b189ec765aa7ed75c8acfea42df31fdae71f97be,E
mmlu_pro:test:9951,physics,10,277,9758,b189ec765aa7ed75c8acfea42df31fdae71f97be,C
mmlu_pro:test:9952,physics,10,125,9759,b189ec765aa7ed75c8acfea42df31fdae71f97be,G
mmlu_pro:test:9953,physics,10,369,9760,b189ec765aa7ed75c8acfea42df31fdae71f97be,F
mmlu_pro:test:9954,physics,10,44,9761,b189ec765aa7ed75c8acfea42df31fdae71f97be,F
mmlu_pro:test:9955,physics,10,233,9762,b189ec765aa7ed75c8acfea42df31fdae71f97be,F
mmlu_pro:test:9957,physics,10,527,9763,b189ec765aa7ed75c8acfea42df31fdae71f97be,C
mmlu_pro:test:9958,physics,10,240,9764,b189ec765aa7ed75c8acfea42df31fdae71f97be,E
mmlu_pro:test:9959,physics,10,259,9765,b189ec765aa7ed75c8acfea42df31fdae71f97be,I
mmlu_pro:test:9960,physics,10,266,9766,b189ec765aa7ed75c8acfea42df31fdae71f97be,D
mmlu_pro:test:9961,physics,10,267,9767,b189ec765aa7ed75c8acfea42df31fdae71f97be,A
mmlu_pro:test:9962,physics,10,157,9768,b189ec765aa7ed75c8acfea42df31fdae71f97be,E
mmlu_pro:test:9963,physics,10,350,9769,b189ec765aa7ed75c8acfea42df31fdae71f97be,A
mmlu_pro:test:9964,physics,10,212,9770,b189ec765aa7ed75c8acfea42df31fdae71f97be,B
mmlu_pro:test:9965,physics,10,417,9771,b189ec765aa7ed75c8acfea42df31fdae71f97be,J
mmlu_pro:test:9966,physics,10,194,9772,b189ec765aa7ed75c8acfea42df31fdae71f97be,A
mmlu_pro:test:9967,physics,10,168,9773,b189ec765aa7ed75c8acfea42df31fdae71f97be,A
mmlu_pro:test:9968,physics,10,138,9774,b189ec765aa7ed75c8acfea42df31fdae71f97be,C
mmlu_pro:test:9969,physics,10,423,9775,b189ec765aa7ed75c8acfea42df31fdae71f97be,E
mmlu_pro:test:9970,physics,10,167,9776,b189ec765aa7ed75c8acfea42df31fdae71f97be,E
mmlu_pro:test:9971,physics,10,212,9777,b189ec765aa7ed75c8acfea42df31fdae71f97be,C
mmlu_pro:test:9972,physics,10,256,9778,b189ec765aa7ed75c8acfea42df31fdae71f97be,G
mmlu_pro:test:9973,physics,10,284,9779,b189ec765aa7ed75c8acfea42df31fdae71f97be,G
mmlu_pro:test:9974,physics,10,148,9780,b189ec765aa7ed75c8acfea42df31fdae71f97be,H
mmlu_pro:test:9975,physics,10,153,9781,b189ec765aa7ed75c8acfea42df31fdae71f97be,C
mmlu_pro:test:9977,physics,10,173,9783,b189ec765aa7ed75c8acfea42df31fdae71f97be,F
mmlu_pro:test:9978,physics,10,1009,9784,b189ec765aa7ed75c8acfea42df31fdae71f97be,B
mmlu_pro:test:9979,physics,10,187,9785,b189ec765aa7ed75c8acfea42df31fdae71f97be,F
mmlu_pro:test:9980,physics,10,180,9786,b189ec765aa7ed75c8acfea42df31fdae71f97be,A
mmlu_pro:test:9981,physics,10,220,9787,b189ec765aa7ed75c8acfea42df31fdae71f97be,A
mmlu_pro:test:9982,physics,10,246,9788,b189ec765aa7ed75c8acfea42df31fdae71f97be,D
mmlu_pro:test:9983,physics,10,357,9789,b189ec765aa7ed75c8acfea42df31fdae71f97be,E
mmlu_pro:test:9984,physics,10,300,9790,b189ec765aa7ed75c8acfea42df31fdae71f97be,I
mmlu_pro:test:9985,physics,10,184,9791,b189ec765aa7ed75c8acfea42df31fdae71f97be,H
mmlu_pro:test:9986,physics,10,243,9792,b189ec765aa7ed75c8acfea42df31fdae71f97be,B
mmlu_pro:test:9987,physics,10,364,9793,b189ec765aa7ed75c8acfea42df31fdae71f97be,A
mmlu_pro:test:9988,physics,10,301,9794,b189ec765aa7ed75c8acfea42df31fdae71f97be,G
mmlu_pro:test:9989,physics,10,64,9795,b189ec765aa7ed75c8acfea42df31fdae71f97be,F
mmlu_pro:test:9990,physics,10,59,9796,b189ec765aa7ed75c8acfea42df31fdae71f97be,C
mmlu_pro:test:9991,physics,5,62,9797,b189ec765aa7ed75c8acfea42df31fdae71f97be,E
mmlu_pro:test:9992,physics,10,146,9798,b189ec765aa7ed75c8acfea42df31fdae71f97be,C
mmlu_pro:test:9993,physics,10,92,9799,b189ec765aa7ed75c8acfea42df31fdae71f97be,A
mmlu_pro:test:9994,physics,10,121,9800,b189ec765aa7ed75c8acfea42df31fdae71f97be,H
mmlu_pro:test:9995,physics,10,148,9801,b189ec765aa7ed75c8acfea42df31fdae71f97be,B
mmlu_pro:test:9996,physics,10,158,9802,b189ec765aa7ed75c8acfea42df31fdae71f97be,E
mmlu_pro:test:9997,physics,8,79,9803,b189ec765aa7ed75c8acfea42df31fdae71f97be,B
mmlu_pro:test:9998,physics,10,247,9804,b189ec765aa7ed75c8acfea42df31fdae71f97be,J
mmlu_pro:test:9999,physics,10,184,9805,b189ec765aa7ed75c8acfea42df31fdae71f97be,J
mmlu_pro:test:10000,physics,10,103,9806,b189ec765aa7ed75c8acfea42df31fdae71f97be,D
mmlu_pro:test:10001,physics,10,239,9807,b189ec765aa7ed75c8acfea42df31fdae71f97be,F
mmlu_pro:test:10002,physics,10,248,9808,b189ec765aa7ed75c8acfea42df31fdae71f97be,G
mmlu_pro:test:10003,physics,10,218,9809,b189ec765aa7ed75c8acfea42df31fdae71f97be,I
mmlu_pro:test:10004,physics,10,507,9810,b189ec765aa7ed75c8acfea42df31fdae71f97be,C
mmlu_pro:test:10005,physics,10,235,9811,b189ec765aa7ed75c8acfea42df31fdae71f97be,F
mmlu_pro:test:10006,physics,10,458,9812,b189ec765aa7ed75c8acfea42df31fdae71f97be,G
mmlu_pro:test:10007,physics,10,371,9813,b189ec765aa7ed75c8acfea42df31fdae71f97be,A
mmlu_pro:test:10008,physics,10,247,9814,b189ec765aa7ed75c8acfea42df31fdae71f97be,E
mmlu_pro:test:10009,physics,10,439,9815,b189ec765aa7ed75c8acfea42df31fdae71f97be,F
mmlu_pro:test:10010,physics,10,302,9816,b189ec765aa7ed75c8acfea42df31fdae71f97be,C
mmlu_pro:test:10011,physics,10,277,9817,b189ec765aa7ed75c8acfea42df31fdae71f97be,I
mmlu_pro:test:10012,physics,10,242,9818,b189ec765aa7ed75c8acfea42df31fdae71f97be,I
mmlu_pro:test:10013,physics,10,394,9819,b189ec765aa7ed75c8acfea42df31fdae71f97be,A
mmlu_pro:test:10014,physics,10,135,9820,b189ec765aa7ed75c8acfea42df31fdae71f97be,H
mmlu_pro:test:10015,physics,10,240,9821,b189ec765aa7ed75c8acfea42df31fdae71f97be,D
mmlu_pro:test:10016,physics,10,244,9822,b189ec765aa7ed75c8acfea42df31fdae71f97be,C
mmlu_pro:test:10017,physics,10,356,9823,b189ec765aa7ed75c8acfea42df31fdae71f97be,E
mmlu_pro:test:10018,physics,10,95,9824,b189ec765aa7ed75c8acfea42df31fdae71f97be,D
mmlu_pro:test:10019,physics,10,188,9825,b189ec765aa7ed75c8acfea42df31fdae71f97be,B
mmlu_pro:test:10020,physics,10,278,9826,b189ec765aa7ed75c8acfea42df31fdae71f97be,H
mmlu_pro:test:10021,physics,10,219,9827,b189ec765aa7ed75c8acfea42df31fdae71f97be,I
mmlu_pro:test:10022,physics,10,182,9828,b189ec765aa7ed75c8acfea42df31fdae71f97be,D
mmlu_pro:test:10023,physics,10,48,9829,b189ec765aa7ed75c8acfea42df31fdae71f97be,D
mmlu_pro:test:10024,physics,10,61,9830,b189ec765aa7ed75c8acfea42df31fdae71f97be,I
mmlu_pro:test:10025,physics,10,111,9831,b189ec765aa7ed75c8acfea42df31fdae71f97be,H
mmlu_pro:test:10026,physics,10,280,9832,b189ec765aa7ed75c8acfea42df31fdae71f97be,H
mmlu_pro:test:10027,physics,10,45,9833,b189ec765aa7ed75c8acfea42df31fdae71f97be,J
mmlu_pro:test:10028,physics,10,108,9834,b189ec765aa7ed75c8acfea42df31fdae71f97be,I
mmlu_pro:test:10029,physics,10,184,9835,b189ec765aa7ed75c8acfea42df31fdae71f97be,F
mmlu_pro:test:10030,physics,10,206,9836,b189ec765aa7ed75c8acfea42df31fdae71f97be,F
mmlu_pro:test:10031,physics,10,77,9837,b189ec765aa7ed75c8acfea42df31fdae71f97be,J
mmlu_pro:test:10032,physics,10,124,9838,b189ec765aa7ed75c8acfea42df31fdae71f97be,B
mmlu_pro:test:10033,physics,10,304,9839,b189ec765aa7ed75c8acfea42df31fdae71f97be,B
mmlu_pro:test:10034,physics,10,255,9840,b189ec765aa7ed75c8acfea42df31fdae71f97be,E
mmlu_pro:test:10035,physics,10,125,9841,b189ec765aa7ed75c8acfea42df31fdae71f97be,J
mmlu_pro:test:10037,physics,10,238,9843,b189ec765aa7ed75c8acfea42df31fdae71f97be,I
mmlu_pro:test:10038,physics,10,174,9844,b189ec765aa7ed75c8acfea42df31fdae71f97be,B
mmlu_pro:test:10039,physics,9,90,9845,b189ec765aa7ed75c8acfea42df31fdae71f97be,B
mmlu_pro:test:10040,physics,10,266,9846,b189ec765aa7ed75c8acfea42df31fdae71f97be,H
mmlu_pro:test:10041,physics,10,186,9847,b189ec765aa7ed75c8acfea42df31fdae71f97be,E
mmlu_pro:test:10042,physics,10,207,9848,b189ec765aa7ed75c8acfea42df31fdae71f97be,A
mmlu_pro:test:10043,physics,10,190,9849,b189ec765aa7ed75c8acfea42df31fdae71f97be,A
mmlu_pro:test:10044,physics,10,133,9850,b189ec765aa7ed75c8acfea42df31fdae71f97be,E
mmlu_pro:test:10045,physics,10,113,9851,b189ec765aa7ed75c8acfea42df31fdae71f97be,F
mmlu_pro:test:10046,physics,10,78,9852,b189ec765aa7ed75c8acfea42df31fdae71f97be,D
mmlu_pro:test:10048,physics,10,322,9854,b189ec765aa7ed75c8acfea42df31fdae71f97be,B
mmlu_pro:test:10049,physics,10,108,9855,b189ec765aa7ed75c8acfea42df31fdae71f97be,I
mmlu_pro:test:10050,physics,10,307,9856,b189ec765aa7ed75c8acfea42df31fdae71f97be,H
mmlu_pro:test:10051,physics,10,288,9857,b189ec765aa7ed75c8acfea42df31fdae71f97be,C
mmlu_pro:test:10052,physics,10,281,9858,b189ec765aa7ed75c8acfea42df31fdae71f97be,C
mmlu_pro:test:10053,physics,10,145,9859,b189ec765aa7ed75c8acfea42df31fdae71f97be,H
mmlu_pro:test:10054,physics,10,192,9860,b189ec765aa7ed75c8acfea42df31fdae71f97be,B
mmlu_pro:test:10055,physics,8,351,9861,b189ec765aa7ed75c8acfea42df31fdae71f97be,F
mmlu_pro:test:10056,physics,10,325,9862,b189ec765aa7ed75c8acfea42df31fdae71f97be,G
mmlu_pro:test:10057,physics,10,43,9863,b189ec765aa7ed75c8acfea42df31fdae71f97be,E
mmlu_pro:test:10058,physics,10,69,9864,b189ec765aa7ed75c8acfea42df31fdae71f97be,J
mmlu_pro:test:10059,physics,10,62,9865,b189ec765aa7ed75c8acfea42df31fdae71f97be,A
mmlu_pro:test:10060,physics,10,52,9866,b189ec765aa7ed75c8acfea42df31fdae71f97be,C
mmlu_pro:test:10062,physics,10,64,9868,b189ec765aa7ed75c8acfea42df31fdae71f97be,F
mmlu_pro:test:10063,physics,10,29,9869,b189ec765aa7ed75c8acfea42df31fdae71f97be,A
mmlu_pro:test:10064,physics,10,63,9870,b189ec765aa7ed75c8acfea42df31fdae71f97be,I
mmlu_pro:test:10066,physics,10,152,9871,b189ec765aa7ed75c8acfea42df31fdae71f97be,D
mmlu_pro:test:10067,physics,10,246,9872,b189ec765aa7ed75c8acfea42df31fdae71f97be,J
mmlu_pro:test:10068,physics,10,93,9873,b189ec765aa7ed75c8acfea42df31fdae71f97be,G
mmlu_pro:test:10069,physics,10,270,9874,b189ec765aa7ed75c8acfea42df31fdae71f97be,C
mmlu_pro:test:10070,physics,10,517,9875,b189ec765aa7ed75c8acfea42df31fdae71f97be,G
mmlu_pro:test:10071,physics,10,153,9876,b189ec765aa7ed75c8acfea42df31fdae71f97be,G
mmlu_pro:test:10072,physics,10,375,9877,b189ec765aa7ed75c8acfea42df31fdae71f97be,J
mmlu_pro:test:10073,physics,10,116,9878,b189ec765aa7ed75c8acfea42df31fdae71f97be,G
mmlu_pro:test:10074,physics,10,247,9879,b189ec765aa7ed75c8acfea42df31fdae71f97be,H
mmlu_pro:test:10075,physics,10,145,9880,b189ec765aa7ed75c8acfea42df31fdae71f97be,E
mmlu_pro:test:10076,physics,10,240,9881,b189ec765aa7ed75c8acfea42df31fdae71f97be,A
mmlu_pro:test:10077,physics,10,92,9882,b189ec765aa7ed75c8acfea42df31fdae71f97be,E
mmlu_pro:test:10079,physics,10,174,9884,b189ec765aa7ed75c8acfea42df31fdae71f97be,I
mmlu_pro:test:10080,physics,10,397,9885,b189ec765aa7ed75c8acfea42df31fdae71f97be,D
mmlu_pro:test:10081,physics,10,259,9886,b189ec765aa7ed75c8acfea42df31fdae71f97be,H
mmlu_pro:test:10082,physics,10,209,9887,b189ec765aa7ed75c8acfea42df31fdae71f97be,F
mmlu_pro:test:10083,physics,10,556,9888,b189ec765aa7ed75c8acfea42df31fdae71f97be,F
mmlu_pro:test:10084,physics,10,213,9889,b189ec765aa7ed75c8acfea42df31fdae71f97be,H
mmlu_pro:test:10086,physics,10,331,9890,b189ec765aa7ed75c8acfea42df31fdae71f97be,A
mmlu_pro:test:10087,physics,10,117,9891,b189ec765aa7ed75c8acfea42df31fdae71f97be,J
mmlu_pro:test:10088,physics,10,271,9892,b189ec765aa7ed75c8acfea42df31fdae71f97be,B
mmlu_pro:test:10089,physics,10,279,9893,b189ec765aa7ed75c8acfea42df31fdae71f97be,I
mmlu_pro:test:10090,physics,10,180,9894,b189ec765aa7ed75c8acfea42df31fdae71f97be,A
mmlu_pro:test:10091,physics,10,310,9895,b189ec765aa7ed75c8acfea42df31fdae71f97be,H
mmlu_pro:test:10092,physics,10,238,9896,b189ec765aa7ed75c8acfea42df31fdae71f97be,B
mmlu_pro:test:10093,physics,10,166,9897,b189ec765aa7ed75c8acfea42df31fdae71f97be,H
mmlu_pro:test:10094,physics,10,210,9898,b189ec765aa7ed75c8acfea42df31fdae71f97be,I
mmlu_pro:test:10095,physics,10,245,9899,b189ec765aa7ed75c8acfea42df31fdae71f97be,F
mmlu_pro:test:10096,physics,10,47,9900,b189ec765aa7ed75c8acfea42df31fdae71f97be,D
mmlu_pro:test:10097,physics,9,83,9901,b189ec765aa7ed75c8acfea42df31fdae71f97be,A
mmlu_pro:test:10098,physics,6,77,9902,b189ec765aa7ed75c8acfea42df31fdae71f97be,E
mmlu_pro:test:10099,physics,10,179,9903,b189ec765aa7ed75c8acfea42df31fdae71f97be,J
mmlu_pro:test:10100,physics,10,79,9904,b189ec765aa7ed75c8acfea42df31fdae71f97be,J
mmlu_pro:test:10101,physics,10,110,9905,b189ec765aa7ed75c8acfea42df31fdae71f97be,F
mmlu_pro:test:10102,physics,10,162,9906,b189ec765aa7ed75c8acfea42df31fdae71f97be,J
mmlu_pro:test:10103,physics,10,80,9907,b189ec765aa7ed75c8acfea42df31fdae71f97be,I
mmlu_pro:test:10104,physics,10,264,9908,b189ec765aa7ed75c8acfea42df31fdae71f97be,E
mmlu_pro:test:10105,physics,10,128,9909,b189ec765aa7ed75c8acfea42df31fdae71f97be,E
mmlu_pro:test:10106,physics,10,235,9910,b189ec765aa7ed75c8acfea42df31fdae71f97be,G
mmlu_pro:test:10107,physics,10,261,9911,b189ec765aa7ed75c8acfea42df31fdae71f97be,F
mmlu_pro:test:10108,physics,10,182,9912,b189ec765aa7ed75c8acfea42df31fdae71f97be,A
mmlu_pro:test:10110,physics,10,257,9913,b189ec765aa7ed75c8acfea42df31fdae71f97be,J
mmlu_pro:test:10111,physics,10,239,9914,b189ec765aa7ed75c8acfea42df31fdae71f97be,F
mmlu_pro:test:10112,physics,10,238,9915,b189ec765aa7ed75c8acfea42df31fdae71f97be,E
mmlu_pro:test:10113,physics,10,237,9916,b189ec765aa7ed75c8acfea42df31fdae71f97be,G
mmlu_pro:test:10114,physics,10,249,9917,b189ec765aa7ed75c8acfea42df31fdae71f97be,E
mmlu_pro:test:10115,physics,10,489,9918,b189ec765aa7ed75c8acfea42df31fdae71f97be,C
mmlu_pro:test:10116,physics,10,250,9919,b189ec765aa7ed75c8acfea42df31fdae71f97be,A
mmlu_pro:test:10118,physics,10,323,9920,b189ec765aa7ed75c8acfea42df31fdae71f97be,F
mmlu_pro:test:10120,physics,10,415,9922,b189ec765aa7ed75c8acfea42df31fdae71f97be,A
mmlu_pro:test:10121,physics,10,341,9923,b189ec765aa7ed75c8acfea42df31fdae71f97be,J
mmlu_pro:test:10122,physics,10,82,9924,b189ec765aa7ed75c8acfea42df31fdae71f97be,D
mmlu_pro:test:10123,physics,10,311,9925,b189ec765aa7ed75c8acfea42df31fdae71f97be,H
mmlu_pro:test:10124,physics,10,177,9926,b189ec765aa7ed75c8acfea42df31fdae71f97be,C
mmlu_pro:test:10125,physics,10,260,9927,b189ec765aa7ed75c8acfea42df31fdae71f97be,J
mmlu_pro:test:10126,physics,10,286,9928,b189ec765aa7ed75c8acfea42df31fdae71f97be,G
mmlu_pro:test:10127,physics,10,131,9929,b189ec765aa7ed75c8acfea42df31fdae71f97be,B
mmlu_pro:test:10128,physics,10,450,9930,b189ec765aa7ed75c8acfea42df31fdae71f97be,D
mmlu_pro:test:10129,physics,10,333,9931,b189ec765aa7ed75c8acfea42df31fdae71f97be,B
mmlu_pro:test:10130,physics,10,285,9932,b189ec765aa7ed75c8acfea42df31fdae71f97be,B
mmlu_pro:test:10131,physics,10,156,9933,b189ec765aa7ed75c8acfea42df31fdae71f97be,A
mmlu_pro:test:10132,physics,10,374,9934,b189ec765aa7ed75c8acfea42df31fdae71f97be,D
mmlu_pro:test:10133,physics,10,349,9935,b189ec765aa7ed75c8acfea42df31fdae71f97be,H
mmlu_pro:test:10134,physics,10,246,9936,b189ec765aa7ed75c8acfea42df31fdae71f97be,E
mmlu_pro:test:10135,physics,10,300,9937,b189ec765aa7ed75c8acfea42df31fdae71f97be,J
mmlu_pro:test:10136,physics,10,393,9938,b189ec765aa7ed75c8acfea42df31fdae71f97be,I
mmlu_pro:test:10137,physics,10,247,9939,b189ec765aa7ed75c8acfea42df31fdae71f97be,B
mmlu_pro:test:10138,physics,10,379,9940,b189ec765aa7ed75c8acfea42df31fdae71f97be,J
mmlu_pro:test:10139,physics,10,148,9941,b189ec765aa7ed75c8acfea42df31fdae71f97be,I
mmlu_pro:test:10140,physics,10,113,9942,b189ec765aa7ed75c8acfea42df31fdae71f97be,H
mmlu_pro:test:10141,physics,10,157,9943,b189ec765aa7ed75c8acfea42df31fdae71f97be,D
mmlu_pro:test:10142,physics,10,182,9944,b189ec765aa7ed75c8acfea42df31fdae71f97be,H
mmlu_pro:test:10143,physics,10,163,9945,b189ec765aa7ed75c8acfea42df31fdae71f97be,A
mmlu_pro:test:10144,physics,10,155,9946,b189ec765aa7ed75c8acfea42df31fdae71f97be,E
mmlu_pro:test:10145,physics,10,123,9947,b189ec765aa7ed75c8acfea42df31fdae71f97be,C
mmlu_pro:test:10146,physics,10,371,9948,b189ec765aa7ed75c8acfea42df31fdae71f97be,E
mmlu_pro:test:10147,physics,10,228,9949,b189ec765aa7ed75c8acfea42df31fdae71f97be,E
mmlu_pro:test:10148,physics,10,332,9950,b189ec765aa7ed75c8acfea42df31fdae71f97be,F
mmlu_pro:test:10149,physics,10,75,9951,b189ec765aa7ed75c8acfea42df31fdae71f97be,C
mmlu_pro:test:10150,physics,10,128,9952,b189ec765aa7ed75c8acfea42df31fdae71f97be,D
mmlu_pro:test:10151,physics,10,395,9953,b189ec765aa7ed75c8acfea42df31fdae71f97be,D
mmlu_pro:test:10153,physics,10,313,9955,b189ec765aa7ed75c8acfea42df31fdae71f97be,F
mmlu_pro:test:10154,physics,10,294,9956,b189ec765aa7ed75c8acfea42df31fdae71f97be,D
mmlu_pro:test:10155,physics,10,120,9957,b189ec765aa7ed75c8acfea42df31fdae71f97be,H
mmlu_pro:test:10156,physics,7,126,9958,b189ec765aa7ed75c8acfea42df31fdae71f97be,D
mmlu_pro:test:10157,physics,10,177,9959,b189ec765aa7ed75c8acfea42df31fdae71f97be,D
mmlu_pro:test:10158,physics,10,63,9960,b189ec765aa7ed75c8acfea42df31fdae71f97be,C
mmlu_pro:test:10159,physics,4,145,9961,b189ec765aa7ed75c8acfea42df31fdae71f97be,A
mmlu_pro:test:10160,physics,10,138,9962,b189ec765aa7ed75c8acfea42df31fdae71f97be,G
mmlu_pro:test:10161,physics,10,165,9963,b189ec765aa7ed75c8acfea42df31fdae71f97be,A
mmlu_pro:test:10162,physics,10,197,9964,b189ec765aa7ed75c8acfea42df31fdae71f97be,E
mmlu_pro:test:10163,physics,9,315,9965,b189ec765aa7ed75c8acfea42df31fdae71f97be,F
mmlu_pro:test:10165,physics,10,364,9967,b189ec765aa7ed75c8acfea42df31fdae71f97be,H
mmlu_pro:test:10166,physics,9,134,9968,b189ec765aa7ed75c8acfea42df31fdae71f97be,I
mmlu_pro:test:10167,physics,10,125,9969,b189ec765aa7ed75c8acfea42df31fdae71f97be,D
mmlu_pro:test:10168,physics,10,126,9970,b189ec765aa7ed75c8acfea42df31fdae71f97be,B
mmlu_pro:test:10169,physics,10,43,9971,b189ec765aa7ed75c8acfea42df31fdae71f97be,A
mmlu_pro:test:10170,physics,8,50,9972,b189ec765aa7ed75c8acfea42df31fdae71f97be,H
mmlu_pro:test:10171,physics,10,84,9973,b189ec765aa7ed75c8acfea42df31fdae71f97be,C
mmlu_pro:test:10173,physics,10,82,9974,b189ec765aa7ed75c8acfea42df31fdae71f97be,F
mmlu_pro:test:10174,physics,10,83,9975,b189ec765aa7ed75c8acfea42df31fdae71f97be,H
mmlu_pro:test:10175,physics,10,164,9976,b189ec765aa7ed75c8acfea42df31fdae71f97be,C
mmlu_pro:test:10176,physics,10,83,9977,b189ec765aa7ed75c8acfea42df31fdae71f97be,D
mmlu_pro:test:10177,physics,10,404,9978,b189ec765aa7ed75c8acfea42df31fdae71f97be,D
mmlu_pro:test:10178,physics,10,154,9979,b189ec765aa7ed75c8acfea42df31fdae71f97be,C
mmlu_pro:test:10179,physics,10,69,9980,b189ec765aa7ed75c8acfea42df31fdae71f97be,B
mmlu_pro:test:10180,physics,10,224,9981,b189ec765aa7ed75c8acfea42df31fdae71f97be,J
mmlu_pro:test:10181,physics,10,246,9982,b189ec765aa7ed75c8acfea42df31fdae71f97be,I
mmlu_pro:test:10182,physics,10,282,9983,b189ec765aa7ed75c8acfea42df31fdae71f97be,E
mmlu_pro:test:10183,physics,10,365,9984,b189ec765aa7ed75c8acfea42df31fdae71f97be,G
mmlu_pro:test:10185,physics,10,182,9985,b189ec765aa7ed75c8acfea42df31fdae71f97be,B
mmlu_pro:test:10186,physics,10,141,9986,b189ec765aa7ed75c8acfea42df31fdae71f97be,G
mmlu_pro:test:10187,physics,10,316,9987,b189ec765aa7ed75c8acfea42df31fdae71f97be,H
mmlu_pro:test:10188,physics,10,167,9988,b189ec765aa7ed75c8acfea42df31fdae71f97be,I
mmlu_pro:test:10189,physics,10,213,9989,b189ec765aa7ed75c8acfea42df31fdae71f97be,C
mmlu_pro:test:10190,physics,10,207,9990,b189ec765aa7ed75c8acfea42df31fdae71f97be,B
mmlu_pro:test:10191,physics,10,592,9991,b189ec765aa7ed75c8acfea42df31fdae71f97be,H
mmlu_pro:test:10192,physics,10,181,9992,b189ec765aa7ed75c8acfea42df31fdae71f97be,B
mmlu_pro:test:10193,physics,10,326,9993,b189ec765aa7ed75c8acfea42df31fdae71f97be,H
mmlu_pro:test:10194,physics,10,270,9994,b189ec765aa7ed75c8acfea42df31fdae71f97be,A
mmlu_pro:test:10195,physics,10,232,9995,b189ec765aa7ed75c8acfea42df31fdae71f97be,H
mmlu_pro:test:10196,physics,10,213,9996,b189ec765aa7ed75c8acfea42df31fdae71f97be,C
mmlu_pro:test:10197,physics,10,237,9997,b189ec765aa7ed75c8acfea42df31fdae71f97be,C
mmlu_pro:test:10198,physics,10,365,9998,b189ec765aa7ed75c8acfea42df31fdae71f97be,G
mmlu_pro:test:10199,physics,10,156,9999,b189ec765aa7ed75c8acfea42df31fdae71f97be,D
mmlu_pro:test:10200,physics,10,173,10000,b189ec765aa7ed75c8acfea42df31fdae71f97be,J
mmlu_pro:test:10201,physics,10,119,10001,b189ec765aa7ed75c8acfea42df31fdae71f97be,D
mmlu_pro:test:10202,physics,10,154,10002,b189ec765aa7ed75c8acfea42df31fdae71f97be,A
mmlu_pro:test:10203,physics,10,255,10003,b189ec765aa7ed75c8acfea42df31fdae71f97be,J
mmlu_pro:test:10204,physics,10,494,10004,b189ec765aa7ed75c8acfea42df31fdae71f97be,I
mmlu_pro:test:10205,physics,10,147,10005,b189ec765aa7ed75c8acfea42df31fdae71f97be,B
mmlu_pro:test:10206,physics,10,110,10006,b189ec765aa7ed75c8acfea42df31fdae71f97be,A
mmlu_pro:test:10207,physics,10,57,10007,b189ec765aa7ed75c8acfea42df31fdae71f97be,I
mmlu_pro:test:10208,physics,10,110,10008,b189ec765aa7ed75c8acfea42df31fdae71f97be,A
mmlu_pro:test:10209,physics,10,49,10009,b189ec765aa7ed75c8acfea42df31fdae71f97be,B
mmlu_pro:test:10210,physics,10,76,10010,b189ec765aa7ed75c8acfea42df31fdae71f97be,B
mmlu_pro:test:10211,physics,10,53,10011,b189ec765aa7ed75c8acfea42df31fdae71f97be,I
mmlu_pro:test:10212,physics,4,39,10012,b189ec765aa7ed75c8acfea42df31fdae71f97be,D
mmlu_pro:test:10213,physics,10,295,10013,b189ec765aa7ed75c8acfea42df31fdae71f97be,A
mmlu_pro:test:10214,physics,10,106,10014,b189ec765aa7ed75c8acfea42df31fdae71f97be,I
mmlu_pro:test:10215,physics,10,91,10015,b189ec765aa7ed75c8acfea42df31fdae71f97be,E
mmlu_pro:test:10216,physics,9,155,10016,b189ec765aa7ed75c8acfea42df31fdae71f97be,G
mmlu_pro:test:10217,physics,10,293,10017,b189ec765aa7ed75c8acfea42df31fdae71f97be,I
mmlu_pro:test:10218,physics,10,93,10018,b189ec765aa7ed75c8acfea42df31fdae71f97be,D
mmlu_pro:test:10220,physics,10,338,10020,b189ec765aa7ed75c8acfea42df31fdae71f97be,J
mmlu_pro:test:10221,physics,10,431,10021,b189ec765aa7ed75c8acfea42df31fdae71f97be,D
mmlu_pro:test:10222,physics,10,381,10022,b189ec765aa7ed75c8acfea42df31fdae71f97be,D
mmlu_pro:test:10223,physics,10,147,10023,b189ec765aa7ed75c8acfea42df31fdae71f97be,I
mmlu_pro:test:10224,physics,10,444,10024,b189ec765aa7ed75c8acfea42df31fdae71f97be,I
mmlu_pro:test:10225,physics,10,210,10025,b189ec765aa7ed75c8acfea42df31fdae71f97be,G
mmlu_pro:test:10226,physics,10,166,10026,b189ec765aa7ed75c8acfea42df31fdae71f97be,D
mmlu_pro:test:10227,physics,10,267,10027,b189ec765aa7ed75c8acfea42df31fdae71f97be,C
mmlu_pro:test:10228,physics,10,139,10028,b189ec765aa7ed75c8acfea42df31fdae71f97be,D
mmlu_pro:test:10229,physics,10,343,10029,b189ec765aa7ed75c8acfea42df31fdae71f97be,I
mmlu_pro:test:10230,physics,10,185,10030,b189ec765aa7ed75c8acfea42df31fdae71f97be,E
mmlu_pro:test:10231,physics,10,163,10031,b189ec765aa7ed75c8acfea42df31fdae71f97be,I
mmlu_pro:test:10232,physics,10,83,10032,b189ec765aa7ed75c8acfea42df31fdae71f97be,H
mmlu_pro:test:10233,physics,10,189,10033,b189ec765aa7ed75c8acfea42df31fdae71f97be,G
mmlu_pro:test:10234,physics,10,273,10034,b189ec765aa7ed75c8acfea42df31fdae71f97be,D
mmlu_pro:test:10235,physics,10,93,10035,b189ec765aa7ed75c8acfea42df31fdae71f97be,A
mmlu_pro:test:10236,physics,10,229,10036,b189ec765aa7ed75c8acfea42df31fdae71f97be,F
mmlu_pro:test:10237,physics,10,311,10037,b189ec765aa7ed75c8acfea42df31fdae71f97be,J
mmlu_pro:test:10238,physics,10,129,10038,b189ec765aa7ed75c8acfea42df31fdae71f97be,F
mmlu_pro:test:10239,physics,10,88,10039,b189ec765aa7ed75c8acfea42df31fdae71f97be,H
mmlu_pro:test:10240,physics,10,154,10040,b189ec765aa7ed75c8acfea42df31fdae71f97be,G
mmlu_pro:test:10241,physics,10,217,10041,b189ec765aa7ed75c8acfea42df31fdae71f97be,G
mmlu_pro:test:10242,physics,10,137,10042,b189ec765aa7ed75c8acfea42df31fdae71f97be,G
mmlu_pro:test:10243,physics,10,126,10043,b189ec765aa7ed75c8acfea42df31fdae71f97be,J
mmlu_pro:test:10244,physics,10,272,10044,b189ec765aa7ed75c8acfea42df31fdae71f97be,H
mmlu_pro:test:10245,physics,10,366,10045,b189ec765aa7ed75c8acfea42df31fdae71f97be,F
mmlu_pro:test:10247,physics,10,98,10046,b189ec765aa7ed75c8acfea42df31fdae71f97be,F
mmlu_pro:test:10248,physics,10,155,10047,b189ec765aa7ed75c8acfea42df31fdae71f97be,F
mmlu_pro:test:10249,physics,10,173,10048,b189ec765aa7ed75c8acfea42df31fdae71f97be,J
mmlu_pro:test:10250,physics,10,168,10049,b189ec765aa7ed75c8acfea42df31fdae71f97be,B
mmlu_pro:test:10251,physics,10,54,10050,b189ec765aa7ed75c8acfea42df31fdae71f97be,E
mmlu_pro:test:10252,physics,10,82,10051,b189ec765aa7ed75c8acfea42df31fdae71f97be,F
mmlu_pro:test:10253,physics,10,103,10052,b189ec765aa7ed75c8acfea42df31fdae71f97be,A
mmlu_pro:test:10254,physics,9,78,10053,b189ec765aa7ed75c8acfea42df31fdae71f97be,F
mmlu_pro:test:10255,physics,10,63,10054,b189ec765aa7ed75c8acfea42df31fdae71f97be,J
mmlu_pro:test:10256,physics,10,106,10055,b189ec765aa7ed75c8acfea42df31fdae71f97be,H
mmlu_pro:test:10257,physics,10,85,10056,b189ec765aa7ed75c8acfea42df31fdae71f97be,H
mmlu_pro:test:10258,physics,10,157,10057,b189ec765aa7ed75c8acfea42df31fdae71f97be,J
mmlu_pro:test:10259,physics,10,184,10058,b189ec765aa7ed75c8acfea42df31fdae71f97be,J
mmlu_pro:test:10260,physics,10,79,10059,b189ec765aa7ed75c8acfea42df31fdae71f97be,H
mmlu_pro:test:10261,physics,10,83,10060,b189ec765aa7ed75c8acfea42df31fdae71f97be,F
mmlu_pro:test:10262,physics,10,397,10061,b189ec765aa7ed75c8acfea42df31fdae71f97be,D
mmlu_pro:test:10263,physics,10,358,10062,b189ec765aa7ed75c8acfea42df31fdae71f97be,H
mmlu_pro:test:10264,physics,10,253,10063,b189ec765aa7ed75c8acfea42df31fdae71f97be,J
mmlu_pro:test:10265,physics,10,454,10064,b189ec765aa7ed75c8acfea42df31fdae71f97be,G
mmlu_pro:test:10266,physics,10,72,10065,b189ec765aa7ed75c8acfea42df31fdae71f97be,A
mmlu_pro:test:10267,physics,10,313,10066,b189ec765aa7ed75c8acfea42df31fdae71f97be,G
mmlu_pro:test:10268,physics,10,204,10067,b189ec765aa7ed75c8acfea42df31fdae71f97be,A
mmlu_pro:test:10269,physics,10,85,10068,b189ec765aa7ed75c8acfea42df31fdae71f97be,G
mmlu_pro:test:10270,physics,10,358,10069,b189ec765aa7ed75c8acfea42df31fdae71f97be,C
mmlu_pro:test:10271,physics,10,412,10070,b189ec765aa7ed75c8acfea42df31fdae71f97be,E
mmlu_pro:test:10272,physics,10,323,10071,b189ec765aa7ed75c8acfea42df31fdae71f97be,B
mmlu_pro:test:10273,physics,10,879,10072,b189ec765aa7ed75c8acfea42df31fdae71f97be,A
mmlu_pro:test:10274,physics,10,291,10073,b189ec765aa7ed75c8acfea42df31fdae71f97be,I
mmlu_pro:test:10275,physics,10,190,10074,b189ec765aa7ed75c8acfea42df31fdae71f97be,F
mmlu_pro:test:10276,physics,10,198,10075,b189ec765aa7ed75c8acfea42df31fdae71f97be,B
mmlu_pro:test:10277,physics,10,138,10076,b189ec765aa7ed75c8acfea42df31fdae71f97be,H
mmlu_pro:test:10278,physics,10,192,10077,b189ec765aa7ed75c8acfea42df31fdae71f97be,E
mmlu_pro:test:10279,physics,10,74,10078,b189ec765aa7ed75c8acfea42df31fdae71f97be,F
mmlu_pro:test:10280,physics,10,315,10079,b189ec765aa7ed75c8acfea42df31fdae71f97be,B
mmlu_pro:test:10281,physics,10,75,10080,b189ec765aa7ed75c8acfea42df31fdae71f97be,D
mmlu_pro:test:10282,physics,10,522,10081,b189ec765aa7ed75c8acfea42df31fdae71f97be,H
mmlu_pro:test:10283,physics,10,162,10082,b189ec765aa7ed75c8acfea42df31fdae71f97be,I
mmlu_pro:test:10284,physics,10,202,10083,b189ec765aa7ed75c8acfea42df31fdae71f97be,C
mmlu_pro:test:10285,physics,10,243,10084,b189ec765aa7ed75c8acfea42df31fdae71f97be,E
mmlu_pro:test:10286,physics,10,307,10085,b189ec765aa7ed75c8acfea42df31fdae71f97be,D
mmlu_pro:test:10287,physics,10,261,10086,b189ec765aa7ed75c8acfea42df31fdae71f97be,A
mmlu_pro:test:10288,physics,10,244,10087,b189ec765aa7ed75c8acfea42df31fdae71f97be,E
mmlu_pro:test:10289,physics,10,249,10088,b189ec765aa7ed75c8acfea42df31fdae71f97be,I
mmlu_pro:test:10290,physics,10,170,10089,b189ec765aa7ed75c8acfea42df31fdae71f97be,I
mmlu_pro:test:10291,physics,10,203,10090,b189ec765aa7ed75c8acfea42df31fdae71f97be,F
mmlu_pro:test:10292,physics,10,326,10091,b189ec765aa7ed75c8acfea42df31fdae71f97be,G
mmlu_pro:test:10293,physics,10,138,10092,b189ec765aa7ed75c8acfea42df31fdae71f97be,I
mmlu_pro:test:10295,physics,10,87,10093,b189ec765aa7ed75c8acfea42df31fdae71f97be,G
mmlu_pro:test:10296,physics,10,129,10094,b189ec765aa7ed75c8acfea42df31fdae71f97be,B
mmlu_pro:test:10297,physics,10,88,10095,b189ec765aa7ed75c8acfea42df31fdae71f97be,F
mmlu_pro:test:10298,physics,10,23,10096,b189ec765aa7ed75c8acfea42df31fdae71f97be,C
mmlu_pro:test:10299,physics,10,20,10097,b189ec765aa7ed75c8acfea42df31fdae71f97be,E
mmlu_pro:test:10300,physics,10,374,10098,b189ec765aa7ed75c8acfea42df31fdae71f97be,C
mmlu_pro:test:10301,physics,10,190,10099,b189ec765aa7ed75c8acfea42df31fdae71f97be,J
mmlu_pro:test:10302,physics,10,427,10100,b189ec765aa7ed75c8acfea42df31fdae71f97be,F
mmlu_pro:test:10303,physics,10,280,10101,b189ec765aa7ed75c8acfea42df31fdae71f97be,H
mmlu_pro:test:10304,physics,10,255,10102,b189ec765aa7ed75c8acfea42df31fdae71f97be,H
mmlu_pro:test:10305,physics,10,105,10103,b189ec765aa7ed75c8acfea42df31fdae71f97be,B
mmlu_pro:test:10307,physics,10,298,10105,b189ec765aa7ed75c8acfea42df31fdae71f97be,C
mmlu_pro:test:10308,physics,10,150,10106,b189ec765aa7ed75c8acfea42df31fdae71f97be,E
mmlu_pro:test:10309,physics,10,302,10107,b189ec765aa7ed75c8acfea42df31fdae71f97be,A
mmlu_pro:test:10310,physics,10,178,10108,b189ec765aa7ed75c8acfea42df31fdae71f97be,C
mmlu_pro:test:10311,physics,10,562,10109,b189ec765aa7ed75c8acfea42df31fdae71f97be,F
mmlu_pro:test:10312,physics,10,161,10110,b189ec765aa7ed75c8acfea42df31fdae71f97be,H
mmlu_pro:test:10313,physics,10,303,10111,b189ec765aa7ed75c8acfea42df31fdae71f97be,B
mmlu_pro:test:10314,physics,10,269,10112,b189ec765aa7ed75c8acfea42df31fdae71f97be,F
mmlu_pro:test:10315,physics,10,127,10113,b189ec765aa7ed75c8acfea42df31fdae71f97be,H
mmlu_pro:test:10316,physics,10,217,10114,b189ec765aa7ed75c8acfea42df31fdae71f97be,J
mmlu_pro:test:10317,physics,10,156,10115,b189ec765aa7ed75c8acfea42df31fdae71f97be,F
mmlu_pro:test:10318,physics,10,187,10116,b189ec765aa7ed75c8acfea42df31fdae71f97be,G
mmlu_pro:test:10319,physics,10,140,10117,b189ec765aa7ed75c8acfea42df31fdae71f97be,B
mmlu_pro:test:10320,physics,10,192,10118,b189ec765aa7ed75c8acfea42df31fdae71f97be,J
mmlu_pro:test:10321,physics,10,315,10119,b189ec765aa7ed75c8acfea42df31fdae71f97be,H
mmlu_pro:test:10322,physics,10,437,10120,b189ec765aa7ed75c8acfea42df31fdae71f97be,A
mmlu_pro:test:10323,physics,10,97,10121,b189ec765aa7ed75c8acfea42df31fdae71f97be,G
mmlu_pro:test:10324,physics,10,141,10122,b189ec765aa7ed75c8acfea42df31fdae71f97be,D
mmlu_pro:test:10325,physics,9,203,10123,b189ec765aa7ed75c8acfea42df31fdae71f97be,H
mmlu_pro:test:10326,physics,10,267,10124,b189ec765aa7ed75c8acfea42df31fdae71f97be,B
mmlu_pro:test:10327,physics,10,78,10125,b189ec765aa7ed75c8acfea42df31fdae71f97be,A
mmlu_pro:test:10328,physics,10,171,10126,b189ec765aa7ed75c8acfea42df31fdae71f97be,B
mmlu_pro:test:10329,physics,10,310,10127,b189ec765aa7ed75c8acfea42df31fdae71f97be,J
mmlu_pro:test:10330,physics,10,236,10128,b189ec765aa7ed75c8acfea42df31fdae71f97be,C
mmlu_pro:test:10331,physics,10,56,10129,b189ec765aa7ed75c8acfea42df31fdae71f97be,E
mmlu_pro:test:10333,physics,10,61,10131,b189ec765aa7ed75c8acfea42df31fdae71f97be,C
mmlu_pro:test:10334,physics,10,50,10132,b189ec765aa7ed75c8acfea42df31fdae71f97be,I
mmlu_pro:test:10335,physics,10,59,10133,b189ec765aa7ed75c8acfea42df31fdae71f97be,H
mmlu_pro:test:10336,physics,10,224,10134,b189ec765aa7ed75c8acfea42df31fdae71f97be,E
mmlu_pro:test:10337,physics,10,270,10135,b189ec765aa7ed75c8acfea42df31fdae71f97be,G
mmlu_pro:test:10338,physics,10,433,10136,b189ec765aa7ed75c8acfea42df31fdae71f97be,I
mmlu_pro:test:10339,physics,10,384,10137,b189ec765aa7ed75c8acfea42df31fdae71f97be,J
mmlu_pro:test:10340,physics,10,333,10138,b189ec765aa7ed75c8acfea42df31fdae71f97be,D
mmlu_pro:test:10341,physics,10,271,10139,b189ec765aa7ed75c8acfea42df31fdae71f97be,G
mmlu_pro:test:10342,physics,10,189,10140,b189ec765aa7ed75c8acfea42df31fdae71f97be,J
mmlu_pro:test:10343,physics,10,214,10141,b189ec765aa7ed75c8acfea42df31fdae71f97be,A
mmlu_pro:test:10344,physics,10,222,10142,b189ec765aa7ed75c8acfea42df31fdae71f97be,A
mmlu_pro:test:10345,physics,10,439,10143,b189ec765aa7ed75c8acfea42df31fdae71f97be,G
mmlu_pro:test:10346,physics,10,449,10144,b189ec765aa7ed75c8acfea42df31fdae71f97be,I
mmlu_pro:test:10347,physics,10,176,10145,b189ec765aa7ed75c8acfea42df31fdae71f97be,D
mmlu_pro:test:10349,physics,10,329,10147,b189ec765aa7ed75c8acfea42df31fdae71f97be,A
mmlu_pro:test:10350,physics,10,145,10148,b189ec765aa7ed75c8acfea42df31fdae71f97be,B
mmlu_pro:test:10351,physics,10,210,10149,b189ec765aa7ed75c8acfea42df31fdae71f97be,G
mmlu_pro:test:10352,physics,10,186,10150,b189ec765aa7ed75c8acfea42df31fdae71f97be,D
mmlu_pro:test:10353,physics,10,281,10151,b189ec765aa7ed75c8acfea42df31fdae71f97be,H
mmlu_pro:test:10354,physics,10,219,10152,b189ec765aa7ed75c8acfea42df31fdae71f97be,H
mmlu_pro:test:10355,physics,10,576,10153,b189ec765aa7ed75c8acfea42df31fdae71f97be,E
mmlu_pro:test:10356,computer science,8,272,10154,b189ec765aa7ed75c8acfea42df31fdae71f97be,B
mmlu_pro:test:10357,computer science,10,141,10155,b189ec765aa7ed75c8acfea42df31fdae71f97be,A
mmlu_pro:test:10359,computer science,7,60,10157,b189ec765aa7ed75c8acfea42df31fdae71f97be,F
mmlu_pro:test:10360,computer science,10,332,10158,b189ec765aa7ed75c8acfea42df31fdae71f97be,C
mmlu_pro:test:10361,computer science,10,307,10159,b189ec765aa7ed75c8acfea42df31fdae71f97be,G
mmlu_pro:test:10362,computer science,10,578,10160,b189ec765aa7ed75c8acfea42df31fdae71f97be,A
mmlu_pro:test:10363,computer science,10,79,10161,b189ec765aa7ed75c8acfea42df31fdae71f97be,D
mmlu_pro:test:10364,computer science,10,107,10162,b189ec765aa7ed75c8acfea42df31fdae71f97be,D
mmlu_pro:test:10365,computer science,10,178,10163,b189ec765aa7ed75c8acfea42df31fdae71f97be,J
mmlu_pro:test:10366,computer science,9,155,10164,b189ec765aa7ed75c8acfea42df31fdae71f97be,A
mmlu_pro:test:10367,computer science,8,40,10165,b189ec765aa7ed75c8acfea42df31fdae71f97be,F
mmlu_pro:test:10368,computer science,10,53,10166,b189ec765aa7ed75c8acfea42df31fdae71f97be,H
mmlu_pro:test:10369,computer science,8,68,10167,b189ec765aa7ed75c8acfea42df31fdae71f97be,B
mmlu_pro:test:10370,computer science,10,81,10168,b189ec765aa7ed75c8acfea42df31fdae71f97be,B
mmlu_pro:test:10371,computer science,10,194,10169,b189ec765aa7ed75c8acfea42df31fdae71f97be,E
mmlu_pro:test:10372,computer science,10,49,10170,b189ec765aa7ed75c8acfea42df31fdae71f97be,A
mmlu_pro:test:10373,computer science,10,246,10171,b189ec765aa7ed75c8acfea42df31fdae71f97be,D
mmlu_pro:test:10374,computer science,10,219,10172,b189ec765aa7ed75c8acfea42df31fdae71f97be,I
mmlu_pro:test:10375,computer science,10,192,10173,b189ec765aa7ed75c8acfea42df31fdae71f97be,B
mmlu_pro:test:10376,computer science,9,320,10174,b189ec765aa7ed75c8acfea42df31fdae71f97be,A
mmlu_pro:test:10377,computer science,10,79,10175,b189ec765aa7ed75c8acfea42df31fdae71f97be,A
mmlu_pro:test:10378,computer science,10,354,10176,b189ec765aa7ed75c8acfea42df31fdae71f97be,J
mmlu_pro:test:10379,computer science,10,208,10177,b189ec765aa7ed75c8acfea42df31fdae71f97be,A
mmlu_pro:test:10380,computer science,7,108,10178,b189ec765aa7ed75c8acfea42df31fdae71f97be,C
mmlu_pro:test:10382,computer science,8,190,10179,b189ec765aa7ed75c8acfea42df31fdae71f97be,B
mmlu_pro:test:10383,computer science,10,348,10180,b189ec765aa7ed75c8acfea42df31fdae71f97be,J
mmlu_pro:test:10385,computer science,10,504,10182,b189ec765aa7ed75c8acfea42df31fdae71f97be,D
mmlu_pro:test:10386,computer science,10,342,10183,b189ec765aa7ed75c8acfea42df31fdae71f97be,I
mmlu_pro:test:10387,computer science,10,211,10184,b189ec765aa7ed75c8acfea42df31fdae71f97be,G
mmlu_pro:test:10389,computer science,10,16,10185,b189ec765aa7ed75c8acfea42df31fdae71f97be,H
mmlu_pro:test:10390,computer science,10,344,10186,b189ec765aa7ed75c8acfea42df31fdae71f97be,E
mmlu_pro:test:10391,computer science,10,170,10187,b189ec765aa7ed75c8acfea42df31fdae71f97be,J
mmlu_pro:test:10392,computer science,10,69,10188,b189ec765aa7ed75c8acfea42df31fdae71f97be,D
mmlu_pro:test:10393,computer science,9,65,10189,b189ec765aa7ed75c8acfea42df31fdae71f97be,B
mmlu_pro:test:10394,computer science,10,233,10190,b189ec765aa7ed75c8acfea42df31fdae71f97be,A
mmlu_pro:test:10395,computer science,10,101,10191,b189ec765aa7ed75c8acfea42df31fdae71f97be,H
mmlu_pro:test:10396,computer science,10,31,10192,b189ec765aa7ed75c8acfea42df31fdae71f97be,A
mmlu_pro:test:10397,computer science,10,58,10193,b189ec765aa7ed75c8acfea42df31fdae71f97be,G
mmlu_pro:test:10399,computer science,10,161,10195,b189ec765aa7ed75c8acfea42df31fdae71f97be,B
mmlu_pro:test:10400,computer science,8,133,10196,b189ec765aa7ed75c8acfea42df31fdae71f97be,F
mmlu_pro:test:10401,computer science,10,141,10197,b189ec765aa7ed75c8acfea42df31fdae71f97be,E
mmlu_pro:test:10402,computer science,10,98,10198,b189ec765aa7ed75c8acfea42df31fdae71f97be,I
mmlu_pro:test:10403,computer science,10,63,10199,b189ec765aa7ed75c8acfea42df31fdae71f97be,F
mmlu_pro:test:10404,computer science,9,125,10200,b189ec765aa7ed75c8acfea42df31fdae71f97be,E
mmlu_pro:test:10405,computer science,9,222,10201,b189ec765aa7ed75c8acfea42df31fdae71f97be,B
mmlu_pro:test:10407,computer science,8,245,10203,b189ec765aa7ed75c8acfea42df31fdae71f97be,E
mmlu_pro:test:10408,computer science,9,291,10204,b189ec765aa7ed75c8acfea42df31fdae71f97be,C
mmlu_pro:test:10409,computer science,9,309,10205,b189ec765aa7ed75c8acfea42df31fdae71f97be,D
mmlu_pro:test:10411,computer science,10,271,10207,b189ec765aa7ed75c8acfea42df31fdae71f97be,C
mmlu_pro:test:10412,computer science,10,481,10208,b189ec765aa7ed75c8acfea42df31fdae71f97be,I
mmlu_pro:test:10413,computer science,4,192,10209,b189ec765aa7ed75c8acfea42df31fdae71f97be,C
mmlu_pro:test:10414,computer science,10,279,10210,b189ec765aa7ed75c8acfea42df31fdae71f97be,C
mmlu_pro:test:10415,computer science,10,227,10211,b189ec765aa7ed75c8acfea42df31fdae71f97be,G
mmlu_pro:test:10416,computer science,10,279,10212,b189ec765aa7ed75c8acfea42df31fdae71f97be,H
mmlu_pro:test:10418,computer science,10,518,10213,b189ec765aa7ed75c8acfea42df31fdae71f97be,J
mmlu_pro:test:10419,computer science,10,298,10214,b189ec765aa7ed75c8acfea42df31fdae71f97be,D
mmlu_pro:test:10420,computer science,10,157,10215,b189ec765aa7ed75c8acfea42df31fdae71f97be,J
mmlu_pro:test:10421,computer science,5,111,10216,b189ec765aa7ed75c8acfea42df31fdae71f97be,C
mmlu_pro:test:10422,computer science,10,130,10217,b189ec765aa7ed75c8acfea42df31fdae71f97be,D
mmlu_pro:test:10423,computer science,9,526,10218,b189ec765aa7ed75c8acfea42df31fdae71f97be,F
mmlu_pro:test:10425,computer science,10,75,10220,b189ec765aa7ed75c8acfea42df31fdae71f97be,I
mmlu_pro:test:10426,computer science,10,309,10221,b189ec765aa7ed75c8acfea42df31fdae71f97be,E
mmlu_pro:test:10427,computer science,4,42,10222,b189ec765aa7ed75c8acfea42df31fdae71f97be,A
mmlu_pro:test:10428,computer science,10,51,10223,b189ec765aa7ed75c8acfea42df31fdae71f97be,J
mmlu_pro:test:10429,computer science,10,69,10224,b189ec765aa7ed75c8acfea42df31fdae71f97be,H
mmlu_pro:test:10430,computer science,10,137,10225,b189ec765aa7ed75c8acfea42df31fdae71f97be,J
mmlu_pro:test:10431,computer science,10,448,10226,b189ec765aa7ed75c8acfea42df31fdae71f97be,I
mmlu_pro:test:10432,computer science,10,47,10227,b189ec765aa7ed75c8acfea42df31fdae71f97be,I
mmlu_pro:test:10433,computer science,10,83,10228,b189ec765aa7ed75c8acfea42df31fdae71f97be,D
mmlu_pro:test:10434,computer science,10,59,10229,b189ec765aa7ed75c8acfea42df31fdae71f97be,D
mmlu_pro:test:10435,computer science,10,232,10230,b189ec765aa7ed75c8acfea42df31fdae71f97be,A
mmlu_pro:test:10436,computer science,10,301,10231,b189ec765aa7ed75c8acfea42df31fdae71f97be,F
mmlu_pro:test:10437,computer science,10,204,10232,b189ec765aa7ed75c8acfea42df31fdae71f97be,F
mmlu_pro:test:10438,computer science,10,40,10233,b189ec765aa7ed75c8acfea42df31fdae71f97be,A
mmlu_pro:test:10439,computer science,10,333,10234,b189ec765aa7ed75c8acfea42df31fdae71f97be,A
mmlu_pro:test:10440,computer science,10,100,10235,b189ec765aa7ed75c8acfea42df31fdae71f97be,F
mmlu_pro:test:10441,computer science,10,59,10236,b189ec765aa7ed75c8acfea42df31fdae71f97be,B
mmlu_pro:test:10442,computer science,8,1068,10237,b189ec765aa7ed75c8acfea42df31fdae71f97be,C
mmlu_pro:test:10443,computer science,10,45,10238,b189ec765aa7ed75c8acfea42df31fdae71f97be,F
mmlu_pro:test:10444,computer science,10,199,10239,b189ec765aa7ed75c8acfea42df31fdae71f97be,H
mmlu_pro:test:10445,computer science,4,267,10240,b189ec765aa7ed75c8acfea42df31fdae71f97be,D
mmlu_pro:test:10446,computer science,4,69,10241,b189ec765aa7ed75c8acfea42df31fdae71f97be,B
mmlu_pro:test:10447,computer science,9,86,10242,b189ec765aa7ed75c8acfea42df31fdae71f97be,H
mmlu_pro:test:10448,computer science,10,511,10243,b189ec765aa7ed75c8acfea42df31fdae71f97be,J
mmlu_pro:test:10449,computer science,8,112,10244,b189ec765aa7ed75c8acfea42df31fdae71f97be,D
mmlu_pro:test:10450,computer science,10,307,10245,b189ec765aa7ed75c8acfea42df31fdae71f97be,G
mmlu_pro:test:10451,computer science,10,204,10246,b189ec765aa7ed75c8acfea42df31fdae71f97be,D
mmlu_pro:test:10452,computer science,10,149,10247,b189ec765aa7ed75c8acfea42df31fdae71f97be,H
mmlu_pro:test:10453,computer science,10,160,10248,b189ec765aa7ed75c8acfea42df31fdae71f97be,G
mmlu_pro:test:10454,computer science,10,495,10249,b189ec765aa7ed75c8acfea42df31fdae71f97be,A
mmlu_pro:test:10455,computer science,10,26,10250,b189ec765aa7ed75c8acfea42df31fdae71f97be,H
mmlu_pro:test:10457,computer science,4,600,10252,b189ec765aa7ed75c8acfea42df31fdae71f97be,A
mmlu_pro:test:10458,computer science,4,31,10253,b189ec765aa7ed75c8acfea42df31fdae71f97be,D
mmlu_pro:test:10460,computer science,10,98,10255,b189ec765aa7ed75c8acfea42df31fdae71f97be,C
mmlu_pro:test:10462,computer science,10,72,10257,b189ec765aa7ed75c8acfea42df31fdae71f97be,I
mmlu_pro:test:10464,computer science,10,195,10259,b189ec765aa7ed75c8acfea42df31fdae71f97be,H
mmlu_pro:test:10465,computer science,10,282,10260,b189ec765aa7ed75c8acfea42df31fdae71f97be,E
mmlu_pro:test:10467,computer science,10,152,10262,b189ec765aa7ed75c8acfea42df31fdae71f97be,G
mmlu_pro:test:10468,computer science,10,228,10263,b189ec765aa7ed75c8acfea42df31fdae71f97be,D
mmlu_pro:test:10469,computer science,10,75,10264,b189ec765aa7ed75c8acfea42df31fdae71f97be,G
mmlu_pro:test:10470,computer science,10,677,10265,b189ec765aa7ed75c8acfea42df31fdae71f97be,F
mmlu_pro:test:10471,computer science,10,117,10266,b189ec765aa7ed75c8acfea42df31fdae71f97be,G
mmlu_pro:test:10472,computer science,10,92,10267,b189ec765aa7ed75c8acfea42df31fdae71f97be,J
mmlu_pro:test:10473,computer science,10,79,10268,b189ec765aa7ed75c8acfea42df31fdae71f97be,I
mmlu_pro:test:10474,computer science,10,291,10269,b189ec765aa7ed75c8acfea42df31fdae71f97be,I
mmlu_pro:test:10475,computer science,10,194,10270,b189ec765aa7ed75c8acfea42df31fdae71f97be,C
mmlu_pro:test:10476,computer science,9,299,10271,b189ec765aa7ed75c8acfea42df31fdae71f97be,D
mmlu_pro:test:10477,computer science,4,158,10272,b189ec765aa7ed75c8acfea42df31fdae71f97be,B
mmlu_pro:test:10478,computer science,10,551,10273,b189ec765aa7ed75c8acfea42df31fdae71f97be,G
mmlu_pro:test:10479,computer science,5,78,10274,b189ec765aa7ed75c8acfea42df31fdae71f97be,D
mmlu_pro:test:10480,computer science,10,382,10275,b189ec765aa7ed75c8acfea42df31fdae71f97be,G
mmlu_pro:test:10481,computer science,9,124,10276,b189ec765aa7ed75c8acfea42df31fdae71f97be,I
mmlu_pro:test:10482,computer science,10,43,10277,b189ec765aa7ed75c8acfea42df31fdae71f97be,D
mmlu_pro:test:10484,computer science,10,402,10279,b189ec765aa7ed75c8acfea42df31fdae71f97be,G
mmlu_pro:test:10487,computer science,10,217,10282,b189ec765aa7ed75c8acfea42df31fdae71f97be,A
mmlu_pro:test:10488,computer science,10,198,10283,b189ec765aa7ed75c8acfea42df31fdae71f97be,D
mmlu_pro:test:10489,computer science,4,176,10284,b189ec765aa7ed75c8acfea42df31fdae71f97be,A
mmlu_pro:test:10490,computer science,10,354,10285,b189ec765aa7ed75c8acfea42df31fdae71f97be,F
mmlu_pro:test:10491,computer science,4,112,10286,b189ec765aa7ed75c8acfea42df31fdae71f97be,B
mmlu_pro:test:10492,computer science,10,233,10287,b189ec765aa7ed75c8acfea42df31fdae71f97be,F
mmlu_pro:test:10493,computer science,10,173,10288,b189ec765aa7ed75c8acfea42df31fdae71f97be,D
mmlu_pro:test:10494,computer science,4,32,10289,b189ec765aa7ed75c8acfea42df31fdae71f97be,D
mmlu_pro:test:10495,computer science,10,91,10290,b189ec765aa7ed75c8acfea42df31fdae71f97be,A
mmlu_pro:test:10496,computer science,10,50,10291,b189ec765aa7ed75c8acfea42df31fdae71f97be,G
mmlu_pro:test:10498,computer science,10,90,10293,b189ec765aa7ed75c8acfea42df31fdae71f97be,J
mmlu_pro:test:10499,computer science,10,132,10294,b189ec765aa7ed75c8acfea42df31fdae71f97be,J
mmlu_pro:test:10500,computer science,10,357,10295,b189ec765aa7ed75c8acfea42df31fdae71f97be,C
mmlu_pro:test:10501,computer science,10,227,10296,b189ec765aa7ed75c8acfea42df31fdae71f97be,C
mmlu_pro:test:10502,computer science,10,77,10297,b189ec765aa7ed75c8acfea42df31fdae71f97be,B
mmlu_pro:test:10503,computer science,10,74,10298,b189ec765aa7ed75c8acfea42df31fdae71f97be,G
mmlu_pro:test:10504,computer science,10,76,10299,b189ec765aa7ed75c8acfea42df31fdae71f97be,F
mmlu_pro:test:10505,computer science,10,173,10300,b189ec765aa7ed75c8acfea42df31fdae71f97be,F
mmlu_pro:test:10506,computer science,10,449,10301,b189ec765aa7ed75c8acfea42df31fdae71f97be,J
mmlu_pro:test:10507,computer science,10,63,10302,b189ec765aa7ed75c8acfea42df31fdae71f97be,H
mmlu_pro:test:10508,computer science,10,38,10303,b189ec765aa7ed75c8acfea42df31fdae71f97be,C
mmlu_pro:test:10509,computer science,10,41,10304,b189ec765aa7ed75c8acfea42df31fdae71f97be,A
mmlu_pro:test:10510,computer science,10,89,10305,b189ec765aa7ed75c8acfea42df31fdae71f97be,I
mmlu_pro:test:10511,computer science,10,244,10306,b189ec765aa7ed75c8acfea42df31fdae71f97be,D
mmlu_pro:test:10512,computer science,10,45,10307,b189ec765aa7ed75c8acfea42df31fdae71f97be,B
mmlu_pro:test:10513,computer science,10,111,10308,b189ec765aa7ed75c8acfea42df31fdae71f97be,E
mmlu_pro:test:10515,computer science,8,178,10310,b189ec765aa7ed75c8acfea42df31fdae71f97be,G
mmlu_pro:test:10516,computer science,10,612,10311,b189ec765aa7ed75c8acfea42df31fdae71f97be,E
mmlu_pro:test:10517,computer science,8,148,10312,b189ec765aa7ed75c8acfea42df31fdae71f97be,C
mmlu_pro:test:10520,computer science,6,131,10314,b189ec765aa7ed75c8acfea42df31fdae71f97be,D
mmlu_pro:test:10521,computer science,4,72,10315,b189ec765aa7ed75c8acfea42df31fdae71f97be,C
mmlu_pro:test:10522,computer science,10,332,10316,b189ec765aa7ed75c8acfea42df31fdae71f97be,F
mmlu_pro:test:10523,computer science,10,215,10317,b189ec765aa7ed75c8acfea42df31fdae71f97be,G
mmlu_pro:test:10524,computer science,10,129,10318,b189ec765aa7ed75c8acfea42df31fdae71f97be,D
mmlu_pro:test:10525,computer science,10,326,10319,b189ec765aa7ed75c8acfea42df31fdae71f97be,F
mmlu_pro:test:10526,computer science,10,172,10320,b189ec765aa7ed75c8acfea42df31fdae71f97be,J
mmlu_pro:test:10527,computer science,10,166,10321,b189ec765aa7ed75c8acfea42df31fdae71f97be,I
mmlu_pro:test:10528,computer science,10,297,10322,b189ec765aa7ed75c8acfea42df31fdae71f97be,H
mmlu_pro:test:10530,computer science,4,237,10324,b189ec765aa7ed75c8acfea42df31fdae71f97be,C
mmlu_pro:test:10531,computer science,4,60,10325,b189ec765aa7ed75c8acfea42df31fdae71f97be,C
mmlu_pro:test:10532,computer science,10,93,10326,b189ec765aa7ed75c8acfea42df31fdae71f97be,B
mmlu_pro:test:10533,computer science,4,73,10327,b189ec765aa7ed75c8acfea42df31fdae71f97be,B
mmlu_pro:test:10534,computer science,10,234,10328,b189ec765aa7ed75c8acfea42df31fdae71f97be,E
mmlu_pro:test:10535,computer science,10,302,10329,b189ec765aa7ed75c8acfea42df31fdae71f97be,I
mmlu_pro:test:10537,computer science,10,250,10331,b189ec765aa7ed75c8acfea42df31fdae71f97be,D
mmlu_pro:test:10538,computer science,10,991,10332,b189ec765aa7ed75c8acfea42df31fdae71f97be,J
mmlu_pro:test:10540,computer science,10,223,10334,b189ec765aa7ed75c8acfea42df31fdae71f97be,D
mmlu_pro:test:10541,computer science,10,155,10335,b189ec765aa7ed75c8acfea42df31fdae71f97be,A
mmlu_pro:test:10542,computer science,10,42,10336,b189ec765aa7ed75c8acfea42df31fdae71f97be,I
mmlu_pro:test:10544,computer science,10,180,10338,b189ec765aa7ed75c8acfea42df31fdae71f97be,I
mmlu_pro:test:10545,computer science,4,436,10339,b189ec765aa7ed75c8acfea42df31fdae71f97be,D
mmlu_pro:test:10546,computer science,10,559,10340,b189ec765aa7ed75c8acfea42df31fdae71f97be,E
mmlu_pro:test:10547,computer science,10,42,10341,b189ec765aa7ed75c8acfea42df31fdae71f97be,B
mmlu_pro:test:10548,computer science,10,37,10342,b189ec765aa7ed75c8acfea42df31fdae71f97be,C
mmlu_pro:test:10549,computer science,10,44,10343,b189ec765aa7ed75c8acfea42df31fdae71f97be,J
mmlu_pro:test:10551,computer science,10,50,10345,b189ec765aa7ed75c8acfea42df31fdae71f97be,A
mmlu_pro:test:10552,computer science,4,256,10346,b189ec765aa7ed75c8acfea42df31fdae71f97be,D
mmlu_pro:test:10553,computer science,10,163,10347,b189ec765aa7ed75c8acfea42df31fdae71f97be,J
mmlu_pro:test:10554,computer science,10,454,10348,b189ec765aa7ed75c8acfea42df31fdae71f97be,D
mmlu_pro:test:10555,computer science,4,250,10349,b189ec765aa7ed75c8acfea42df31fdae71f97be,A
mmlu_pro:test:10557,computer science,10,50,10351,b189ec765aa7ed75c8acfea42df31fdae71f97be,J
mmlu_pro:test:10558,computer science,10,381,10352,b189ec765aa7ed75c8acfea42df31fdae71f97be,F
mmlu_pro:test:10559,computer science,4,157,10353,b189ec765aa7ed75c8acfea42df31fdae71f97be,D
mmlu_pro:test:10560,computer science,10,163,10354,b189ec765aa7ed75c8acfea42df31fdae71f97be,F
mmlu_pro:test:10561,computer science,8,98,10355,b189ec765aa7ed75c8acfea42df31fdae71f97be,F
mmlu_pro:test:10562,computer science,10,216,10356,b189ec765aa7ed75c8acfea42df31fdae71f97be,B
mmlu_pro:test:10563,computer science,10,74,10357,b189ec765aa7ed75c8acfea42df31fdae71f97be,D
mmlu_pro:test:10564,computer science,8,49,10358,b189ec765aa7ed75c8acfea42df31fdae71f97be,D
mmlu_pro:test:10566,computer science,9,54,10360,b189ec765aa7ed75c8acfea42df31fdae71f97be,D
mmlu_pro:test:10567,computer science,10,220,10361,b189ec765aa7ed75c8acfea42df31fdae71f97be,B
mmlu_pro:test:10568,computer science,10,41,10362,b189ec765aa7ed75c8acfea42df31fdae71f97be,D
mmlu_pro:test:10569,computer science,4,387,10363,b189ec765aa7ed75c8acfea42df31fdae71f97be,B
mmlu_pro:test:10570,computer science,10,537,10364,b189ec765aa7ed75c8acfea42df31fdae71f97be,G
mmlu_pro:test:10571,computer science,10,422,10365,b189ec765aa7ed75c8acfea42df31fdae71f97be,H
mmlu_pro:test:10572,computer science,10,47,10366,b189ec765aa7ed75c8acfea42df31fdae71f97be,F
mmlu_pro:test:10573,computer science,10,320,10367,b189ec765aa7ed75c8acfea42df31fdae71f97be,E
mmlu_pro:test:10574,computer science,10,319,10368,b189ec765aa7ed75c8acfea42df31fdae71f97be,D
mmlu_pro:test:10576,computer science,10,204,10370,b189ec765aa7ed75c8acfea42df31fdae71f97be,B
mmlu_pro:test:10577,computer science,10,149,10371,b189ec765aa7ed75c8acfea42df31fdae71f97be,H
mmlu_pro:test:10578,computer science,9,171,10372,b189ec765aa7ed75c8acfea42df31fdae71f97be,I
mmlu_pro:test:10580,computer science,10,266,10374,b189ec765aa7ed75c8acfea42df31fdae71f97be,D
mmlu_pro:test:10581,computer science,10,77,10375,b189ec765aa7ed75c8acfea42df31fdae71f97be,H
mmlu_pro:test:10582,computer science,10,65,10376,b189ec765aa7ed75c8acfea42df31fdae71f97be,A
mmlu_pro:test:10583,computer science,8,69,10377,b189ec765aa7ed75c8acfea42df31fdae71f97be,H
mmlu_pro:test:10584,computer science,10,478,10378,b189ec765aa7ed75c8acfea42df31fdae71f97be,E
mmlu_pro:test:10585,computer science,10,373,10379,b189ec765aa7ed75c8acfea42df31fdae71f97be,D
mmlu_pro:test:10586,computer science,4,395,10380,b189ec765aa7ed75c8acfea42df31fdae71f97be,C
mmlu_pro:test:10588,computer science,9,209,10382,b189ec765aa7ed75c8acfea42df31fdae71f97be,D
mmlu_pro:test:10589,computer science,9,36,10383,b189ec765aa7ed75c8acfea42df31fdae71f97be,A
mmlu_pro:test:10590,computer science,10,152,10384,b189ec765aa7ed75c8acfea42df31fdae71f97be,J
mmlu_pro:test:10591,computer science,10,794,10385,b189ec765aa7ed75c8acfea42df31fdae71f97be,A
mmlu_pro:test:10592,computer science,10,575,10386,b189ec765aa7ed75c8acfea42df31fdae71f97be,J
mmlu_pro:test:10593,computer science,10,252,10387,b189ec765aa7ed75c8acfea42df31fdae71f97be,B
mmlu_pro:test:10594,computer science,10,135,10388,b189ec765aa7ed75c8acfea42df31fdae71f97be,E
mmlu_pro:test:10595,computer science,8,161,10389,b189ec765aa7ed75c8acfea42df31fdae71f97be,C
mmlu_pro:test:10598,computer science,10,488,10390,b189ec765aa7ed75c8acfea42df31fdae71f97be,I
mmlu_pro:test:10599,computer science,9,34,10391,b189ec765aa7ed75c8acfea42df31fdae71f97be,F
mmlu_pro:test:10600,computer science,8,77,10392,b189ec765aa7ed75c8acfea42df31fdae71f97be,A
mmlu_pro:test:10602,computer science,10,279,10394,b189ec765aa7ed75c8acfea42df31fdae71f97be,C
mmlu_pro:test:10603,computer science,9,50,10395,b189ec765aa7ed75c8acfea42df31fdae71f97be,A
mmlu_pro:test:10604,computer science,10,148,10396,b189ec765aa7ed75c8acfea42df31fdae71f97be,F
mmlu_pro:test:10605,computer science,10,33,10397,b189ec765aa7ed75c8acfea42df31fdae71f97be,B
mmlu_pro:test:10606,computer science,10,52,10398,b189ec765aa7ed75c8acfea42df31fdae71f97be,H
mmlu_pro:test:10607,computer science,10,436,10399,b189ec765aa7ed75c8acfea42df31fdae71f97be,B
mmlu_pro:test:10608,computer science,10,390,10400,b189ec765aa7ed75c8acfea42df31fdae71f97be,D
mmlu_pro:test:10609,computer science,10,187,10401,b189ec765aa7ed75c8acfea42df31fdae71f97be,C
mmlu_pro:test:10610,computer science,10,628,10402,b189ec765aa7ed75c8acfea42df31fdae71f97be,C
mmlu_pro:test:10611,computer science,10,177,10403,b189ec765aa7ed75c8acfea42df31fdae71f97be,B
mmlu_pro:test:10612,computer science,10,437,10404,b189ec765aa7ed75c8acfea42df31fdae71f97be,D
mmlu_pro:test:10613,computer science,10,89,10405,b189ec765aa7ed75c8acfea42df31fdae71f97be,H
mmlu_pro:test:10614,computer science,10,310,10406,b189ec765aa7ed75c8acfea42df31fdae71f97be,B
mmlu_pro:test:10615,computer science,10,333,10407,b189ec765aa7ed75c8acfea42df31fdae71f97be,D
mmlu_pro:test:10616,computer science,10,225,10408,b189ec765aa7ed75c8acfea42df31fdae71f97be,C
mmlu_pro:test:10617,computer science,10,108,10409,b189ec765aa7ed75c8acfea42df31fdae71f97be,D
mmlu_pro:test:10618,computer science,7,215,10410,b189ec765aa7ed75c8acfea42df31fdae71f97be,D
mmlu_pro:test:10619,computer science,10,47,10411,b189ec765aa7ed75c8acfea42df31fdae71f97be,F
mmlu_pro:test:10620,computer science,10,64,10412,b189ec765aa7ed75c8acfea42df31fdae71f97be,C
mmlu_pro:test:10621,computer science,10,451,10413,b189ec765aa7ed75c8acfea42df31fdae71f97be,F
mmlu_pro:test:10622,computer science,10,299,10414,b189ec765aa7ed75c8acfea42df31fdae71f97be,G
mmlu_pro:test:10623,computer science,10,304,10415,b189ec765aa7ed75c8acfea42df31fdae71f97be,G
mmlu_pro:test:10624,computer science,4,727,10416,b189ec765aa7ed75c8acfea42df31fdae71f97be,A
mmlu_pro:test:10625,computer science,10,379,10417,b189ec765aa7ed75c8acfea42df31fdae71f97be,G
mmlu_pro:test:10626,computer science,10,374,10418,b189ec765aa7ed75c8acfea42df31fdae71f97be,H
mmlu_pro:test:10627,computer science,10,78,10419,b189ec765aa7ed75c8acfea42df31fdae71f97be,C
mmlu_pro:test:10628,computer science,10,287,10420,b189ec765aa7ed75c8acfea42df31fdae71f97be,F
mmlu_pro:test:10629,computer science,10,52,10421,b189ec765aa7ed75c8acfea42df31fdae71f97be,F
mmlu_pro:test:10630,computer science,10,180,10422,b189ec765aa7ed75c8acfea42df31fdae71f97be,B
mmlu_pro:test:10631,computer science,10,248,10423,b189ec765aa7ed75c8acfea42df31fdae71f97be,D
mmlu_pro:test:10633,computer science,10,183,10425,b189ec765aa7ed75c8acfea42df31fdae71f97be,I
mmlu_pro:test:10634,computer science,4,32,10426,b189ec765aa7ed75c8acfea42df31fdae71f97be,D
mmlu_pro:test:10635,computer science,10,549,10427,b189ec765aa7ed75c8acfea42df31fdae71f97be,A
mmlu_pro:test:10636,computer science,10,82,10428,b189ec765aa7ed75c8acfea42df31fdae71f97be,C
mmlu_pro:test:10637,computer science,4,183,10429,b189ec765aa7ed75c8acfea42df31fdae71f97be,C
mmlu_pro:test:10638,computer science,4,166,10430,b189ec765aa7ed75c8acfea42df31fdae71f97be,A
mmlu_pro:test:10639,computer science,10,127,10431,b189ec765aa7ed75c8acfea42df31fdae71f97be,J
mmlu_pro:test:10640,computer science,10,160,10432,b189ec765aa7ed75c8acfea42df31fdae71f97be,F
mmlu_pro:test:10641,computer science,10,204,10433,b189ec765aa7ed75c8acfea42df31fdae71f97be,I
mmlu_pro:test:10642,computer science,10,85,10434,b189ec765aa7ed75c8acfea42df31fdae71f97be,B
mmlu_pro:test:10643,computer science,10,211,10435,b189ec765aa7ed75c8acfea42df31fdae71f97be,F
mmlu_pro:test:10644,computer science,10,164,10436,b189ec765aa7ed75c8acfea42df31fdae71f97be,H
mmlu_pro:test:10645,computer science,10,251,10437,b189ec765aa7ed75c8acfea42df31fdae71f97be,F
mmlu_pro:test:10646,computer science,10,216,10438,b189ec765aa7ed75c8acfea42df31fdae71f97be,F
mmlu_pro:test:10647,computer science,10,67,10439,b189ec765aa7ed75c8acfea42df31fdae71f97be,F
mmlu_pro:test:10648,computer science,10,58,10440,b189ec765aa7ed75c8acfea42df31fdae71f97be,J
mmlu_pro:test:10649,computer science,6,97,10441,b189ec765aa7ed75c8acfea42df31fdae71f97be,F
mmlu_pro:test:10650,computer science,10,55,10442,b189ec765aa7ed75c8acfea42df31fdae71f97be,D
mmlu_pro:test:10651,computer science,10,620,10443,b189ec765aa7ed75c8acfea42df31fdae71f97be,H
mmlu_pro:test:10652,computer science,4,222,10444,b189ec765aa7ed75c8acfea42df31fdae71f97be,C
mmlu_pro:test:10653,computer science,10,378,10445,b189ec765aa7ed75c8acfea42df31fdae71f97be,C
mmlu_pro:test:10654,computer science,10,316,10446,b189ec765aa7ed75c8acfea42df31fdae71f97be,C
mmlu_pro:test:10655,computer science,10,102,10447,b189ec765aa7ed75c8acfea42df31fdae71f97be,I
mmlu_pro:test:10656,computer science,10,347,10448,b189ec765aa7ed75c8acfea42df31fdae71f97be,F
mmlu_pro:test:10657,computer science,10,334,10449,b189ec765aa7ed75c8acfea42df31fdae71f97be,E
mmlu_pro:test:10660,computer science,10,830,10451,b189ec765aa7ed75c8acfea42df31fdae71f97be,F
mmlu_pro:test:10661,computer science,10,193,10452,b189ec765aa7ed75c8acfea42df31fdae71f97be,G
mmlu_pro:test:10662,computer science,10,280,10453,b189ec765aa7ed75c8acfea42df31fdae71f97be,E
mmlu_pro:test:10663,computer science,10,179,10454,b189ec765aa7ed75c8acfea42df31fdae71f97be,F
mmlu_pro:test:10664,computer science,10,231,10455,b189ec765aa7ed75c8acfea42df31fdae71f97be,F
mmlu_pro:test:10665,computer science,10,369,10456,b189ec765aa7ed75c8acfea42df31fdae71f97be,H
mmlu_pro:test:10666,computer science,10,155,10457,b189ec765aa7ed75c8acfea42df31fdae71f97be,D
mmlu_pro:test:10668,computer science,4,333,10459,b189ec765aa7ed75c8acfea42df31fdae71f97be,A
mmlu_pro:test:10669,computer science,10,223,10460,b189ec765aa7ed75c8acfea42df31fdae71f97be,B
mmlu_pro:test:10670,computer science,10,55,10461,b189ec765aa7ed75c8acfea42df31fdae71f97be,H
mmlu_pro:test:10671,computer science,7,163,10462,b189ec765aa7ed75c8acfea42df31fdae71f97be,A
mmlu_pro:test:10672,computer science,10,554,10463,b189ec765aa7ed75c8acfea42df31fdae71f97be,A
mmlu_pro:test:10673,computer science,10,221,10464,b189ec765aa7ed75c8acfea42df31fdae71f97be,G
mmlu_pro:test:10674,computer science,10,145,10465,b189ec765aa7ed75c8acfea42df31fdae71f97be,D
mmlu_pro:test:10675,computer science,10,91,10466,b189ec765aa7ed75c8acfea42df31fdae71f97be,H
mmlu_pro:test:10676,computer science,10,216,10467,b189ec765aa7ed75c8acfea42df31fdae71f97be,H
mmlu_pro:test:10677,computer science,7,71,10468,b189ec765aa7ed75c8acfea42df31fdae71f97be,G
mmlu_pro:test:10678,computer science,10,111,10469,b189ec765aa7ed75c8acfea42df31fdae71f97be,F
mmlu_pro:test:10679,computer science,10,62,10470,b189ec765aa7ed75c8acfea42df31fdae71f97be,J
mmlu_pro:test:10680,computer science,10,28,10471,b189ec765aa7ed75c8acfea42df31fdae71f97be,I
mmlu_pro:test:10681,computer science,10,990,10472,b189ec765aa7ed75c8acfea42df31fdae71f97be,I
mmlu_pro:test:10682,computer science,4,653,10473,b189ec765aa7ed75c8acfea42df31fdae71f97be,D
mmlu_pro:test:10683,computer science,8,223,10474,b189ec765aa7ed75c8acfea42df31fdae71f97be,C
mmlu_pro:test:10684,computer science,10,636,10475,b189ec765aa7ed75c8acfea42df31fdae71f97be,J
mmlu_pro:test:10685,computer science,9,286,10476,b189ec765aa7ed75c8acfea42df31fdae71f97be,I
mmlu_pro:test:10686,computer science,4,132,10477,b189ec765aa7ed75c8acfea42df31fdae71f97be,D
mmlu_pro:test:10687,computer science,10,172,10478,b189ec765aa7ed75c8acfea42df31fdae71f97be,E
mmlu_pro:test:10688,computer science,10,284,10479,b189ec765aa7ed75c8acfea42df31fdae71f97be,H
mmlu_pro:test:10689,computer science,7,33,10480,b189ec765aa7ed75c8acfea42df31fdae71f97be,G
mmlu_pro:test:10690,computer science,10,163,10481,b189ec765aa7ed75c8acfea42df31fdae71f97be,I
mmlu_pro:test:10691,computer science,10,256,10482,b189ec765aa7ed75c8acfea42df31fdae71f97be,H
mmlu_pro:test:10693,computer science,8,237,10483,b189ec765aa7ed75c8acfea42df31fdae71f97be,H
mmlu_pro:test:10694,computer science,10,59,10484,b189ec765aa7ed75c8acfea42df31fdae71f97be,I
mmlu_pro:test:10695,computer science,10,77,10485,b189ec765aa7ed75c8acfea42df31fdae71f97be,G
mmlu_pro:test:10696,computer science,10,44,10486,b189ec765aa7ed75c8acfea42df31fdae71f97be,F
mmlu_pro:test:10697,computer science,10,399,10487,b189ec765aa7ed75c8acfea42df31fdae71f97be,D
mmlu_pro:test:10698,computer science,10,189,10488,b189ec765aa7ed75c8acfea42df31fdae71f97be,D
mmlu_pro:test:10699,computer science,10,207,10489,b189ec765aa7ed75c8acfea42df31fdae71f97be,E
mmlu_pro:test:10700,computer science,10,245,10490,b189ec765aa7ed75c8acfea42df31fdae71f97be,C
mmlu_pro:test:10702,computer science,10,316,10492,b189ec765aa7ed75c8acfea42df31fdae71f97be,I
mmlu_pro:test:10703,computer science,10,473,10493,b189ec765aa7ed75c8acfea42df31fdae71f97be,E
mmlu_pro:test:10704,computer science,8,38,10494,b189ec765aa7ed75c8acfea42df31fdae71f97be,D
mmlu_pro:test:10705,computer science,10,228,10495,b189ec765aa7ed75c8acfea42df31fdae71f97be,F
mmlu_pro:test:10706,computer science,10,79,10496,b189ec765aa7ed75c8acfea42df31fdae71f97be,E
mmlu_pro:test:10707,computer science,10,117,10497,b189ec765aa7ed75c8acfea42df31fdae71f97be,D
mmlu_pro:test:10708,computer science,10,85,10498,b189ec765aa7ed75c8acfea42df31fdae71f97be,C
mmlu_pro:test:10710,computer science,10,112,10500,b189ec765aa7ed75c8acfea42df31fdae71f97be,J
mmlu_pro:test:10711,computer science,5,368,10501,b189ec765aa7ed75c8acfea42df31fdae71f97be,E
mmlu_pro:test:10712,computer science,10,163,10502,b189ec765aa7ed75c8acfea42df31fdae71f97be,E
mmlu_pro:test:10713,computer science,10,445,10503,b189ec765aa7ed75c8acfea42df31fdae71f97be,J
mmlu_pro:test:10714,computer science,10,342,10504,b189ec765aa7ed75c8acfea42df31fdae71f97be,G
mmlu_pro:test:10715,computer science,10,245,10505,b189ec765aa7ed75c8acfea42df31fdae71f97be,A
mmlu_pro:test:10716,computer science,10,222,10506,b189ec765aa7ed75c8acfea42df31fdae71f97be,F
mmlu_pro:test:10717,computer science,10,36,10507,b189ec765aa7ed75c8acfea42df31fdae71f97be,E
mmlu_pro:test:10718,computer science,10,73,10508,b189ec765aa7ed75c8acfea42df31fdae71f97be,B
mmlu_pro:test:10719,computer science,10,559,10509,b189ec765aa7ed75c8acfea42df31fdae71f97be,H
mmlu_pro:test:10720,computer science,10,55,10510,b189ec765aa7ed75c8acfea42df31fdae71f97be,J
mmlu_pro:test:10721,computer science,5,389,10511,b189ec765aa7ed75c8acfea42df31fdae71f97be,A
mmlu_pro:test:10722,computer science,10,39,10512,b189ec765aa7ed75c8acfea42df31fdae71f97be,H
mmlu_pro:test:10723,computer science,9,52,10513,b189ec765aa7ed75c8acfea42df31fdae71f97be,F
mmlu_pro:test:10724,computer science,6,122,10514,b189ec765aa7ed75c8acfea42df31fdae71f97be,E
mmlu_pro:test:10725,computer science,10,686,10515,b189ec765aa7ed75c8acfea42df31fdae71f97be,A
mmlu_pro:test:10726,computer science,10,134,10516,b189ec765aa7ed75c8acfea42df31fdae71f97be,I
mmlu_pro:test:10727,computer science,10,88,10517,b189ec765aa7ed75c8acfea42df31fdae71f97be,F
mmlu_pro:test:10728,computer science,10,216,10518,b189ec765aa7ed75c8acfea42df31fdae71f97be,C
mmlu_pro:test:10729,computer science,10,179,10519,b189ec765aa7ed75c8acfea42df31fdae71f97be,B
mmlu_pro:test:10730,computer science,10,71,10520,b189ec765aa7ed75c8acfea42df31fdae71f97be,D
mmlu_pro:test:10731,computer science,10,145,10521,b189ec765aa7ed75c8acfea42df31fdae71f97be,E
mmlu_pro:test:10732,computer science,4,155,10522,b189ec765aa7ed75c8acfea42df31fdae71f97be,B
mmlu_pro:test:10733,computer science,10,247,10523,b189ec765aa7ed75c8acfea42df31fdae71f97be,F
mmlu_pro:test:10734,computer science,10,544,10524,b189ec765aa7ed75c8acfea42df31fdae71f97be,I
mmlu_pro:test:10735,computer science,10,125,10525,b189ec765aa7ed75c8acfea42df31fdae71f97be,J
mmlu_pro:test:10736,computer science,10,57,10526,b189ec765aa7ed75c8acfea42df31fdae71f97be,H
mmlu_pro:test:10737,computer science,3,61,10527,b189ec765aa7ed75c8acfea42df31fdae71f97be,C
mmlu_pro:test:10738,computer science,10,60,10528,b189ec765aa7ed75c8acfea42df31fdae71f97be,A
mmlu_pro:test:10739,computer science,10,209,10529,b189ec765aa7ed75c8acfea42df31fdae71f97be,F
mmlu_pro:test:10740,computer science,10,161,10530,b189ec765aa7ed75c8acfea42df31fdae71f97be,E
mmlu_pro:test:10741,computer science,10,225,10531,b189ec765aa7ed75c8acfea42df31fdae71f97be,F
mmlu_pro:test:10742,computer science,10,246,10532,b189ec765aa7ed75c8acfea42df31fdae71f97be,E
mmlu_pro:test:10743,computer science,10,98,10533,b189ec765aa7ed75c8acfea42df31fdae71f97be,H
mmlu_pro:test:10744,computer science,10,106,10534,b189ec765aa7ed75c8acfea42df31fdae71f97be,D
mmlu_pro:test:10745,computer science,10,306,10535,b189ec765aa7ed75c8acfea42df31fdae71f97be,C
mmlu_pro:test:10747,computer science,10,232,10537,b189ec765aa7ed75c8acfea42df31fdae71f97be,I
mmlu_pro:test:10748,computer science,10,159,10538,b189ec765aa7ed75c8acfea42df31fdae71f97be,F
mmlu_pro:test:10749,computer science,8,423,10539,b189ec765aa7ed75c8acfea42df31fdae71f97be,B
mmlu_pro:test:10750,computer science,9,36,10540,b189ec765aa7ed75c8acfea42df31fdae71f97be,A
mmlu_pro:test:10751,computer science,9,69,10541,b189ec765aa7ed75c8acfea42df31fdae71f97be,I
mmlu_pro:test:10752,computer science,10,180,10542,b189ec765aa7ed75c8acfea42df31fdae71f97be,G
mmlu_pro:test:10753,computer science,4,428,10543,b189ec765aa7ed75c8acfea42df31fdae71f97be,A
mmlu_pro:test:10754,computer science,10,1064,10544,b189ec765aa7ed75c8acfea42df31fdae71f97be,D
mmlu_pro:test:10755,computer science,10,420,10545,b189ec765aa7ed75c8acfea42df31fdae71f97be,E
mmlu_pro:test:10756,computer science,9,128,10546,b189ec765aa7ed75c8acfea42df31fdae71f97be,D
mmlu_pro:test:10757,computer science,10,329,10547,b189ec765aa7ed75c8acfea42df31fdae71f97be,I
mmlu_pro:test:10758,computer science,10,198,10548,b189ec765aa7ed75c8acfea42df31fdae71f97be,J
mmlu_pro:test:10759,computer science,4,62,10549,b189ec765aa7ed75c8acfea42df31fdae71f97be,D
mmlu_pro:test:10760,computer science,8,67,10550,b189ec765aa7ed75c8acfea42df31fdae71f97be,D
mmlu_pro:test:10761,computer science,4,443,10551,b189ec765aa7ed75c8acfea42df31fdae71f97be,C
mmlu_pro:test:10762,computer science,10,601,10552,b189ec765aa7ed75c8acfea42df31fdae71f97be,I
mmlu_pro:test:10763,computer science,10,337,10553,b189ec765aa7ed75c8acfea42df31fdae71f97be,G
mmlu_pro:test:10764,computer science,10,31,10554,b189ec765aa7ed75c8acfea42df31fdae71f97be,E
mmlu_pro:test:10765,computer science,9,54,10555,b189ec765aa7ed75c8acfea42df31fdae71f97be,A
mmlu_pro:test:10768,computer science,10,292,10558,b189ec765aa7ed75c8acfea42df31fdae71f97be,D
mmlu_pro:test:10769,computer science,10,339,10559,b189ec765aa7ed75c8acfea42df31fdae71f97be,J
mmlu_pro:test:10770,computer science,10,219,10560,b189ec765aa7ed75c8acfea42df31fdae71f97be,F
mmlu_pro:test:10771,computer science,10,389,10561,b189ec765aa7ed75c8acfea42df31fdae71f97be,C
mmlu_pro:test:10772,computer science,10,134,10562,b189ec765aa7ed75c8acfea42df31fdae71f97be,I
mmlu_pro:test:10773,computer science,10,56,10563,b189ec765aa7ed75c8acfea42df31fdae71f97be,J
mmlu_pro:test:10774,philosophy,10,109,10564,b189ec765aa7ed75c8acfea42df31fdae71f97be,A
mmlu_pro:test:10775,philosophy,10,325,10565,b189ec765aa7ed75c8acfea42df31fdae71f97be,D
mmlu_pro:test:10776,philosophy,10,138,10566,b189ec765aa7ed75c8acfea42df31fdae71f97be,I
mmlu_pro:test:10777,philosophy,10,109,10567,b189ec765aa7ed75c8acfea42df31fdae71f97be,A
mmlu_pro:test:10778,philosophy,10,130,10568,b189ec765aa7ed75c8acfea42df31fdae71f97be,E
mmlu_pro:test:10780,philosophy,4,262,10570,b189ec765aa7ed75c8acfea42df31fdae71f97be,D
mmlu_pro:test:10781,philosophy,10,318,10571,b189ec765aa7ed75c8acfea42df31fdae71f97be,J
mmlu_pro:test:10783,philosophy,10,75,10573,b189ec765aa7ed75c8acfea42df31fdae71f97be,H
mmlu_pro:test:10785,philosophy,10,73,10575,b189ec765aa7ed75c8acfea42df31fdae71f97be,G
mmlu_pro:test:10786,philosophy,10,165,10576,b189ec765aa7ed75c8acfea42df31fdae71f97be,B
mmlu_pro:test:10787,philosophy,10,66,10577,b189ec765aa7ed75c8acfea42df31fdae71f97be,D
mmlu_pro:test:10788,philosophy,10,210,10578,b189ec765aa7ed75c8acfea42df31fdae71f97be,E
mmlu_pro:test:10790,philosophy,10,65,10579,b189ec765aa7ed75c8acfea42df31fdae71f97be,D
mmlu_pro:test:10791,philosophy,10,74,10580,b189ec765aa7ed75c8acfea42df31fdae71f97be,I
mmlu_pro:test:10792,philosophy,10,51,10581,b189ec765aa7ed75c8acfea42df31fdae71f97be,A
mmlu_pro:test:10794,philosophy,10,70,10583,b189ec765aa7ed75c8acfea42df31fdae71f97be,C
mmlu_pro:test:10795,philosophy,10,56,10584,b189ec765aa7ed75c8acfea42df31fdae71f97be,G
mmlu_pro:test:10796,philosophy,10,51,10585,b189ec765aa7ed75c8acfea42df31fdae71f97be,G
mmlu_pro:test:10797,philosophy,10,62,10586,b189ec765aa7ed75c8acfea42df31fdae71f97be,D
mmlu_pro:test:10798,philosophy,9,36,10587,b189ec765aa7ed75c8acfea42df31fdae71f97be,D
mmlu_pro:test:10799,philosophy,4,62,10588,b189ec765aa7ed75c8acfea42df31fdae71f97be,A
mmlu_pro:test:10800,philosophy,10,115,10589,b189ec765aa7ed75c8acfea42df31fdae71f97be,H
mmlu_pro:test:10801,philosophy,10,43,10590,b189ec765aa7ed75c8acfea42df31fdae71f97be,E
mmlu_pro:test:10802,philosophy,10,40,10591,b189ec765aa7ed75c8acfea42df31fdae71f97be,D
mmlu_pro:test:10803,philosophy,4,163,10592,b189ec765aa7ed75c8acfea42df31fdae71f97be,C
mmlu_pro:test:10805,philosophy,4,58,10593,b189ec765aa7ed75c8acfea42df31fdae71f97be,B
mmlu_pro:test:10806,philosophy,10,83,10594,b189ec765aa7ed75c8acfea42df31fdae71f97be,A
mmlu_pro:test:10807,philosophy,10,46,10595,b189ec765aa7ed75c8acfea42df31fdae71f97be,C
mmlu_pro:test:10808,philosophy,4,41,10596,b189ec765aa7ed75c8acfea42df31fdae71f97be,C
mmlu_pro:test:10809,philosophy,10,84,10597,b189ec765aa7ed75c8acfea42df31fdae71f97be,I
mmlu_pro:test:10810,philosophy,10,62,10598,b189ec765aa7ed75c8acfea42df31fdae71f97be,A
mmlu_pro:test:10811,philosophy,10,22,10599,b189ec765aa7ed75c8acfea42df31fdae71f97be,B
mmlu_pro:test:10812,philosophy,10,52,10600,b189ec765aa7ed75c8acfea42df31fdae71f97be,I
mmlu_pro:test:10813,philosophy,8,228,10601,b189ec765aa7ed75c8acfea42df31fdae71f97be,G
mmlu_pro:test:10814,philosophy,10,87,10602,b189ec765aa7ed75c8acfea42df31fdae71f97be,A
mmlu_pro:test:10815,philosophy,10,226,10603,b189ec765aa7ed75c8acfea42df31fdae71f97be,E
mmlu_pro:test:10816,philosophy,10,251,10604,b189ec765aa7ed75c8acfea42df31fdae71f97be,B
mmlu_pro:test:10817,philosophy,10,282,10605,b189ec765aa7ed75c8acfea42df31fdae71f97be,H
mmlu_pro:test:10818,philosophy,10,185,10606,b189ec765aa7ed75c8acfea42df31fdae71f97be,J
mmlu_pro:test:10819,philosophy,10,137,10607,b189ec765aa7ed75c8acfea42df31fdae71f97be,J
mmlu_pro:test:10820,philosophy,10,60,10608,b189ec765aa7ed75c8acfea42df31fdae71f97be,G
mmlu_pro:test:10821,philosophy,10,139,10609,b189ec765aa7ed75c8acfea42df31fdae71f97be,H
mmlu_pro:test:10822,philosophy,10,75,10610,b189ec765aa7ed75c8acfea42df31fdae71f97be,I
mmlu_pro:test:10823,philosophy,4,62,10611,b189ec765aa7ed75c8acfea42df31fdae71f97be,A
mmlu_pro:test:10825,philosophy,10,117,10612,b189ec765aa7ed75c8acfea42df31fdae71f97be,F
mmlu_pro:test:10826,philosophy,10,187,10613,b189ec765aa7ed75c8acfea42df31fdae71f97be,A
mmlu_pro:test:10827,philosophy,10,92,10614,b189ec765aa7ed75c8acfea42df31fdae71f97be,B
mmlu_pro:test:10828,philosophy,10,247,10615,b189ec765aa7ed75c8acfea42df31fdae71f97be,G
mmlu_pro:test:10829,philosophy,10,182,10616,b189ec765aa7ed75c8acfea42df31fdae71f97be,H
mmlu_pro:test:10830,philosophy,10,136,10617,b189ec765aa7ed75c8acfea42df31fdae71f97be,G
mmlu_pro:test:10832,philosophy,10,53,10619,b189ec765aa7ed75c8acfea42df31fdae71f97be,I
mmlu_pro:test:10833,philosophy,8,103,10620,b189ec765aa7ed75c8acfea42df31fdae71f97be,H
mmlu_pro:test:10835,philosophy,10,28,10622,b189ec765aa7ed75c8acfea42df31fdae71f97be,F
mmlu_pro:test:10836,philosophy,10,27,10623,b189ec765aa7ed75c8acfea42df31fdae71f97be,F
mmlu_pro:test:10837,philosophy,10,199,10624,b189ec765aa7ed75c8acfea42df31fdae71f97be,F
mmlu_pro:test:10838,philosophy,9,152,10625,b189ec765aa7ed75c8acfea42df31fdae71f97be,C
mmlu_pro:test:10840,philosophy,10,154,10627,b189ec765aa7ed75c8acfea42df31fdae71f97be,H
mmlu_pro:test:10841,philosophy,4,51,10628,b189ec765aa7ed75c8acfea42df31fdae71f97be,B
mmlu_pro:test:10843,philosophy,10,55,10630,b189ec765aa7ed75c8acfea42df31fdae71f97be,I
mmlu_pro:test:10844,philosophy,10,51,10631,b189ec765aa7ed75c8acfea42df31fdae71f97be,J
mmlu_pro:test:10845,philosophy,6,79,10632,b189ec765aa7ed75c8acfea42df31fdae71f97be,C
mmlu_pro:test:10846,philosophy,8,57,10633,b189ec765aa7ed75c8acfea42df31fdae71f97be,F
mmlu_pro:test:10847,philosophy,10,120,10634,b189ec765aa7ed75c8acfea42df31fdae71f97be,G
mmlu_pro:test:10848,philosophy,10,81,10635,b189ec765aa7ed75c8acfea42df31fdae71f97be,G
mmlu_pro:test:10849,philosophy,10,59,10636,b189ec765aa7ed75c8acfea42df31fdae71f97be,F
mmlu_pro:test:10850,philosophy,10,62,10637,b189ec765aa7ed75c8acfea42df31fdae71f97be,J
mmlu_pro:test:10851,philosophy,10,180,10638,b189ec765aa7ed75c8acfea42df31fdae71f97be,F
mmlu_pro:test:10852,philosophy,10,48,10639,b189ec765aa7ed75c8acfea42df31fdae71f97be,B
mmlu_pro:test:10853,philosophy,10,20,10640,b189ec765aa7ed75c8acfea42df31fdae71f97be,A
mmlu_pro:test:10854,philosophy,10,89,10641,b189ec765aa7ed75c8acfea42df31fdae71f97be,B
mmlu_pro:test:10855,philosophy,10,55,10642,b189ec765aa7ed75c8acfea42df31fdae71f97be,A
mmlu_pro:test:10856,philosophy,10,286,10643,b189ec765aa7ed75c8acfea42df31fdae71f97be,H
mmlu_pro:test:10857,philosophy,10,285,10644,b189ec765aa7ed75c8acfea42df31fdae71f97be,H
mmlu_pro:test:10858,philosophy,10,248,10645,b189ec765aa7ed75c8acfea42df31fdae71f97be,A
mmlu_pro:test:10859,philosophy,10,141,10646,b189ec765aa7ed75c8acfea42df31fdae71f97be,F
mmlu_pro:test:10861,philosophy,9,289,10648,b189ec765aa7ed75c8acfea42df31fdae71f97be,H
mmlu_pro:test:10862,philosophy,10,243,10649,b189ec765aa7ed75c8acfea42df31fdae71f97be,B
mmlu_pro:test:10863,philosophy,10,130,10650,b189ec765aa7ed75c8acfea42df31fdae71f97be,G
mmlu_pro:test:10864,philosophy,4,236,10651,b189ec765aa7ed75c8acfea42df31fdae71f97be,D
mmlu_pro:test:10865,philosophy,10,71,10652,b189ec765aa7ed75c8acfea42df31fdae71f97be,D
mmlu_pro:test:10866,philosophy,10,28,10653,b189ec765aa7ed75c8acfea42df31fdae71f97be,I
mmlu_pro:test:10867,philosophy,4,98,10654,b189ec765aa7ed75c8acfea42df31fdae71f97be,B
mmlu_pro:test:10868,philosophy,10,90,10655,b189ec765aa7ed75c8acfea42df31fdae71f97be,I
mmlu_pro:test:10869,philosophy,9,201,10656,b189ec765aa7ed75c8acfea42df31fdae71f97be,B
mmlu_pro:test:10870,philosophy,10,112,10657,b189ec765aa7ed75c8acfea42df31fdae71f97be,E
mmlu_pro:test:10871,philosophy,10,36,10658,b189ec765aa7ed75c8acfea42df31fdae71f97be,C
mmlu_pro:test:10872,philosophy,10,109,10659,b189ec765aa7ed75c8acfea42df31fdae71f97be,D
mmlu_pro:test:10873,philosophy,10,90,10660,b189ec765aa7ed75c8acfea42df31fdae71f97be,A
mmlu_pro:test:10874,philosophy,4,61,10661,b189ec765aa7ed75c8acfea42df31fdae71f97be,A
mmlu_pro:test:10875,philosophy,10,117,10662,b189ec765aa7ed75c8acfea42df31fdae71f97be,I
mmlu_pro:test:10876,philosophy,10,84,10663,b189ec765aa7ed75c8acfea42df31fdae71f97be,H
mmlu_pro:test:10877,philosophy,10,67,10664,b189ec765aa7ed75c8acfea42df31fdae71f97be,E
mmlu_pro:test:10878,philosophy,10,100,10665,b189ec765aa7ed75c8acfea42df31fdae71f97be,C
mmlu_pro:test:10879,philosophy,4,42,10666,b189ec765aa7ed75c8acfea42df31fdae71f97be,D
mmlu_pro:test:10880,philosophy,10,74,10667,b189ec765aa7ed75c8acfea42df31fdae71f97be,H
mmlu_pro:test:10881,philosophy,10,131,10668,b189ec765aa7ed75c8acfea42df31fdae71f97be,I
mmlu_pro:test:10882,philosophy,9,61,10669,b189ec765aa7ed75c8acfea42df31fdae71f97be,G
mmlu_pro:test:10883,philosophy,10,124,10670,b189ec765aa7ed75c8acfea42df31fdae71f97be,B
mmlu_pro:test:10884,philosophy,10,73,10671,b189ec765aa7ed75c8acfea42df31fdae71f97be,A
mmlu_pro:test:10885,philosophy,10,23,10672,b189ec765aa7ed75c8acfea42df31fdae71f97be,A
mmlu_pro:test:10886,philosophy,10,369,10673,b189ec765aa7ed75c8acfea42df31fdae71f97be,F
mmlu_pro:test:10887,philosophy,4,45,10674,b189ec765aa7ed75c8acfea42df31fdae71f97be,C
mmlu_pro:test:10888,philosophy,10,158,10675,b189ec765aa7ed75c8acfea42df31fdae71f97be,G
mmlu_pro:test:10889,philosophy,9,42,10676,b189ec765aa7ed75c8acfea42df31fdae71f97be,I
mmlu_pro:test:10890,philosophy,10,50,10677,b189ec765aa7ed75c8acfea42df31fdae71f97be,E
mmlu_pro:test:10891,philosophy,10,70,10678,b189ec765aa7ed75c8acfea42df31fdae71f97be,F
mmlu_pro:test:10892,philosophy,10,67,10679,b189ec765aa7ed75c8acfea42df31fdae71f97be,J
mmlu_pro:test:10893,philosophy,10,52,10680,b189ec765aa7ed75c8acfea42df31fdae71f97be,E
mmlu_pro:test:10894,philosophy,7,107,10681,b189ec765aa7ed75c8acfea42df31fdae71f97be,B
mmlu_pro:test:10895,philosophy,10,49,10682,b189ec765aa7ed75c8acfea42df31fdae71f97be,H
mmlu_pro:test:10896,philosophy,10,42,10683,b189ec765aa7ed75c8acfea42df31fdae71f97be,G
mmlu_pro:test:10897,philosophy,9,279,10684,b189ec765aa7ed75c8acfea42df31fdae71f97be,I
mmlu_pro:test:10898,philosophy,5,138,10685,b189ec765aa7ed75c8acfea42df31fdae71f97be,D
mmlu_pro:test:10899,philosophy,10,127,10686,b189ec765aa7ed75c8acfea42df31fdae71f97be,J
mmlu_pro:test:10901,philosophy,9,144,10688,b189ec765aa7ed75c8acfea42df31fdae71f97be,I
mmlu_pro:test:10902,philosophy,10,284,10689,b189ec765aa7ed75c8acfea42df31fdae71f97be,A
mmlu_pro:test:10903,philosophy,10,67,10690,b189ec765aa7ed75c8acfea42df31fdae71f97be,B
mmlu_pro:test:10904,philosophy,10,64,10691,b189ec765aa7ed75c8acfea42df31fdae71f97be,I
mmlu_pro:test:10905,philosophy,10,65,10692,b189ec765aa7ed75c8acfea42df31fdae71f97be,A
mmlu_pro:test:10906,philosophy,10,113,10693,b189ec765aa7ed75c8acfea42df31fdae71f97be,J
mmlu_pro:test:10907,philosophy,9,145,10694,b189ec765aa7ed75c8acfea42df31fdae71f97be,D
mmlu_pro:test:10908,philosophy,10,101,10695,b189ec765aa7ed75c8acfea42df31fdae71f97be,B
mmlu_pro:test:10909,philosophy,10,119,10696,b189ec765aa7ed75c8acfea42df31fdae71f97be,J
mmlu_pro:test:10910,philosophy,4,20,10697,b189ec765aa7ed75c8acfea42df31fdae71f97be,D
mmlu_pro:test:10911,philosophy,10,74,10698,b189ec765aa7ed75c8acfea42df31fdae71f97be,A
mmlu_pro:test:10912,philosophy,10,86,10699,b189ec765aa7ed75c8acfea42df31fdae71f97be,I
mmlu_pro:test:10913,philosophy,9,129,10700,b189ec765aa7ed75c8acfea42df31fdae71f97be,B
mmlu_pro:test:10914,philosophy,10,32,10701,b189ec765aa7ed75c8acfea42df31fdae71f97be,H
mmlu_pro:test:10915,philosophy,4,99,10702,b189ec765aa7ed75c8acfea42df31fdae71f97be,D
mmlu_pro:test:10916,philosophy,10,107,10703,b189ec765aa7ed75c8acfea42df31fdae71f97be,B
mmlu_pro:test:10917,philosophy,10,103,10704,b189ec765aa7ed75c8acfea42df31fdae71f97be,A
mmlu_pro:test:10918,philosophy,9,105,10705,b189ec765aa7ed75c8acfea42df31fdae71f97be,I
mmlu_pro:test:10919,philosophy,10,95,10706,b189ec765aa7ed75c8acfea42df31fdae71f97be,G
mmlu_pro:test:10920,philosophy,10,33,10707,b189ec765aa7ed75c8acfea42df31fdae71f97be,F
mmlu_pro:test:10921,philosophy,10,80,10708,b189ec765aa7ed75c8acfea42df31fdae71f97be,H
mmlu_pro:test:10922,philosophy,9,52,10709,b189ec765aa7ed75c8acfea42df31fdae71f97be,I
mmlu_pro:test:10923,philosophy,10,40,10710,b189ec765aa7ed75c8acfea42df31fdae71f97be,I
mmlu_pro:test:10924,philosophy,10,84,10711,b189ec765aa7ed75c8acfea42df31fdae71f97be,C
mmlu_pro:test:10925,philosophy,10,87,10712,b189ec765aa7ed75c8acfea42df31fdae71f97be,F
mmlu_pro:test:10926,philosophy,10,86,10713,b189ec765aa7ed75c8acfea42df31fdae71f97be,G
mmlu_pro:test:10927,philosophy,10,250,10714,b189ec765aa7ed75c8acfea42df31fdae71f97be,I
mmlu_pro:test:10928,philosophy,10,63,10715,b189ec765aa7ed75c8acfea42df31fdae71f97be,A
mmlu_pro:test:10929,philosophy,10,147,10716,b189ec765aa7ed75c8acfea42df31fdae71f97be,D
mmlu_pro:test:10930,philosophy,4,71,10717,b189ec765aa7ed75c8acfea42df31fdae71f97be,D
mmlu_pro:test:10931,philosophy,4,45,10718,b189ec765aa7ed75c8acfea42df31fdae71f97be,A
mmlu_pro:test:10932,philosophy,4,596,10719,b189ec765aa7ed75c8acfea42df31fdae71f97be,A
mmlu_pro:test:10933,philosophy,10,42,10720,b189ec765aa7ed75c8acfea42df31fdae71f97be,C
mmlu_pro:test:10934,philosophy,10,56,10721,b189ec765aa7ed75c8acfea42df31fdae71f97be,D
mmlu_pro:test:10935,philosophy,8,108,10722,b189ec765aa7ed75c8acfea42df31fdae71f97be,D
mmlu_pro:test:10936,philosophy,10,124,10723,b189ec765aa7ed75c8acfea42df31fdae71f97be,F
mmlu_pro:test:10937,philosophy,4,76,10724,b189ec765aa7ed75c8acfea42df31fdae71f97be,B
mmlu_pro:test:10938,philosophy,4,91,10725,b189ec765aa7ed75c8acfea42df31fdae71f97be,B
mmlu_pro:test:10939,philosophy,10,26,10726,b189ec765aa7ed75c8acfea42df31fdae71f97be,G
mmlu_pro:test:10940,philosophy,10,60,10727,b189ec765aa7ed75c8acfea42df31fdae71f97be,G
mmlu_pro:test:10941,philosophy,10,117,10728,b189ec765aa7ed75c8acfea42df31fdae71f97be,C
mmlu_pro:test:10942,philosophy,10,96,10729,b189ec765aa7ed75c8acfea42df31fdae71f97be,F
mmlu_pro:test:10943,philosophy,10,76,10730,b189ec765aa7ed75c8acfea42df31fdae71f97be,D
mmlu_pro:test:10945,philosophy,10,145,10732,b189ec765aa7ed75c8acfea42df31fdae71f97be,B
mmlu_pro:test:10946,philosophy,6,140,10733,b189ec765aa7ed75c8acfea42df31fdae71f97be,E
mmlu_pro:test:10947,philosophy,10,213,10734,b189ec765aa7ed75c8acfea42df31fdae71f97be,C
mmlu_pro:test:10948,philosophy,10,171,10735,b189ec765aa7ed75c8acfea42df31fdae71f97be,H
mmlu_pro:test:10949,philosophy,10,271,10736,b189ec765aa7ed75c8acfea42df31fdae71f97be,I
mmlu_pro:test:10950,philosophy,9,237,10737,b189ec765aa7ed75c8acfea42df31fdae71f97be,G
mmlu_pro:test:10951,philosophy,10,83,10738,b189ec765aa7ed75c8acfea42df31fdae71f97be,A
mmlu_pro:test:10952,philosophy,9,282,10739,b189ec765aa7ed75c8acfea42df31fdae71f97be,G
mmlu_pro:test:10953,philosophy,8,254,10740,b189ec765aa7ed75c8acfea42df31fdae71f97be,B
mmlu_pro:test:10954,philosophy,10,138,10741,b189ec765aa7ed75c8acfea42df31fdae71f97be,A
mmlu_pro:test:10955,philosophy,9,297,10742,b189ec765aa7ed75c8acfea42df31fdae71f97be,D
mmlu_pro:test:10956,philosophy,10,166,10743,b189ec765aa7ed75c8acfea42df31fdae71f97be,B
mmlu_pro:test:10957,philosophy,9,174,10744,b189ec765aa7ed75c8acfea42df31fdae71f97be,E
mmlu_pro:test:10958,philosophy,10,51,10745,b189ec765aa7ed75c8acfea42df31fdae71f97be,A
mmlu_pro:test:10959,philosophy,10,107,10746,b189ec765aa7ed75c8acfea42df31fdae71f97be,J
mmlu_pro:test:10961,philosophy,4,98,10747,b189ec765aa7ed75c8acfea42df31fdae71f97be,D
mmlu_pro:test:10962,philosophy,4,76,10748,b189ec765aa7ed75c8acfea42df31fdae71f97be,C
mmlu_pro:test:10963,philosophy,10,107,10749,b189ec765aa7ed75c8acfea42df31fdae71f97be,J
mmlu_pro:test:10964,philosophy,10,24,10750,b189ec765aa7ed75c8acfea42df31fdae71f97be,H
mmlu_pro:test:10965,philosophy,10,88,10751,b189ec765aa7ed75c8acfea42df31fdae71f97be,H
mmlu_pro:test:10967,philosophy,10,60,10753,b189ec765aa7ed75c8acfea42df31fdae71f97be,A
mmlu_pro:test:10968,philosophy,10,44,10754,b189ec765aa7ed75c8acfea42df31fdae71f97be,C
mmlu_pro:test:10969,philosophy,10,50,10755,b189ec765aa7ed75c8acfea42df31fdae71f97be,H
mmlu_pro:test:10970,philosophy,10,26,10756,b189ec765aa7ed75c8acfea42df31fdae71f97be,B
mmlu_pro:test:10971,philosophy,10,29,10757,b189ec765aa7ed75c8acfea42df31fdae71f97be,C
mmlu_pro:test:10972,philosophy,9,113,10758,b189ec765aa7ed75c8acfea42df31fdae71f97be,G
mmlu_pro:test:10973,philosophy,10,64,10759,b189ec765aa7ed75c8acfea42df31fdae71f97be,G
mmlu_pro:test:10974,philosophy,10,44,10760,b189ec765aa7ed75c8acfea42df31fdae71f97be,C
mmlu_pro:test:10975,philosophy,10,64,10761,b189ec765aa7ed75c8acfea42df31fdae71f97be,H
mmlu_pro:test:10976,philosophy,10,104,10762,b189ec765aa7ed75c8acfea42df31fdae71f97be,D
mmlu_pro:test:10978,philosophy,10,149,10763,b189ec765aa7ed75c8acfea42df31fdae71f97be,B
mmlu_pro:test:10979,philosophy,9,49,10764,b189ec765aa7ed75c8acfea42df31fdae71f97be,E
mmlu_pro:test:10980,philosophy,10,50,10765,b189ec765aa7ed75c8acfea42df31fdae71f97be,H
mmlu_pro:test:10981,philosophy,10,33,10766,b189ec765aa7ed75c8acfea42df31fdae71f97be,I
mmlu_pro:test:10982,philosophy,10,87,10767,b189ec765aa7ed75c8acfea42df31fdae71f97be,A
mmlu_pro:test:10983,philosophy,10,45,10768,b189ec765aa7ed75c8acfea42df31fdae71f97be,D
mmlu_pro:test:10984,philosophy,10,136,10769,b189ec765aa7ed75c8acfea42df31fdae71f97be,B
mmlu_pro:test:10985,philosophy,10,246,10770,b189ec765aa7ed75c8acfea42df31fdae71f97be,C
mmlu_pro:test:10986,philosophy,10,119,10771,b189ec765aa7ed75c8acfea42df31fdae71f97be,G
mmlu_pro:test:10987,philosophy,10,291,10772,b189ec765aa7ed75c8acfea42df31fdae71f97be,F
mmlu_pro:test:10988,philosophy,10,186,10773,b189ec765aa7ed75c8acfea42df31fdae71f97be,B
mmlu_pro:test:10989,philosophy,10,240,10774,b189ec765aa7ed75c8acfea42df31fdae71f97be,A
mmlu_pro:test:10990,philosophy,10,279,10775,b189ec765aa7ed75c8acfea42df31fdae71f97be,G
mmlu_pro:test:10991,philosophy,10,150,10776,b189ec765aa7ed75c8acfea42df31fdae71f97be,C
mmlu_pro:test:10992,philosophy,10,163,10777,b189ec765aa7ed75c8acfea42df31fdae71f97be,J
mmlu_pro:test:10993,philosophy,10,66,10778,b189ec765aa7ed75c8acfea42df31fdae71f97be,E
mmlu_pro:test:10994,philosophy,10,127,10779,b189ec765aa7ed75c8acfea42df31fdae71f97be,E
mmlu_pro:test:10995,philosophy,10,90,10780,b189ec765aa7ed75c8acfea42df31fdae71f97be,H
mmlu_pro:test:10996,philosophy,10,65,10781,b189ec765aa7ed75c8acfea42df31fdae71f97be,F
mmlu_pro:test:10998,philosophy,10,107,10782,b189ec765aa7ed75c8acfea42df31fdae71f97be,C
mmlu_pro:test:10999,philosophy,10,74,10783,b189ec765aa7ed75c8acfea42df31fdae71f97be,J
mmlu_pro:test:11000,philosophy,10,137,10784,b189ec765aa7ed75c8acfea42df31fdae71f97be,D
mmlu_pro:test:11001,philosophy,10,91,10785,b189ec765aa7ed75c8acfea42df31fdae71f97be,D
mmlu_pro:test:11002,philosophy,4,124,10786,b189ec765aa7ed75c8acfea42df31fdae71f97be,A
mmlu_pro:test:11003,philosophy,10,208,10787,b189ec765aa7ed75c8acfea42df31fdae71f97be,B
mmlu_pro:test:11004,philosophy,4,96,10788,b189ec765aa7ed75c8acfea42df31fdae71f97be,A
mmlu_pro:test:11005,philosophy,4,128,10789,b189ec765aa7ed75c8acfea42df31fdae71f97be,B
mmlu_pro:test:11007,philosophy,10,37,10791,b189ec765aa7ed75c8acfea42df31fdae71f97be,J
mmlu_pro:test:11008,philosophy,10,31,10792,b189ec765aa7ed75c8acfea42df31fdae71f97be,E
mmlu_pro:test:11009,philosophy,4,204,10793,b189ec765aa7ed75c8acfea42df31fdae71f97be,A
mmlu_pro:test:11011,philosophy,4,268,10795,b189ec765aa7ed75c8acfea42df31fdae71f97be,C
mmlu_pro:test:11012,philosophy,10,66,10796,b189ec765aa7ed75c8acfea42df31fdae71f97be,B
mmlu_pro:test:11013,philosophy,4,19,10797,b189ec765aa7ed75c8acfea42df31fdae71f97be,A
mmlu_pro:test:11014,philosophy,10,81,10798,b189ec765aa7ed75c8acfea42df31fdae71f97be,I
mmlu_pro:test:11015,philosophy,8,227,10799,b189ec765aa7ed75c8acfea42df31fdae71f97be,C
mmlu_pro:test:11016,philosophy,10,215,10800,b189ec765aa7ed75c8acfea42df31fdae71f97be,J
mmlu_pro:test:11017,philosophy,10,58,10801,b189ec765aa7ed75c8acfea42df31fdae71f97be,A
mmlu_pro:test:11018,philosophy,10,26,10802,b189ec765aa7ed75c8acfea42df31fdae71f97be,H
mmlu_pro:test:11019,philosophy,10,95,10803,b189ec765aa7ed75c8acfea42df31fdae71f97be,H
mmlu_pro:test:11020,philosophy,10,139,10804,b189ec765aa7ed75c8acfea42df31fdae71f97be,H
mmlu_pro:test:11021,philosophy,10,57,10805,b189ec765aa7ed75c8acfea42df31fdae71f97be,D
mmlu_pro:test:11022,philosophy,10,60,10806,b189ec765aa7ed75c8acfea42df31fdae71f97be,H
mmlu_pro:test:11023,philosophy,10,49,10807,b189ec765aa7ed75c8acfea42df31fdae71f97be,D
mmlu_pro:test:11024,philosophy,9,92,10808,b189ec765aa7ed75c8acfea42df31fdae71f97be,B
mmlu_pro:test:11025,philosophy,10,50,10809,b189ec765aa7ed75c8acfea42df31fdae71f97be,G
mmlu_pro:test:11026,philosophy,10,28,10810,b189ec765aa7ed75c8acfea42df31fdae71f97be,C
mmlu_pro:test:11028,philosophy,8,323,10811,b189ec765aa7ed75c8acfea42df31fdae71f97be,G
mmlu_pro:test:11029,philosophy,10,31,10812,b189ec765aa7ed75c8acfea42df31fdae71f97be,G
mmlu_pro:test:11030,philosophy,4,149,10813,b189ec765aa7ed75c8acfea42df31fdae71f97be,D
mmlu_pro:test:11031,philosophy,10,212,10814,b189ec765aa7ed75c8acfea42df31fdae71f97be,E
mmlu_pro:test:11035,philosophy,10,286,10818,b189ec765aa7ed75c8acfea42df31fdae71f97be,H
mmlu_pro:test:11036,philosophy,6,190,10819,b189ec765aa7ed75c8acfea42df31fdae71f97be,B
mmlu_pro:test:11037,philosophy,10,91,10820,b189ec765aa7ed75c8acfea42df31fdae71f97be,J
mmlu_pro:test:11039,philosophy,10,114,10822,b189ec765aa7ed75c8acfea42df31fdae71f97be,D
mmlu_pro:test:11040,philosophy,10,126,10823,b189ec765aa7ed75c8acfea42df31fdae71f97be,D
mmlu_pro:test:11041,philosophy,10,141,10824,b189ec765aa7ed75c8acfea42df31fdae71f97be,I
mmlu_pro:test:11042,philosophy,10,41,10825,b189ec765aa7ed75c8acfea42df31fdae71f97be,D
mmlu_pro:test:11043,philosophy,10,227,10826,b189ec765aa7ed75c8acfea42df31fdae71f97be,D
mmlu_pro:test:11044,philosophy,4,35,10827,b189ec765aa7ed75c8acfea42df31fdae71f97be,D
mmlu_pro:test:11045,philosophy,4,171,10828,b189ec765aa7ed75c8acfea42df31fdae71f97be,D
mmlu_pro:test:11046,philosophy,8,80,10829,b189ec765aa7ed75c8acfea42df31fdae71f97be,A
mmlu_pro:test:11047,philosophy,3,87,10830,b189ec765aa7ed75c8acfea42df31fdae71f97be,A
mmlu_pro:test:11048,philosophy,10,85,10831,b189ec765aa7ed75c8acfea42df31fdae71f97be,F
mmlu_pro:test:11049,philosophy,10,50,10832,b189ec765aa7ed75c8acfea42df31fdae71f97be,I
mmlu_pro:test:11050,philosophy,10,86,10833,b189ec765aa7ed75c8acfea42df31fdae71f97be,J
mmlu_pro:test:11051,philosophy,4,79,10834,b189ec765aa7ed75c8acfea42df31fdae71f97be,B
mmlu_pro:test:11052,philosophy,4,56,10835,b189ec765aa7ed75c8acfea42df31fdae71f97be,D
mmlu_pro:test:11053,philosophy,10,43,10836,b189ec765aa7ed75c8acfea42df31fdae71f97be,A
mmlu_pro:test:11054,philosophy,10,72,10837,b189ec765aa7ed75c8acfea42df31fdae71f97be,B
mmlu_pro:test:11055,philosophy,10,50,10838,b189ec765aa7ed75c8acfea42df31fdae71f97be,H
mmlu_pro:test:11056,philosophy,10,66,10839,b189ec765aa7ed75c8acfea42df31fdae71f97be,A
mmlu_pro:test:11057,philosophy,10,85,10840,b189ec765aa7ed75c8acfea42df31fdae71f97be,E
mmlu_pro:test:11058,philosophy,10,86,10841,b189ec765aa7ed75c8acfea42df31fdae71f97be,G
mmlu_pro:test:11060,philosophy,10,70,10843,b189ec765aa7ed75c8acfea42df31fdae71f97be,J
mmlu_pro:test:11061,philosophy,4,142,10844,b189ec765aa7ed75c8acfea42df31fdae71f97be,B
mmlu_pro:test:11062,philosophy,10,91,10845,b189ec765aa7ed75c8acfea42df31fdae71f97be,A
mmlu_pro:test:11063,philosophy,10,41,10846,b189ec765aa7ed75c8acfea42df31fdae71f97be,A
mmlu_pro:test:11064,philosophy,10,235,10847,b189ec765aa7ed75c8acfea42df31fdae71f97be,A
mmlu_pro:test:11065,philosophy,10,78,10848,b189ec765aa7ed75c8acfea42df31fdae71f97be,G
mmlu_pro:test:11066,philosophy,10,74,10849,b189ec765aa7ed75c8acfea42df31fdae71f97be,A
mmlu_pro:test:11067,philosophy,10,58,10850,b189ec765aa7ed75c8acfea42df31fdae71f97be,F
mmlu_pro:test:11068,philosophy,10,53,10851,b189ec765aa7ed75c8acfea42df31fdae71f97be,A
mmlu_pro:test:11069,philosophy,10,64,10852,b189ec765aa7ed75c8acfea42df31fdae71f97be,D
mmlu_pro:test:11070,philosophy,4,89,10853,b189ec765aa7ed75c8acfea42df31fdae71f97be,A
mmlu_pro:test:11071,philosophy,10,67,10854,b189ec765aa7ed75c8acfea42df31fdae71f97be,F
mmlu_pro:test:11072,philosophy,10,61,10855,b189ec765aa7ed75c8acfea42df31fdae71f97be,J
mmlu_pro:test:11073,philosophy,10,47,10856,b189ec765aa7ed75c8acfea42df31fdae71f97be,F
mmlu_pro:test:11074,philosophy,8,36,10857,b189ec765aa7ed75c8acfea42df31fdae71f97be,E
mmlu_pro:test:11075,philosophy,10,82,10858,b189ec765aa7ed75c8acfea42df31fdae71f97be,C
mmlu_pro:test:11076,philosophy,10,133,10859,b189ec765aa7ed75c8acfea42df31fdae71f97be,E
mmlu_pro:test:11077,philosophy,10,74,10860,b189ec765aa7ed75c8acfea42df31fdae71f97be,D
mmlu_pro:test:11079,philosophy,9,147,10862,b189ec765aa7ed75c8acfea42df31fdae71f97be,D
mmlu_pro:test:11080,philosophy,10,269,10863,b189ec765aa7ed75c8acfea42df31fdae71f97be,G
mmlu_pro:test:11081,philosophy,9,281,10864,b189ec765aa7ed75c8acfea42df31fdae71f97be,E
mmlu_pro:test:11082,philosophy,10,56,10865,b189ec765aa7ed75c8acfea42df31fdae71f97be,J
mmlu_pro:test:11083,philosophy,10,97,10866,b189ec765aa7ed75c8acfea42df31fdae71f97be,E
mmlu_pro:test:11086,philosophy,4,76,10869,b189ec765aa7ed75c8acfea42df31fdae71f97be,D
mmlu_pro:test:11087,philosophy,10,130,10870,b189ec765aa7ed75c8acfea42df31fdae71f97be,H
mmlu_pro:test:11088,philosophy,10,205,10871,b189ec765aa7ed75c8acfea42df31fdae71f97be,E
mmlu_pro:test:11089,philosophy,10,203,10872,b189ec765aa7ed75c8acfea42df31fdae71f97be,G
mmlu_pro:test:11090,philosophy,8,123,10873,b189ec765aa7ed75c8acfea42df31fdae71f97be,F
mmlu_pro:test:11091,philosophy,4,253,10874,b189ec765aa7ed75c8acfea42df31fdae71f97be,B
mmlu_pro:test:11092,philosophy,4,92,10875,b189ec765aa7ed75c8acfea42df31fdae71f97be,B
mmlu_pro:test:11094,philosophy,10,61,10877,b189ec765aa7ed75c8acfea42df31fdae71f97be,H
mmlu_pro:test:11095,philosophy,10,62,10878,b189ec765aa7ed75c8acfea42df31fdae71f97be,I
mmlu_pro:test:11097,philosophy,8,63,10880,b189ec765aa7ed75c8acfea42df31fdae71f97be,A
mmlu_pro:test:11099,philosophy,10,64,10882,b189ec765aa7ed75c8acfea42df31fdae71f97be,E
mmlu_pro:test:11100,philosophy,9,39,10883,b189ec765aa7ed75c8acfea42df31fdae71f97be,C
mmlu_pro:test:11101,philosophy,4,74,10884,b189ec765aa7ed75c8acfea42df31fdae71f97be,B
mmlu_pro:test:11102,philosophy,4,426,10885,b189ec765aa7ed75c8acfea42df31fdae71f97be,B
mmlu_pro:test:11104,philosophy,4,86,10886,b189ec765aa7ed75c8acfea42df31fdae71f97be,A
mmlu_pro:test:11105,philosophy,4,181,10887,b189ec765aa7ed75c8acfea42df31fdae71f97be,B
mmlu_pro:test:11107,philosophy,10,43,10889,b189ec765aa7ed75c8acfea42df31fdae71f97be,H
mmlu_pro:test:11108,philosophy,4,44,10890,b189ec765aa7ed75c8acfea42df31fdae71f97be,D
mmlu_pro:test:11109,philosophy,10,98,10891,b189ec765aa7ed75c8acfea42df31fdae71f97be,A
mmlu_pro:test:11110,philosophy,10,99,10892,b189ec765aa7ed75c8acfea42df31fdae71f97be,E
mmlu_pro:test:11111,philosophy,10,65,10893,b189ec765aa7ed75c8acfea42df31fdae71f97be,D
mmlu_pro:test:11114,philosophy,10,106,10894,b189ec765aa7ed75c8acfea42df31fdae71f97be,H
mmlu_pro:test:11115,philosophy,10,207,10895,b189ec765aa7ed75c8acfea42df31fdae71f97be,E
mmlu_pro:test:11116,philosophy,10,25,10896,b189ec765aa7ed75c8acfea42df31fdae71f97be,G
mmlu_pro:test:11117,philosophy,9,119,10897,b189ec765aa7ed75c8acfea42df31fdae71f97be,C
mmlu_pro:test:11118,philosophy,7,241,10898,b189ec765aa7ed75c8acfea42df31fdae71f97be,G
mmlu_pro:test:11119,philosophy,4,186,10899,b189ec765aa7ed75c8acfea42df31fdae71f97be,D
mmlu_pro:test:11120,philosophy,10,222,10900,b189ec765aa7ed75c8acfea42df31fdae71f97be,B
mmlu_pro:test:11121,philosophy,10,136,10901,b189ec765aa7ed75c8acfea42df31fdae71f97be,C
mmlu_pro:test:11122,philosophy,5,246,10902,b189ec765aa7ed75c8acfea42df31fdae71f97be,D
mmlu_pro:test:11123,philosophy,9,230,10903,b189ec765aa7ed75c8acfea42df31fdae71f97be,A
mmlu_pro:test:11124,philosophy,10,74,10904,b189ec765aa7ed75c8acfea42df31fdae71f97be,G
mmlu_pro:test:11125,philosophy,10,97,10905,b189ec765aa7ed75c8acfea42df31fdae71f97be,D
mmlu_pro:test:11126,philosophy,10,112,10906,b189ec765aa7ed75c8acfea42df31fdae71f97be,E
mmlu_pro:test:11127,philosophy,10,260,10907,b189ec765aa7ed75c8acfea42df31fdae71f97be,A
mmlu_pro:test:11128,philosophy,10,57,10908,b189ec765aa7ed75c8acfea42df31fdae71f97be,I
mmlu_pro:test:11129,philosophy,10,85,10909,b189ec765aa7ed75c8acfea42df31fdae71f97be,I
mmlu_pro:test:11130,philosophy,10,86,10910,b189ec765aa7ed75c8acfea42df31fdae71f97be,D
mmlu_pro:test:11132,philosophy,10,106,10911,b189ec765aa7ed75c8acfea42df31fdae71f97be,G
mmlu_pro:test:11133,philosophy,10,156,10912,b189ec765aa7ed75c8acfea42df31fdae71f97be,D
mmlu_pro:test:11135,philosophy,9,58,10914,b189ec765aa7ed75c8acfea42df31fdae71f97be,I
mmlu_pro:test:11136,philosophy,10,40,10915,b189ec765aa7ed75c8acfea42df31fdae71f97be,B
mmlu_pro:test:11137,philosophy,10,106,10916,b189ec765aa7ed75c8acfea42df31fdae71f97be,I
mmlu_pro:test:11139,philosophy,10,62,10918,b189ec765aa7ed75c8acfea42df31fdae71f97be,H
mmlu_pro:test:11140,philosophy,10,54,10919,b189ec765aa7ed75c8acfea42df31fdae71f97be,A
mmlu_pro:test:11141,philosophy,10,72,10920,b189ec765aa7ed75c8acfea42df31fdae71f97be,A
mmlu_pro:test:11142,philosophy,4,145,10921,b189ec765aa7ed75c8acfea42df31fdae71f97be,A
mmlu_pro:test:11143,philosophy,10,145,10922,b189ec765aa7ed75c8acfea42df31fdae71f97be,D
mmlu_pro:test:11144,philosophy,4,138,10923,b189ec765aa7ed75c8acfea42df31fdae71f97be,C
mmlu_pro:test:11145,philosophy,10,93,10924,b189ec765aa7ed75c8acfea42df31fdae71f97be,A
mmlu_pro:test:11146,philosophy,10,75,10925,b189ec765aa7ed75c8acfea42df31fdae71f97be,C
mmlu_pro:test:11147,philosophy,4,27,10926,b189ec765aa7ed75c8acfea42df31fdae71f97be,C
mmlu_pro:test:11148,philosophy,4,59,10927,b189ec765aa7ed75c8acfea42df31fdae71f97be,C
mmlu_pro:test:11149,philosophy,10,42,10928,b189ec765aa7ed75c8acfea42df31fdae71f97be,C
mmlu_pro:test:11150,philosophy,10,33,10929,b189ec765aa7ed75c8acfea42df31fdae71f97be,I
mmlu_pro:test:11152,philosophy,4,42,10931,b189ec765aa7ed75c8acfea42df31fdae71f97be,B
mmlu_pro:test:11153,philosophy,8,98,10932,b189ec765aa7ed75c8acfea42df31fdae71f97be,E
mmlu_pro:test:11154,philosophy,10,61,10933,b189ec765aa7ed75c8acfea42df31fdae71f97be,C
mmlu_pro:test:11155,philosophy,10,83,10934,b189ec765aa7ed75c8acfea42df31fdae71f97be,E
mmlu_pro:test:11156,philosophy,9,90,10935,b189ec765aa7ed75c8acfea42df31fdae71f97be,B
mmlu_pro:test:11157,philosophy,10,61,10936,b189ec765aa7ed75c8acfea42df31fdae71f97be,D
mmlu_pro:test:11158,philosophy,10,88,10937,b189ec765aa7ed75c8acfea42df31fdae71f97be,A
mmlu_pro:test:11159,philosophy,9,82,10938,b189ec765aa7ed75c8acfea42df31fdae71f97be,H
mmlu_pro:test:11160,philosophy,10,78,10939,b189ec765aa7ed75c8acfea42df31fdae71f97be,G
mmlu_pro:test:11161,philosophy,10,182,10940,b189ec765aa7ed75c8acfea42df31fdae71f97be,H
mmlu_pro:test:11162,philosophy,8,229,10941,b189ec765aa7ed75c8acfea42df31fdae71f97be,G
mmlu_pro:test:11163,philosophy,10,294,10942,b189ec765aa7ed75c8acfea42df31fdae71f97be,B
mmlu_pro:test:11164,philosophy,10,128,10943,b189ec765aa7ed75c8acfea42df31fdae71f97be,B
mmlu_pro:test:11165,philosophy,10,87,10944,b189ec765aa7ed75c8acfea42df31fdae71f97be,J
mmlu_pro:test:11166,philosophy,10,73,10945,b189ec765aa7ed75c8acfea42df31fdae71f97be,A
mmlu_pro:test:11167,philosophy,10,62,10946,b189ec765aa7ed75c8acfea42df31fdae71f97be,F
mmlu_pro:test:11168,philosophy,4,87,10947,b189ec765aa7ed75c8acfea42df31fdae71f97be,B
mmlu_pro:test:11169,philosophy,10,62,10948,b189ec765aa7ed75c8acfea42df31fdae71f97be,F
mmlu_pro:test:11171,philosophy,10,57,10950,b189ec765aa7ed75c8acfea42df31fdae71f97be,D
mmlu_pro:test:11172,philosophy,9,25,10951,b189ec765aa7ed75c8acfea42df31fdae71f97be,A
mmlu_pro:test:11174,philosophy,4,117,10953,b189ec765aa7ed75c8acfea42df31fdae71f97be,C
mmlu_pro:test:11175,philosophy,10,126,10954,b189ec765aa7ed75c8acfea42df31fdae71f97be,C
mmlu_pro:test:11176,philosophy,4,208,10955,b189ec765aa7ed75c8acfea42df31fdae71f97be,B
mmlu_pro:test:11177,philosophy,10,43,10956,b189ec765aa7ed75c8acfea42df31fdae71f97be,H
mmlu_pro:test:11178,philosophy,10,51,10957,b189ec765aa7ed75c8acfea42df31fdae71f97be,I
mmlu_pro:test:11179,philosophy,10,31,10958,b189ec765aa7ed75c8acfea42df31fdae71f97be,H
mmlu_pro:test:11180,philosophy,10,62,10959,b189ec765aa7ed75c8acfea42df31fdae71f97be,G
mmlu_pro:test:11181,philosophy,10,54,10960,b189ec765aa7ed75c8acfea42df31fdae71f97be,G
mmlu_pro:test:11182,philosophy,10,72,10961,b189ec765aa7ed75c8acfea42df31fdae71f97be,A
mmlu_pro:test:11184,philosophy,10,126,10963,b189ec765aa7ed75c8acfea42df31fdae71f97be,I
mmlu_pro:test:11185,philosophy,10,129,10964,b189ec765aa7ed75c8acfea42df31fdae71f97be,J
mmlu_pro:test:11186,philosophy,10,69,10965,b189ec765aa7ed75c8acfea42df31fdae71f97be,F
mmlu_pro:test:11187,philosophy,10,40,10966,b189ec765aa7ed75c8acfea42df31fdae71f97be,F
mmlu_pro:test:11188,philosophy,9,293,10967,b189ec765aa7ed75c8acfea42df31fdae71f97be,D
mmlu_pro:test:11189,philosophy,9,243,10968,b189ec765aa7ed75c8acfea42df31fdae71f97be,F
mmlu_pro:test:11190,philosophy,10,155,10969,b189ec765aa7ed75c8acfea42df31fdae71f97be,G
mmlu_pro:test:11191,philosophy,9,168,10970,b189ec765aa7ed75c8acfea42df31fdae71f97be,D
mmlu_pro:test:11192,philosophy,8,75,10971,b189ec765aa7ed75c8acfea42df31fdae71f97be,F
mmlu_pro:test:11193,philosophy,10,296,10972,b189ec765aa7ed75c8acfea42df31fdae71f97be,C
mmlu_pro:test:11194,philosophy,10,70,10973,b189ec765aa7ed75c8acfea42df31fdae71f97be,F
mmlu_pro:test:11195,philosophy,10,128,10974,b189ec765aa7ed75c8acfea42df31fdae71f97be,I
mmlu_pro:test:11196,philosophy,6,56,10975,b189ec765aa7ed75c8acfea42df31fdae71f97be,A
mmlu_pro:test:11197,philosophy,10,54,10976,b189ec765aa7ed75c8acfea42df31fdae71f97be,D
mmlu_pro:test:11198,philosophy,4,84,10977,b189ec765aa7ed75c8acfea42df31fdae71f97be,D
mmlu_pro:test:11199,philosophy,4,89,10978,b189ec765aa7ed75c8acfea42df31fdae71f97be,C
mmlu_pro:test:11200,philosophy,4,61,10979,b189ec765aa7ed75c8acfea42df31fdae71f97be,D
mmlu_pro:test:11202,philosophy,4,146,10981,b189ec765aa7ed75c8acfea42df31fdae71f97be,D
mmlu_pro:test:11203,philosophy,10,64,10982,b189ec765aa7ed75c8acfea42df31fdae71f97be,C
mmlu_pro:test:11204,philosophy,9,81,10983,b189ec765aa7ed75c8acfea42df31fdae71f97be,C
mmlu_pro:test:11205,philosophy,10,82,10984,b189ec765aa7ed75c8acfea42df31fdae71f97be,H
mmlu_pro:test:11206,philosophy,4,361,10985,b189ec765aa7ed75c8acfea42df31fdae71f97be,B
mmlu_pro:test:11208,philosophy,4,126,10987,b189ec765aa7ed75c8acfea42df31fdae71f97be,B
mmlu_pro:test:11209,philosophy,9,68,10988,b189ec765aa7ed75c8acfea42df31fdae71f97be,D
mmlu_pro:test:11210,philosophy,10,38,10989,b189ec765aa7ed75c8acfea42df31fdae71f97be,F
mmlu_pro:test:11211,philosophy,10,56,10990,b189ec765aa7ed75c8acfea42df31fdae71f97be,F
mmlu_pro:test:11212,philosophy,10,58,10991,b189ec765aa7ed75c8acfea42df31fdae71f97be,A
mmlu_pro:test:11213,philosophy,4,19,10992,b189ec765aa7ed75c8acfea42df31fdae71f97be,D
mmlu_pro:test:11214,philosophy,10,61,10993,b189ec765aa7ed75c8acfea42df31fdae71f97be,E
mmlu_pro:test:11215,philosophy,10,99,10994,b189ec765aa7ed75c8acfea42df31fdae71f97be,G
mmlu_pro:test:11216,philosophy,4,49,10995,b189ec765aa7ed75c8acfea42df31fdae71f97be,C
mmlu_pro:test:11217,philosophy,10,29,10996,b189ec765aa7ed75c8acfea42df31fdae71f97be,G
mmlu_pro:test:11218,philosophy,10,83,10997,b189ec765aa7ed75c8acfea42df31fdae71f97be,H
mmlu_pro:test:11219,philosophy,10,80,10998,b189ec765aa7ed75c8acfea42df31fdae71f97be,G
mmlu_pro:test:11220,philosophy,10,285,10999,b189ec765aa7ed75c8acfea42df31fdae71f97be,A
mmlu_pro:test:11221,philosophy,10,243,11000,b189ec765aa7ed75c8acfea42df31fdae71f97be,E
mmlu_pro:test:11222,philosophy,9,116,11001,b189ec765aa7ed75c8acfea42df31fdae71f97be,A
mmlu_pro:test:11223,philosophy,9,76,11002,b189ec765aa7ed75c8acfea42df31fdae71f97be,D
mmlu_pro:test:11224,philosophy,10,205,11003,b189ec765aa7ed75c8acfea42df31fdae71f97be,F
mmlu_pro:test:11225,philosophy,10,177,11004,b189ec765aa7ed75c8acfea42df31fdae71f97be,H
mmlu_pro:test:11226,philosophy,10,283,11005,b189ec765aa7ed75c8acfea42df31fdae71f97be,C
mmlu_pro:test:11227,philosophy,10,75,11006,b189ec765aa7ed75c8acfea42df31fdae71f97be,A
mmlu_pro:test:11228,philosophy,10,139,11007,b189ec765aa7ed75c8acfea42df31fdae71f97be,J
mmlu_pro:test:11229,philosophy,10,55,11008,b189ec765aa7ed75c8acfea42df31fdae71f97be,I
mmlu_pro:test:11230,philosophy,10,15,11009,b189ec765aa7ed75c8acfea42df31fdae71f97be,H
mmlu_pro:test:11231,philosophy,10,75,11010,b189ec765aa7ed75c8acfea42df31fdae71f97be,B
mmlu_pro:test:11232,philosophy,10,85,11011,b189ec765aa7ed75c8acfea42df31fdae71f97be,G
mmlu_pro:test:11233,philosophy,4,83,11012,b189ec765aa7ed75c8acfea42df31fdae71f97be,C
mmlu_pro:test:11234,philosophy,10,171,11013,b189ec765aa7ed75c8acfea42df31fdae71f97be,I
mmlu_pro:test:11235,philosophy,10,38,11014,b189ec765aa7ed75c8acfea42df31fdae71f97be,J
mmlu_pro:test:11236,philosophy,10,75,11015,b189ec765aa7ed75c8acfea42df31fdae71f97be,E
mmlu_pro:test:11237,philosophy,4,86,11016,b189ec765aa7ed75c8acfea42df31fdae71f97be,B
mmlu_pro:test:11238,philosophy,9,249,11017,b189ec765aa7ed75c8acfea42df31fdae71f97be,D
mmlu_pro:test:11239,philosophy,10,72,11018,b189ec765aa7ed75c8acfea42df31fdae71f97be,H
mmlu_pro:test:11240,philosophy,4,82,11019,b189ec765aa7ed75c8acfea42df31fdae71f97be,B
mmlu_pro:test:11241,philosophy,9,85,11020,b189ec765aa7ed75c8acfea42df31fdae71f97be,B
mmlu_pro:test:11243,philosophy,10,28,11022,b189ec765aa7ed75c8acfea42df31fdae71f97be,J
mmlu_pro:test:11244,philosophy,10,71,11023,b189ec765aa7ed75c8acfea42df31fdae71f97be,G
mmlu_pro:test:11245,philosophy,10,99,11024,b189ec765aa7ed75c8acfea42df31fdae71f97be,A
mmlu_pro:test:11246,philosophy,4,139,11025,b189ec765aa7ed75c8acfea42df31fdae71f97be,D
mmlu_pro:test:11247,philosophy,4,85,11026,b189ec765aa7ed75c8acfea42df31fdae71f97be,B
mmlu_pro:test:11248,philosophy,3,186,11027,b189ec765aa7ed75c8acfea42df31fdae71f97be,C
mmlu_pro:test:11249,philosophy,4,72,11028,b189ec765aa7ed75c8acfea42df31fdae71f97be,A
mmlu_pro:test:11250,philosophy,10,58,11029,b189ec765aa7ed75c8acfea42df31fdae71f97be,A
mmlu_pro:test:11251,philosophy,10,142,11030,b189ec765aa7ed75c8acfea42df31fdae71f97be,A
mmlu_pro:test:11252,philosophy,10,87,11031,b189ec765aa7ed75c8acfea42df31fdae71f97be,D
mmlu_pro:test:11253,philosophy,4,26,11032,b189ec765aa7ed75c8acfea42df31fdae71f97be,D
mmlu_pro:test:11254,philosophy,9,74,11033,b189ec765aa7ed75c8acfea42df31fdae71f97be,B
mmlu_pro:test:11255,philosophy,10,192,11034,b189ec765aa7ed75c8acfea42df31fdae71f97be,B
mmlu_pro:test:11256,philosophy,10,52,11035,b189ec765aa7ed75c8acfea42df31fdae71f97be,E
mmlu_pro:test:11257,philosophy,4,236,11036,b189ec765aa7ed75c8acfea42df31fdae71f97be,B
mmlu_pro:test:11258,philosophy,10,74,11037,b189ec765aa7ed75c8acfea42df31fdae71f97be,F
mmlu_pro:test:11259,philosophy,4,282,11038,b189ec765aa7ed75c8acfea42df31fdae71f97be,A
mmlu_pro:test:11260,philosophy,9,91,11039,b189ec765aa7ed75c8acfea42df31fdae71f97be,F
mmlu_pro:test:11261,philosophy,9,286,11040,b189ec765aa7ed75c8acfea42df31fdae71f97be,I
mmlu_pro:test:11262,philosophy,10,63,11041,b189ec765aa7ed75c8acfea42df31fdae71f97be,B
mmlu_pro:test:11263,philosophy,9,206,11042,b189ec765aa7ed75c8acfea42df31fdae71f97be,I
mmlu_pro:test:11264,philosophy,10,68,11043,b189ec765aa7ed75c8acfea42df31fdae71f97be,E
mmlu_pro:test:11265,philosophy,4,150,11044,b189ec765aa7ed75c8acfea42df31fdae71f97be,D
mmlu_pro:test:11266,philosophy,10,125,11045,b189ec765aa7ed75c8acfea42df31fdae71f97be,I
mmlu_pro:test:11267,philosophy,10,146,11046,b189ec765aa7ed75c8acfea42df31fdae71f97be,B
mmlu_pro:test:11268,philosophy,9,46,11047,b189ec765aa7ed75c8acfea42df31fdae71f97be,I
mmlu_pro:test:11269,philosophy,4,83,11048,b189ec765aa7ed75c8acfea42df31fdae71f97be,C
mmlu_pro:test:11270,philosophy,8,105,11049,b189ec765aa7ed75c8acfea42df31fdae71f97be,E
mmlu_pro:test:11272,philosophy,10,63,11051,b189ec765aa7ed75c8acfea42df31fdae71f97be,B
mmlu_pro:test:11273,philosophy,9,70,11052,b189ec765aa7ed75c8acfea42df31fdae71f97be,C
mmlu_pro:test:11274,philosophy,4,46,11053,b189ec765aa7ed75c8acfea42df31fdae71f97be,B
mmlu_pro:test:11275,philosophy,4,298,11054,b189ec765aa7ed75c8acfea42df31fdae71f97be,C
mmlu_pro:test:11276,philosophy,10,72,11055,b189ec765aa7ed75c8acfea42df31fdae71f97be,J
mmlu_pro:test:11278,philosophy,10,58,11056,b189ec765aa7ed75c8acfea42df31fdae71f97be,G
mmlu_pro:test:11279,philosophy,10,79,11057,b189ec765aa7ed75c8acfea42df31fdae71f97be,E
mmlu_pro:test:11280,philosophy,10,40,11058,b189ec765aa7ed75c8acfea42df31fdae71f97be,C
mmlu_pro:test:11281,philosophy,10,59,11059,b189ec765aa7ed75c8acfea42df31fdae71f97be,A
mmlu_pro:test:11282,philosophy,10,133,11060,b189ec765aa7ed75c8acfea42df31fdae71f97be,C
mmlu_pro:test:11283,philosophy,8,110,11061,b189ec765aa7ed75c8acfea42df31fdae71f97be,A
mmlu_pro:test:11284,philosophy,10,56,11062,b189ec765aa7ed75c8acfea42df31fdae71f97be,D
mmlu_pro:test:11285,engineering,10,140,11063,b189ec765aa7ed75c8acfea42df31fdae71f97be,C
mmlu_pro:test:11286,engineering,4,22,11064,b189ec765aa7ed75c8acfea42df31fdae71f97be,C
mmlu_pro:test:11287,engineering,3,46,11065,b189ec765aa7ed75c8acfea42df31fdae71f97be,A
mmlu_pro:test:11288,engineering,10,38,11066,b189ec765aa7ed75c8acfea42df31fdae71f97be,H
mmlu_pro:test:11289,engineering,10,79,11067,b189ec765aa7ed75c8acfea42df31fdae71f97be,G
mmlu_pro:test:11290,engineering,10,311,11068,b189ec765aa7ed75c8acfea42df31fdae71f97be,B
mmlu_pro:test:11291,engineering,10,183,11069,b189ec765aa7ed75c8acfea42df31fdae71f97be,G
mmlu_pro:test:11292,engineering,4,343,11070,b189ec765aa7ed75c8acfea42df31fdae71f97be,A
mmlu_pro:test:11293,engineering,10,250,11071,b189ec765aa7ed75c8acfea42df31fdae71f97be,F
mmlu_pro:test:11294,engineering,10,132,11072,b189ec765aa7ed75c8acfea42df31fdae71f97be,J
mmlu_pro:test:11295,engineering,10,284,11073,b189ec765aa7ed75c8acfea42df31fdae71f97be,H
mmlu_pro:test:11296,engineering,10,318,11074,b189ec765aa7ed75c8acfea42df31fdae71f97be,I
mmlu_pro:test:11297,engineering,10,236,11075,b189ec765aa7ed75c8acfea42df31fdae71f97be,J
mmlu_pro:test:11298,engineering,10,257,11076,b189ec765aa7ed75c8acfea42df31fdae71f97be,H
mmlu_pro:test:11299,engineering,10,177,11077,b189ec765aa7ed75c8acfea42df31fdae71f97be,A
mmlu_pro:test:11301,engineering,10,365,11079,b189ec765aa7ed75c8acfea42df31fdae71f97be,E
mmlu_pro:test:11302,engineering,10,191,11080,b189ec765aa7ed75c8acfea42df31fdae71f97be,D
mmlu_pro:test:11303,engineering,10,559,11081,b189ec765aa7ed75c8acfea42df31fdae71f97be,A
mmlu_pro:test:11304,engineering,10,153,11082,b189ec765aa7ed75c8acfea42df31fdae71f97be,G
mmlu_pro:test:11305,engineering,10,343,11083,b189ec765aa7ed75c8acfea42df31fdae71f97be,C
mmlu_pro:test:11306,engineering,10,559,11084,b189ec765aa7ed75c8acfea42df31fdae71f97be,A
mmlu_pro:test:11307,engineering,10,151,11085,b189ec765aa7ed75c8acfea42df31fdae71f97be,J
mmlu_pro:test:11308,engineering,10,194,11086,b189ec765aa7ed75c8acfea42df31fdae71f97be,D
mmlu_pro:test:11309,engineering,10,126,11087,b189ec765aa7ed75c8acfea42df31fdae71f97be,B
mmlu_pro:test:11310,engineering,10,268,11088,b189ec765aa7ed75c8acfea42df31fdae71f97be,D
mmlu_pro:test:11311,engineering,10,171,11089,b189ec765aa7ed75c8acfea42df31fdae71f97be,H
mmlu_pro:test:11312,engineering,10,469,11090,b189ec765aa7ed75c8acfea42df31fdae71f97be,F
mmlu_pro:test:11313,engineering,10,109,11091,b189ec765aa7ed75c8acfea42df31fdae71f97be,F
mmlu_pro:test:11314,engineering,10,321,11092,b189ec765aa7ed75c8acfea42df31fdae71f97be,J
mmlu_pro:test:11315,engineering,10,156,11093,b189ec765aa7ed75c8acfea42df31fdae71f97be,B
mmlu_pro:test:11316,engineering,10,351,11094,b189ec765aa7ed75c8acfea42df31fdae71f97be,C
mmlu_pro:test:11317,engineering,10,110,11095,b189ec765aa7ed75c8acfea42df31fdae71f97be,D
mmlu_pro:test:11318,engineering,10,63,11096,b189ec765aa7ed75c8acfea42df31fdae71f97be,D
mmlu_pro:test:11319,engineering,10,235,11097,b189ec765aa7ed75c8acfea42df31fdae71f97be,H
mmlu_pro:test:11320,engineering,10,79,11098,b189ec765aa7ed75c8acfea42df31fdae71f97be,J
mmlu_pro:test:11321,engineering,10,69,11099,b189ec765aa7ed75c8acfea42df31fdae71f97be,J
mmlu_pro:test:11322,engineering,4,76,11100,b189ec765aa7ed75c8acfea42df31fdae71f97be,C
mmlu_pro:test:11323,engineering,10,92,11101,b189ec765aa7ed75c8acfea42df31fdae71f97be,C
mmlu_pro:test:11324,engineering,10,225,11102,b189ec765aa7ed75c8acfea42df31fdae71f97be,B
mmlu_pro:test:11325,engineering,10,143,11103,b189ec765aa7ed75c8acfea42df31fdae71f97be,E
mmlu_pro:test:11326,engineering,10,101,11104,b189ec765aa7ed75c8acfea42df31fdae71f97be,D
mmlu_pro:test:11328,engineering,10,62,11106,b189ec765aa7ed75c8acfea42df31fdae71f97be,G
mmlu_pro:test:11329,engineering,4,267,11107,b189ec765aa7ed75c8acfea42df31fdae71f97be,B
mmlu_pro:test:11330,engineering,10,282,11108,b189ec765aa7ed75c8acfea42df31fdae71f97be,F
mmlu_pro:test:11331,engineering,10,202,11109,b189ec765aa7ed75c8acfea42df31fdae71f97be,I
mmlu_pro:test:11332,engineering,10,317,11110,b189ec765aa7ed75c8acfea42df31fdae71f97be,E
mmlu_pro:test:11333,engineering,4,77,11111,b189ec765aa7ed75c8acfea42df31fdae71f97be,A
mmlu_pro:test:11334,engineering,4,314,11112,b189ec765aa7ed75c8acfea42df31fdae71f97be,A
mmlu_pro:test:11335,engineering,10,192,11113,b189ec765aa7ed75c8acfea42df31fdae71f97be,C
mmlu_pro:test:11336,engineering,10,408,11114,b189ec765aa7ed75c8acfea42df31fdae71f97be,D
mmlu_pro:test:11337,engineering,10,344,11115,b189ec765aa7ed75c8acfea42df31fdae71f97be,I
mmlu_pro:test:11338,engineering,10,159,11116,b189ec765aa7ed75c8acfea42df31fdae71f97be,E
mmlu_pro:test:11339,engineering,10,120,11117,b189ec765aa7ed75c8acfea42df31fdae71f97be,F
mmlu_pro:test:11340,engineering,10,824,11118,b189ec765aa7ed75c8acfea42df31fdae71f97be,D
mmlu_pro:test:11341,engineering,10,255,11119,b189ec765aa7ed75c8acfea42df31fdae71f97be,J
mmlu_pro:test:11342,engineering,5,144,11120,b189ec765aa7ed75c8acfea42df31fdae71f97be,D
mmlu_pro:test:11343,engineering,10,299,11121,b189ec765aa7ed75c8acfea42df31fdae71f97be,I
mmlu_pro:test:11344,engineering,10,282,11122,b189ec765aa7ed75c8acfea42df31fdae71f97be,D
mmlu_pro:test:11345,engineering,10,196,11123,b189ec765aa7ed75c8acfea42df31fdae71f97be,B
mmlu_pro:test:11346,engineering,10,247,11124,b189ec765aa7ed75c8acfea42df31fdae71f97be,A
mmlu_pro:test:11347,engineering,10,310,11125,b189ec765aa7ed75c8acfea42df31fdae71f97be,G
mmlu_pro:test:11348,engineering,10,228,11126,b189ec765aa7ed75c8acfea42df31fdae71f97be,J
mmlu_pro:test:11349,engineering,10,81,11127,b189ec765aa7ed75c8acfea42df31fdae71f97be,C
mmlu_pro:test:11350,engineering,10,111,11128,b189ec765aa7ed75c8acfea42df31fdae71f97be,C
mmlu_pro:test:11351,engineering,10,153,11129,b189ec765aa7ed75c8acfea42df31fdae71f97be,C
mmlu_pro:test:11352,engineering,10,116,11130,b189ec765aa7ed75c8acfea42df31fdae71f97be,H
mmlu_pro:test:11353,engineering,10,138,11131,b189ec765aa7ed75c8acfea42df31fdae71f97be,A
mmlu_pro:test:11354,engineering,10,124,11132,b189ec765aa7ed75c8acfea42df31fdae71f97be,A
mmlu_pro:test:11355,engineering,10,203,11133,b189ec765aa7ed75c8acfea42df31fdae71f97be,A
mmlu_pro:test:11356,engineering,8,145,11134,b189ec765aa7ed75c8acfea42df31fdae71f97be,G
mmlu_pro:test:11357,engineering,10,57,11135,b189ec765aa7ed75c8acfea42df31fdae71f97be,D
mmlu_pro:test:11358,engineering,10,62,11136,b189ec765aa7ed75c8acfea42df31fdae71f97be,H
mmlu_pro:test:11359,engineering,9,97,11137,b189ec765aa7ed75c8acfea42df31fdae71f97be,G
mmlu_pro:test:11360,engineering,10,97,11138,b189ec765aa7ed75c8acfea42df31fdae71f97be,G
mmlu_pro:test:11361,engineering,10,53,11139,b189ec765aa7ed75c8acfea42df31fdae71f97be,B
mmlu_pro:test:11362,engineering,10,241,11140,b189ec765aa7ed75c8acfea42df31fdae71f97be,D
mmlu_pro:test:11363,engineering,10,359,11141,b189ec765aa7ed75c8acfea42df31fdae71f97be,D
mmlu_pro:test:11364,engineering,10,291,11142,b189ec765aa7ed75c8acfea42df31fdae71f97be,G
mmlu_pro:test:11365,engineering,10,354,11143,b189ec765aa7ed75c8acfea42df31fdae71f97be,A
mmlu_pro:test:11366,engineering,10,222,11144,b189ec765aa7ed75c8acfea42df31fdae71f97be,B
mmlu_pro:test:11367,engineering,9,151,11145,b189ec765aa7ed75c8acfea42df31fdae71f97be,G
mmlu_pro:test:11368,engineering,6,211,11146,b189ec765aa7ed75c8acfea42df31fdae71f97be,B
mmlu_pro:test:11369,engineering,10,293,11147,b189ec765aa7ed75c8acfea42df31fdae71f97be,F
mmlu_pro:test:11370,engineering,10,231,11148,b189ec765aa7ed75c8acfea42df31fdae71f97be,I
mmlu_pro:test:11371,engineering,10,301,11149,b189ec765aa7ed75c8acfea42df31fdae71f97be,I
mmlu_pro:test:11372,engineering,10,1278,11150,b189ec765aa7ed75c8acfea42df31fdae71f97be,G
mmlu_pro:test:11373,engineering,10,501,11151,b189ec765aa7ed75c8acfea42df31fdae71f97be,E
mmlu_pro:test:11374,engineering,10,282,11152,b189ec765aa7ed75c8acfea42df31fdae71f97be,I
mmlu_pro:test:11375,engineering,9,137,11153,b189ec765aa7ed75c8acfea42df31fdae71f97be,C
mmlu_pro:test:11376,engineering,10,126,11154,b189ec765aa7ed75c8acfea42df31fdae71f97be,E
mmlu_pro:test:11377,engineering,10,112,11155,b189ec765aa7ed75c8acfea42df31fdae71f97be,A
mmlu_pro:test:11378,engineering,10,134,11156,b189ec765aa7ed75c8acfea42df31fdae71f97be,C
mmlu_pro:test:11379,engineering,10,291,11157,b189ec765aa7ed75c8acfea42df31fdae71f97be,D
mmlu_pro:test:11380,engineering,10,106,11158,b189ec765aa7ed75c8acfea42df31fdae71f97be,A
mmlu_pro:test:11381,engineering,10,395,11159,b189ec765aa7ed75c8acfea42df31fdae71f97be,I
mmlu_pro:test:11382,engineering,10,313,11160,b189ec765aa7ed75c8acfea42df31fdae71f97be,A
mmlu_pro:test:11383,engineering,10,145,11161,b189ec765aa7ed75c8acfea42df31fdae71f97be,F
mmlu_pro:test:11384,engineering,10,204,11162,b189ec765aa7ed75c8acfea42df31fdae71f97be,D
mmlu_pro:test:11385,engineering,10,354,11163,b189ec765aa7ed75c8acfea42df31fdae71f97be,F
mmlu_pro:test:11386,engineering,10,427,11164,b189ec765aa7ed75c8acfea42df31fdae71f97be,C
mmlu_pro:test:11388,engineering,10,343,11165,b189ec765aa7ed75c8acfea42df31fdae71f97be,A
mmlu_pro:test:11389,engineering,10,637,11166,b189ec765aa7ed75c8acfea42df31fdae71f97be,J
mmlu_pro:test:11390,engineering,10,162,11167,b189ec765aa7ed75c8acfea42df31fdae71f97be,F
mmlu_pro:test:11391,engineering,10,689,11168,b189ec765aa7ed75c8acfea42df31fdae71f97be,A
mmlu_pro:test:11392,engineering,10,250,11169,b189ec765aa7ed75c8acfea42df31fdae71f97be,J
mmlu_pro:test:11393,engineering,10,238,11170,b189ec765aa7ed75c8acfea42df31fdae71f97be,E
mmlu_pro:test:11394,engineering,10,195,11171,b189ec765aa7ed75c8acfea42df31fdae71f97be,D
mmlu_pro:test:11395,engineering,4,209,11172,b189ec765aa7ed75c8acfea42df31fdae71f97be,B
mmlu_pro:test:11396,engineering,10,214,11173,b189ec765aa7ed75c8acfea42df31fdae71f97be,D
mmlu_pro:test:11397,engineering,10,83,11174,b189ec765aa7ed75c8acfea42df31fdae71f97be,G
mmlu_pro:test:11398,engineering,10,269,11175,b189ec765aa7ed75c8acfea42df31fdae71f97be,H
mmlu_pro:test:11399,engineering,10,82,11176,b189ec765aa7ed75c8acfea42df31fdae71f97be,J
mmlu_pro:test:11400,engineering,10,268,11177,b189ec765aa7ed75c8acfea42df31fdae71f97be,B
mmlu_pro:test:11401,engineering,10,232,11178,b189ec765aa7ed75c8acfea42df31fdae71f97be,H
mmlu_pro:test:11402,engineering,4,347,11179,b189ec765aa7ed75c8acfea42df31fdae71f97be,C
mmlu_pro:test:11403,engineering,10,536,11180,b189ec765aa7ed75c8acfea42df31fdae71f97be,C
mmlu_pro:test:11404,engineering,10,333,11181,b189ec765aa7ed75c8acfea42df31fdae71f97be,H
mmlu_pro:test:11405,engineering,10,311,11182,b189ec765aa7ed75c8acfea42df31fdae71f97be,E
mmlu_pro:test:11406,engineering,10,150,11183,b189ec765aa7ed75c8acfea42df31fdae71f97be,J
mmlu_pro:test:11407,engineering,10,345,11184,b189ec765aa7ed75c8acfea42df31fdae71f97be,E
mmlu_pro:test:11408,engineering,10,88,11185,b189ec765aa7ed75c8acfea42df31fdae71f97be,D
mmlu_pro:test:11409,engineering,10,296,11186,b189ec765aa7ed75c8acfea42df31fdae71f97be,H
mmlu_pro:test:11410,engineering,4,337,11187,b189ec765aa7ed75c8acfea42df31fdae71f97be,D
mmlu_pro:test:11411,engineering,10,240,11188,b189ec765aa7ed75c8acfea42df31fdae71f97be,I
mmlu_pro:test:11412,engineering,10,321,11189,b189ec765aa7ed75c8acfea42df31fdae71f97be,J
mmlu_pro:test:11414,engineering,10,177,11191,b189ec765aa7ed75c8acfea42df31fdae71f97be,F
mmlu_pro:test:11415,engineering,10,214,11192,b189ec765aa7ed75c8acfea42df31fdae71f97be,H
mmlu_pro:test:11416,engineering,10,110,11193,b189ec765aa7ed75c8acfea42df31fdae71f97be,G
mmlu_pro:test:11417,engineering,10,377,11194,b189ec765aa7ed75c8acfea42df31fdae71f97be,E
mmlu_pro:test:11418,engineering,10,216,11195,b189ec765aa7ed75c8acfea42df31fdae71f97be,D
mmlu_pro:test:11419,engineering,10,240,11196,b189ec765aa7ed75c8acfea42df31fdae71f97be,D
mmlu_pro:test:11420,engineering,10,204,11197,b189ec765aa7ed75c8acfea42df31fdae71f97be,D
mmlu_pro:test:11421,engineering,10,354,11198,b189ec765aa7ed75c8acfea42df31fdae71f97be,C
mmlu_pro:test:11422,engineering,10,241,11199,b189ec765aa7ed75c8acfea42df31fdae71f97be,F
mmlu_pro:test:11423,engineering,10,236,11200,b189ec765aa7ed75c8acfea42df31fdae71f97be,E
mmlu_pro:test:11424,engineering,10,265,11201,b189ec765aa7ed75c8acfea42df31fdae71f97be,I
mmlu_pro:test:11425,engineering,10,377,11202,b189ec765aa7ed75c8acfea42df31fdae71f97be,J
mmlu_pro:test:11426,engineering,10,594,11203,b189ec765aa7ed75c8acfea42df31fdae71f97be,I
mmlu_pro:test:11427,engineering,10,85,11204,b189ec765aa7ed75c8acfea42df31fdae71f97be,D
mmlu_pro:test:11428,engineering,10,141,11205,b189ec765aa7ed75c8acfea42df31fdae71f97be,I
mmlu_pro:test:11429,engineering,10,299,11206,b189ec765aa7ed75c8acfea42df31fdae71f97be,J
mmlu_pro:test:11430,engineering,10,96,11207,b189ec765aa7ed75c8acfea42df31fdae71f97be,C
mmlu_pro:test:11431,engineering,10,50,11208,b189ec765aa7ed75c8acfea42df31fdae71f97be,E
mmlu_pro:test:11432,engineering,10,400,11209,b189ec765aa7ed75c8acfea42df31fdae71f97be,G
mmlu_pro:test:11433,engineering,10,113,11210,b189ec765aa7ed75c8acfea42df31fdae71f97be,D
mmlu_pro:test:11434,engineering,10,51,11211,b189ec765aa7ed75c8acfea42df31fdae71f97be,F
mmlu_pro:test:11435,engineering,9,46,11212,b189ec765aa7ed75c8acfea42df31fdae71f97be,I
mmlu_pro:test:11436,engineering,10,292,11213,b189ec765aa7ed75c8acfea42df31fdae71f97be,G
mmlu_pro:test:11437,engineering,10,331,11214,b189ec765aa7ed75c8acfea42df31fdae71f97be,A
mmlu_pro:test:11438,engineering,10,210,11215,b189ec765aa7ed75c8acfea42df31fdae71f97be,C
mmlu_pro:test:11439,engineering,10,332,11216,b189ec765aa7ed75c8acfea42df31fdae71f97be,J
mmlu_pro:test:11440,engineering,10,369,11217,b189ec765aa7ed75c8acfea42df31fdae71f97be,I
mmlu_pro:test:11441,engineering,10,259,11218,b189ec765aa7ed75c8acfea42df31fdae71f97be,J
mmlu_pro:test:11442,engineering,10,302,11219,b189ec765aa7ed75c8acfea42df31fdae71f97be,A
mmlu_pro:test:11443,engineering,10,431,11220,b189ec765aa7ed75c8acfea42df31fdae71f97be,C
mmlu_pro:test:11445,engineering,10,351,11222,b189ec765aa7ed75c8acfea42df31fdae71f97be,A
mmlu_pro:test:11446,engineering,10,630,11223,b189ec765aa7ed75c8acfea42df31fdae71f97be,A
mmlu_pro:test:11447,engineering,10,253,11224,b189ec765aa7ed75c8acfea42df31fdae71f97be,F
mmlu_pro:test:11448,engineering,10,103,11225,b189ec765aa7ed75c8acfea42df31fdae71f97be,G
mmlu_pro:test:11449,engineering,10,410,11226,b189ec765aa7ed75c8acfea42df31fdae71f97be,E
mmlu_pro:test:11450,engineering,10,331,11227,b189ec765aa7ed75c8acfea42df31fdae71f97be,A
mmlu_pro:test:11451,engineering,10,158,11228,b189ec765aa7ed75c8acfea42df31fdae71f97be,F
mmlu_pro:test:11452,engineering,10,451,11229,b189ec765aa7ed75c8acfea42df31fdae71f97be,F
mmlu_pro:test:11453,engineering,10,104,11230,b189ec765aa7ed75c8acfea42df31fdae71f97be,J
mmlu_pro:test:11454,engineering,10,1320,11231,b189ec765aa7ed75c8acfea42df31fdae71f97be,A
mmlu_pro:test:11455,engineering,10,495,11232,b189ec765aa7ed75c8acfea42df31fdae71f97be,E
mmlu_pro:test:11456,engineering,10,239,11233,b189ec765aa7ed75c8acfea42df31fdae71f97be,D
mmlu_pro:test:11457,engineering,10,162,11234,b189ec765aa7ed75c8acfea42df31fdae71f97be,F
mmlu_pro:test:11458,engineering,10,375,11235,b189ec765aa7ed75c8acfea42df31fdae71f97be,H
mmlu_pro:test:11459,engineering,10,231,11236,b189ec765aa7ed75c8acfea42df31fdae71f97be,J
mmlu_pro:test:11460,engineering,10,413,11237,b189ec765aa7ed75c8acfea42df31fdae71f97be,F
mmlu_pro:test:11461,engineering,10,403,11238,b189ec765aa7ed75c8acfea42df31fdae71f97be,D
mmlu_pro:test:11462,engineering,10,109,11239,b189ec765aa7ed75c8acfea42df31fdae71f97be,H
mmlu_pro:test:11463,engineering,10,248,11240,b189ec765aa7ed75c8acfea42df31fdae71f97be,I
mmlu_pro:test:11464,engineering,4,303,11241,b189ec765aa7ed75c8acfea42df31fdae71f97be,C
mmlu_pro:test:11465,engineering,10,208,11242,b189ec765aa7ed75c8acfea42df31fdae71f97be,I
mmlu_pro:test:11466,engineering,10,271,11243,b189ec765aa7ed75c8acfea42df31fdae71f97be,B
mmlu_pro:test:11467,engineering,10,140,11244,b189ec765aa7ed75c8acfea42df31fdae71f97be,B
mmlu_pro:test:11468,engineering,10,74,11245,b189ec765aa7ed75c8acfea42df31fdae71f97be,A
mmlu_pro:test:11469,engineering,10,184,11246,b189ec765aa7ed75c8acfea42df31fdae71f97be,E
mmlu_pro:test:11471,engineering,4,331,11247,b189ec765aa7ed75c8acfea42df31fdae71f97be,A
mmlu_pro:test:11472,engineering,10,416,11248,b189ec765aa7ed75c8acfea42df31fdae71f97be,E
mmlu_pro:test:11473,engineering,10,357,11249,b189ec765aa7ed75c8acfea42df31fdae71f97be,F
mmlu_pro:test:11474,engineering,4,31,11250,b189ec765aa7ed75c8acfea42df31fdae71f97be,A
mmlu_pro:test:11475,engineering,10,174,11251,b189ec765aa7ed75c8acfea42df31fdae71f97be,C
mmlu_pro:test:11476,engineering,10,98,11252,b189ec765aa7ed75c8acfea42df31fdae71f97be,A
mmlu_pro:test:11477,engineering,10,350,11253,b189ec765aa7ed75c8acfea42df31fdae71f97be,A
mmlu_pro:test:11478,engineering,4,246,11254,b189ec765aa7ed75c8acfea42df31fdae71f97be,C
mmlu_pro:test:11479,engineering,10,83,11255,b189ec765aa7ed75c8acfea42df31fdae71f97be,F
mmlu_pro:test:11480,engineering,10,83,11256,b189ec765aa7ed75c8acfea42df31fdae71f97be,F
mmlu_pro:test:11481,engineering,10,532,11257,b189ec765aa7ed75c8acfea42df31fdae71f97be,B
mmlu_pro:test:11482,engineering,10,79,11258,b189ec765aa7ed75c8acfea42df31fdae71f97be,A
mmlu_pro:test:11483,engineering,10,298,11259,b189ec765aa7ed75c8acfea42df31fdae71f97be,B
mmlu_pro:test:11484,engineering,10,417,11260,b189ec765aa7ed75c8acfea42df31fdae71f97be,A
mmlu_pro:test:11485,engineering,10,342,11261,b189ec765aa7ed75c8acfea42df31fdae71f97be,B
mmlu_pro:test:11486,engineering,10,143,11262,b189ec765aa7ed75c8acfea42df31fdae71f97be,A
mmlu_pro:test:11487,engineering,10,387,11263,b189ec765aa7ed75c8acfea42df31fdae71f97be,G
mmlu_pro:test:11488,engineering,10,256,11264,b189ec765aa7ed75c8acfea42df31fdae71f97be,H
mmlu_pro:test:11489,engineering,10,158,11265,b189ec765aa7ed75c8acfea42df31fdae71f97be,D
mmlu_pro:test:11490,engineering,10,154,11266,b189ec765aa7ed75c8acfea42df31fdae71f97be,D
mmlu_pro:test:11492,engineering,10,429,11268,b189ec765aa7ed75c8acfea42df31fdae71f97be,H
mmlu_pro:test:11493,engineering,10,245,11269,b189ec765aa7ed75c8acfea42df31fdae71f97be,E
mmlu_pro:test:11494,engineering,10,443,11270,b189ec765aa7ed75c8acfea42df31fdae71f97be,J
mmlu_pro:test:11495,engineering,10,318,11271,b189ec765aa7ed75c8acfea42df31fdae71f97be,A
mmlu_pro:test:11496,engineering,10,523,11272,b189ec765aa7ed75c8acfea42df31fdae71f97be,E
mmlu_pro:test:11497,engineering,10,481,11273,b189ec765aa7ed75c8acfea42df31fdae71f97be,C
mmlu_pro:test:11498,engineering,10,224,11274,b189ec765aa7ed75c8acfea42df31fdae71f97be,A
mmlu_pro:test:11499,engineering,10,282,11275,b189ec765aa7ed75c8acfea42df31fdae71f97be,F
mmlu_pro:test:11500,engineering,10,387,11276,b189ec765aa7ed75c8acfea42df31fdae71f97be,A
mmlu_pro:test:11501,engineering,10,272,11277,b189ec765aa7ed75c8acfea42df31fdae71f97be,J
mmlu_pro:test:11502,engineering,10,136,11278,b189ec765aa7ed75c8acfea42df31fdae71f97be,C
mmlu_pro:test:11503,engineering,4,37,11279,b189ec765aa7ed75c8acfea42df31fdae71f97be,B
mmlu_pro:test:11504,engineering,4,107,11280,b189ec765aa7ed75c8acfea42df31fdae71f97be,C
mmlu_pro:test:11505,engineering,10,63,11281,b189ec765aa7ed75c8acfea42df31fdae71f97be,G
mmlu_pro:test:11506,engineering,10,272,11282,b189ec765aa7ed75c8acfea42df31fdae71f97be,J
mmlu_pro:test:11507,engineering,10,302,11283,b189ec765aa7ed75c8acfea42df31fdae71f97be,E
mmlu_pro:test:11508,engineering,10,252,11284,b189ec765aa7ed75c8acfea42df31fdae71f97be,A
mmlu_pro:test:11509,engineering,10,373,11285,b189ec765aa7ed75c8acfea42df31fdae71f97be,F
mmlu_pro:test:11510,engineering,10,113,11286,b189ec765aa7ed75c8acfea42df31fdae71f97be,H
mmlu_pro:test:11511,engineering,10,262,11287,b189ec765aa7ed75c8acfea42df31fdae71f97be,C
mmlu_pro:test:11512,engineering,10,297,11288,b189ec765aa7ed75c8acfea42df31fdae71f97be,A
mmlu_pro:test:11513,engineering,10,248,11289,b189ec765aa7ed75c8acfea42df31fdae71f97be,E
mmlu_pro:test:11514,engineering,10,263,11290,b189ec765aa7ed75c8acfea42df31fdae71f97be,E
mmlu_pro:test:11515,engineering,10,187,11291,b189ec765aa7ed75c8acfea42df31fdae71f97be,E
mmlu_pro:test:11516,engineering,4,337,11292,b189ec765aa7ed75c8acfea42df31fdae71f97be,C
mmlu_pro:test:11517,engineering,10,221,11293,b189ec765aa7ed75c8acfea42df31fdae71f97be,H
mmlu_pro:test:11518,engineering,10,391,11294,b189ec765aa7ed75c8acfea42df31fdae71f97be,D
mmlu_pro:test:11519,engineering,10,444,11295,b189ec765aa7ed75c8acfea42df31fdae71f97be,G
mmlu_pro:test:11520,engineering,10,242,11296,b189ec765aa7ed75c8acfea42df31fdae71f97be,A
mmlu_pro:test:11521,engineering,10,201,11297,b189ec765aa7ed75c8acfea42df31fdae71f97be,E
mmlu_pro:test:11522,engineering,10,200,11298,b189ec765aa7ed75c8acfea42df31fdae71f97be,F
mmlu_pro:test:11523,engineering,10,243,11299,b189ec765aa7ed75c8acfea42df31fdae71f97be,E
mmlu_pro:test:11524,engineering,10,212,11300,b189ec765aa7ed75c8acfea42df31fdae71f97be,B
mmlu_pro:test:11525,engineering,10,170,11301,b189ec765aa7ed75c8acfea42df31fdae71f97be,B
mmlu_pro:test:11526,engineering,10,115,11302,b189ec765aa7ed75c8acfea42df31fdae71f97be,J
mmlu_pro:test:11527,engineering,10,265,11303,b189ec765aa7ed75c8acfea42df31fdae71f97be,C
mmlu_pro:test:11528,engineering,10,210,11304,b189ec765aa7ed75c8acfea42df31fdae71f97be,A
mmlu_pro:test:11529,engineering,10,130,11305,b189ec765aa7ed75c8acfea42df31fdae71f97be,B
mmlu_pro:test:11530,engineering,10,106,11306,b189ec765aa7ed75c8acfea42df31fdae71f97be,B
mmlu_pro:test:11531,engineering,10,193,11307,b189ec765aa7ed75c8acfea42df31fdae71f97be,H
mmlu_pro:test:11532,engineering,10,107,11308,b189ec765aa7ed75c8acfea42df31fdae71f97be,C
mmlu_pro:test:11533,engineering,4,740,11309,b189ec765aa7ed75c8acfea42df31fdae71f97be,D
mmlu_pro:test:11534,engineering,10,705,11310,b189ec765aa7ed75c8acfea42df31fdae71f97be,H
mmlu_pro:test:11535,engineering,10,195,11311,b189ec765aa7ed75c8acfea42df31fdae71f97be,G
mmlu_pro:test:11536,engineering,10,173,11312,b189ec765aa7ed75c8acfea42df31fdae71f97be,F
mmlu_pro:test:11537,engineering,10,479,11313,b189ec765aa7ed75c8acfea42df31fdae71f97be,D
mmlu_pro:test:11538,engineering,4,476,11314,b189ec765aa7ed75c8acfea42df31fdae71f97be,A
mmlu_pro:test:11539,engineering,4,240,11315,b189ec765aa7ed75c8acfea42df31fdae71f97be,D
mmlu_pro:test:11540,engineering,4,310,11316,b189ec765aa7ed75c8acfea42df31fdae71f97be,B
mmlu_pro:test:11541,engineering,10,257,11317,b189ec765aa7ed75c8acfea42df31fdae71f97be,H
mmlu_pro:test:11543,engineering,4,192,11319,b189ec765aa7ed75c8acfea42df31fdae71f97be,B
mmlu_pro:test:11544,engineering,10,229,11320,b189ec765aa7ed75c8acfea42df31fdae71f97be,B
mmlu_pro:test:11545,engineering,10,314,11321,b189ec765aa7ed75c8acfea42df31fdae71f97be,H
mmlu_pro:test:11546,engineering,10,222,11322,b189ec765aa7ed75c8acfea42df31fdae71f97be,A
mmlu_pro:test:11547,engineering,10,200,11323,b189ec765aa7ed75c8acfea42df31fdae71f97be,D
mmlu_pro:test:11548,engineering,10,213,11324,b189ec765aa7ed75c8acfea42df31fdae71f97be,F
mmlu_pro:test:11549,engineering,10,126,11325,b189ec765aa7ed75c8acfea42df31fdae71f97be,E
mmlu_pro:test:11550,engineering,9,87,11326,b189ec765aa7ed75c8acfea42df31fdae71f97be,E
mmlu_pro:test:11551,engineering,10,72,11327,b189ec765aa7ed75c8acfea42df31fdae71f97be,B
mmlu_pro:test:11552,engineering,10,98,11328,b189ec765aa7ed75c8acfea42df31fdae71f97be,H
mmlu_pro:test:11553,engineering,10,445,11329,b189ec765aa7ed75c8acfea42df31fdae71f97be,C
mmlu_pro:test:11554,engineering,10,331,11330,b189ec765aa7ed75c8acfea42df31fdae71f97be,A
mmlu_pro:test:11555,engineering,10,390,11331,b189ec765aa7ed75c8acfea42df31fdae71f97be,F
mmlu_pro:test:11556,engineering,10,388,11332,b189ec765aa7ed75c8acfea42df31fdae71f97be,F
mmlu_pro:test:11557,engineering,10,266,11333,b189ec765aa7ed75c8acfea42df31fdae71f97be,C
mmlu_pro:test:11558,engineering,10,407,11334,b189ec765aa7ed75c8acfea42df31fdae71f97be,H
mmlu_pro:test:11559,engineering,10,203,11335,b189ec765aa7ed75c8acfea42df31fdae71f97be,I
mmlu_pro:test:11560,engineering,10,427,11336,b189ec765aa7ed75c8acfea42df31fdae71f97be,F
mmlu_pro:test:11561,engineering,10,288,11337,b189ec765aa7ed75c8acfea42df31fdae71f97be,E
mmlu_pro:test:11562,engineering,10,72,11338,b189ec765aa7ed75c8acfea42df31fdae71f97be,F
mmlu_pro:test:11563,engineering,10,402,11339,b189ec765aa7ed75c8acfea42df31fdae71f97be,C
mmlu_pro:test:11564,engineering,10,378,11340,b189ec765aa7ed75c8acfea42df31fdae71f97be,C
mmlu_pro:test:11565,engineering,10,271,11341,b189ec765aa7ed75c8acfea42df31fdae71f97be,F
mmlu_pro:test:11566,engineering,10,259,11342,b189ec765aa7ed75c8acfea42df31fdae71f97be,C
mmlu_pro:test:11567,engineering,10,393,11343,b189ec765aa7ed75c8acfea42df31fdae71f97be,E
mmlu_pro:test:11568,engineering,10,81,11344,b189ec765aa7ed75c8acfea42df31fdae71f97be,B
mmlu_pro:test:11569,engineering,10,403,11345,b189ec765aa7ed75c8acfea42df31fdae71f97be,I
mmlu_pro:test:11571,engineering,10,350,11347,b189ec765aa7ed75c8acfea42df31fdae71f97be,E
mmlu_pro:test:11572,engineering,10,221,11348,b189ec765aa7ed75c8acfea42df31fdae71f97be,D
mmlu_pro:test:11573,engineering,10,142,11349,b189ec765aa7ed75c8acfea42df31fdae71f97be,C
mmlu_pro:test:11574,engineering,10,72,11350,b189ec765aa7ed75c8acfea42df31fdae71f97be,H
mmlu_pro:test:11575,engineering,10,154,11351,b189ec765aa7ed75c8acfea42df31fdae71f97be,C
mmlu_pro:test:11576,engineering,10,74,11352,b189ec765aa7ed75c8acfea42df31fdae71f97be,H
mmlu_pro:test:11577,engineering,10,102,11353,b189ec765aa7ed75c8acfea42df31fdae71f97be,A
mmlu_pro:test:11578,engineering,10,86,11354,b189ec765aa7ed75c8acfea42df31fdae71f97be,I
mmlu_pro:test:11579,engineering,10,157,11355,b189ec765aa7ed75c8acfea42df31fdae71f97be,E
mmlu_pro:test:11580,engineering,10,80,11356,b189ec765aa7ed75c8acfea42df31fdae71f97be,B
mmlu_pro:test:11581,engineering,10,74,11357,b189ec765aa7ed75c8acfea42df31fdae71f97be,H
mmlu_pro:test:11582,engineering,10,274,11358,b189ec765aa7ed75c8acfea42df31fdae71f97be,A
mmlu_pro:test:11583,engineering,10,133,11359,b189ec765aa7ed75c8acfea42df31fdae71f97be,C
mmlu_pro:test:11585,engineering,10,282,11361,b189ec765aa7ed75c8acfea42df31fdae71f97be,G
mmlu_pro:test:11586,engineering,10,413,11362,b189ec765aa7ed75c8acfea42df31fdae71f97be,H
mmlu_pro:test:11587,engineering,10,226,11363,b189ec765aa7ed75c8acfea42df31fdae71f97be,D
mmlu_pro:test:11588,engineering,10,267,11364,b189ec765aa7ed75c8acfea42df31fdae71f97be,A
mmlu_pro:test:11589,engineering,10,572,11365,b189ec765aa7ed75c8acfea42df31fdae71f97be,J
mmlu_pro:test:11590,engineering,4,240,11366,b189ec765aa7ed75c8acfea42df31fdae71f97be,B
mmlu_pro:test:11591,engineering,10,505,11367,b189ec765aa7ed75c8acfea42df31fdae71f97be,J
mmlu_pro:test:11592,engineering,10,191,11368,b189ec765aa7ed75c8acfea42df31fdae71f97be,F
mmlu_pro:test:11593,engineering,10,489,11369,b189ec765aa7ed75c8acfea42df31fdae71f97be,C
mmlu_pro:test:11594,engineering,10,139,11370,b189ec765aa7ed75c8acfea42df31fdae71f97be,D
mmlu_pro:test:11595,engineering,10,167,11371,b189ec765aa7ed75c8acfea42df31fdae71f97be,A
mmlu_pro:test:11596,engineering,10,438,11372,b189ec765aa7ed75c8acfea42df31fdae71f97be,J
mmlu_pro:test:11597,engineering,10,199,11373,b189ec765aa7ed75c8acfea42df31fdae71f97be,J
mmlu_pro:test:11598,engineering,10,367,11374,b189ec765aa7ed75c8acfea42df31fdae71f97be,C
mmlu_pro:test:11599,engineering,10,601,11375,b189ec765aa7ed75c8acfea42df31fdae71f97be,E
mmlu_pro:test:11600,engineering,10,168,11376,b189ec765aa7ed75c8acfea42df31fdae71f97be,F
mmlu_pro:test:11601,engineering,10,627,11377,b189ec765aa7ed75c8acfea42df31fdae71f97be,D
mmlu_pro:test:11602,engineering,10,665,11378,b189ec765aa7ed75c8acfea42df31fdae71f97be,J
mmlu_pro:test:11604,engineering,10,398,11380,b189ec765aa7ed75c8acfea42df31fdae71f97be,G
mmlu_pro:test:11605,engineering,10,187,11381,b189ec765aa7ed75c8acfea42df31fdae71f97be,E
mmlu_pro:test:11606,engineering,10,415,11382,b189ec765aa7ed75c8acfea42df31fdae71f97be,C
mmlu_pro:test:11607,engineering,10,627,11383,b189ec765aa7ed75c8acfea42df31fdae71f97be,C
mmlu_pro:test:11608,engineering,10,91,11384,b189ec765aa7ed75c8acfea42df31fdae71f97be,H
mmlu_pro:test:11609,engineering,10,128,11385,b189ec765aa7ed75c8acfea42df31fdae71f97be,F
mmlu_pro:test:11610,engineering,10,122,11386,b189ec765aa7ed75c8acfea42df31fdae71f97be,G
mmlu_pro:test:11611,engineering,10,151,11387,b189ec765aa7ed75c8acfea42df31fdae71f97be,E
mmlu_pro:test:11612,engineering,4,193,11388,b189ec765aa7ed75c8acfea42df31fdae71f97be,C
mmlu_pro:test:11613,engineering,10,1003,11389,b189ec765aa7ed75c8acfea42df31fdae71f97be,H
mmlu_pro:test:11614,engineering,4,316,11390,b189ec765aa7ed75c8acfea42df31fdae71f97be,A
mmlu_pro:test:11615,engineering,10,181,11391,b189ec765aa7ed75c8acfea42df31fdae71f97be,C
mmlu_pro:test:11616,engineering,4,264,11392,b189ec765aa7ed75c8acfea42df31fdae71f97be,C
mmlu_pro:test:11617,engineering,4,70,11393,b189ec765aa7ed75c8acfea42df31fdae71f97be,B
mmlu_pro:test:11618,engineering,10,604,11394,b189ec765aa7ed75c8acfea42df31fdae71f97be,I
mmlu_pro:test:11619,engineering,10,79,11395,b189ec765aa7ed75c8acfea42df31fdae71f97be,D
mmlu_pro:test:11620,engineering,10,359,11396,b189ec765aa7ed75c8acfea42df31fdae71f97be,B
mmlu_pro:test:11621,engineering,4,580,11397,b189ec765aa7ed75c8acfea42df31fdae71f97be,B
mmlu_pro:test:11622,engineering,4,128,11398,b189ec765aa7ed75c8acfea42df31fdae71f97be,B
mmlu_pro:test:11624,engineering,4,256,11400,b189ec765aa7ed75c8acfea42df31fdae71f97be,B
mmlu_pro:test:11625,engineering,10,352,11401,b189ec765aa7ed75c8acfea42df31fdae71f97be,D
mmlu_pro:test:11626,engineering,10,296,11402,b189ec765aa7ed75c8acfea42df31fdae71f97be,C
mmlu_pro:test:11627,engineering,9,62,11403,b189ec765aa7ed75c8acfea42df31fdae71f97be,C
mmlu_pro:test:11628,engineering,9,129,11404,b189ec765aa7ed75c8acfea42df31fdae71f97be,E
mmlu_pro:test:11629,engineering,10,266,11405,b189ec765aa7ed75c8acfea42df31fdae71f97be,F
mmlu_pro:test:11630,engineering,10,409,11406,b189ec765aa7ed75c8acfea42df31fdae71f97be,E
mmlu_pro:test:11631,engineering,10,470,11407,b189ec765aa7ed75c8acfea42df31fdae71f97be,I
mmlu_pro:test:11632,engineering,10,439,11408,b189ec765aa7ed75c8acfea42df31fdae71f97be,G
mmlu_pro:test:11633,engineering,10,217,11409,b189ec765aa7ed75c8acfea42df31fdae71f97be,C
mmlu_pro:test:11634,engineering,10,360,11410,b189ec765aa7ed75c8acfea42df31fdae71f97be,D
mmlu_pro:test:11635,engineering,10,765,11411,b189ec765aa7ed75c8acfea42df31fdae71f97be,D
mmlu_pro:test:11636,engineering,10,207,11412,b189ec765aa7ed75c8acfea42df31fdae71f97be,E
mmlu_pro:test:11637,engineering,10,446,11413,b189ec765aa7ed75c8acfea42df31fdae71f97be,B
mmlu_pro:test:11638,engineering,10,309,11414,b189ec765aa7ed75c8acfea42df31fdae71f97be,A
mmlu_pro:test:11639,engineering,10,281,11415,b189ec765aa7ed75c8acfea42df31fdae71f97be,H
mmlu_pro:test:11640,engineering,10,286,11416,b189ec765aa7ed75c8acfea42df31fdae71f97be,F
mmlu_pro:test:11641,engineering,10,150,11417,b189ec765aa7ed75c8acfea42df31fdae71f97be,H
mmlu_pro:test:11642,engineering,10,403,11418,b189ec765aa7ed75c8acfea42df31fdae71f97be,E
mmlu_pro:test:11643,engineering,10,246,11419,b189ec765aa7ed75c8acfea42df31fdae71f97be,G
mmlu_pro:test:11644,engineering,10,165,11420,b189ec765aa7ed75c8acfea42df31fdae71f97be,C
mmlu_pro:test:11645,engineering,10,279,11421,b189ec765aa7ed75c8acfea42df31fdae71f97be,F
mmlu_pro:test:11646,engineering,10,437,11422,b189ec765aa7ed75c8acfea42df31fdae71f97be,F
mmlu_pro:test:11648,engineering,10,183,11424,b189ec765aa7ed75c8acfea42df31fdae71f97be,H
mmlu_pro:test:11649,engineering,10,392,11425,b189ec765aa7ed75c8acfea42df31fdae71f97be,D
mmlu_pro:test:11650,engineering,10,71,11426,b189ec765aa7ed75c8acfea42df31fdae71f97be,I
mmlu_pro:test:11651,engineering,10,273,11427,b189ec765aa7ed75c8acfea42df31fdae71f97be,I
mmlu_pro:test:11652,engineering,9,210,11428,b189ec765aa7ed75c8acfea42df31fdae71f97be,F
mmlu_pro:test:11653,engineering,10,80,11429,b189ec765aa7ed75c8acfea42df31fdae71f97be,D
mmlu_pro:test:11654,engineering,10,242,11430,b189ec765aa7ed75c8acfea42df31fdae71f97be,F
mmlu_pro:test:11655,engineering,10,169,11431,b189ec765aa7ed75c8acfea42df31fdae71f97be,I
mmlu_pro:test:11656,engineering,10,193,11432,b189ec765aa7ed75c8acfea42df31fdae71f97be,F
mmlu_pro:test:11657,engineering,10,116,11433,b189ec765aa7ed75c8acfea42df31fdae71f97be,E
mmlu_pro:test:11658,engineering,10,76,11434,b189ec765aa7ed75c8acfea42df31fdae71f97be,C
mmlu_pro:test:11659,engineering,10,53,11435,b189ec765aa7ed75c8acfea42df31fdae71f97be,H
mmlu_pro:test:11660,engineering,10,32,11436,b189ec765aa7ed75c8acfea42df31fdae71f97be,J
mmlu_pro:test:11661,engineering,10,337,11437,b189ec765aa7ed75c8acfea42df31fdae71f97be,E
mmlu_pro:test:11663,engineering,10,85,11439,b189ec765aa7ed75c8acfea42df31fdae71f97be,D
mmlu_pro:test:11664,engineering,10,423,11440,b189ec765aa7ed75c8acfea42df31fdae71f97be,F
mmlu_pro:test:11665,engineering,4,163,11441,b189ec765aa7ed75c8acfea42df31fdae71f97be,A
mmlu_pro:test:11666,engineering,10,273,11442,b189ec765aa7ed75c8acfea42df31fdae71f97be,B
mmlu_pro:test:11667,engineering,10,302,11443,b189ec765aa7ed75c8acfea42df31fdae71f97be,J
mmlu_pro:test:11668,engineering,4,353,11444,b189ec765aa7ed75c8acfea42df31fdae71f97be,A
mmlu_pro:test:11669,engineering,10,141,11445,b189ec765aa7ed75c8acfea42df31fdae71f97be,I
mmlu_pro:test:11670,engineering,10,98,11446,b189ec765aa7ed75c8acfea42df31fdae71f97be,J
mmlu_pro:test:11671,engineering,10,165,11447,b189ec765aa7ed75c8acfea42df31fdae71f97be,E
mmlu_pro:test:11672,engineering,10,246,11448,b189ec765aa7ed75c8acfea42df31fdae71f97be,C
mmlu_pro:test:11674,engineering,10,409,11450,b189ec765aa7ed75c8acfea42df31fdae71f97be,J
mmlu_pro:test:11675,engineering,10,282,11451,b189ec765aa7ed75c8acfea42df31fdae71f97be,B
mmlu_pro:test:11676,engineering,10,208,11452,b189ec765aa7ed75c8acfea42df31fdae71f97be,J
mmlu_pro:test:11677,engineering,10,309,11453,b189ec765aa7ed75c8acfea42df31fdae71f97be,G
mmlu_pro:test:11678,engineering,10,297,11454,b189ec765aa7ed75c8acfea42df31fdae71f97be,C
mmlu_pro:test:11679,engineering,10,443,11455,b189ec765aa7ed75c8acfea42df31fdae71f97be,D
mmlu_pro:test:11680,engineering,10,653,11456,b189ec765aa7ed75c8acfea42df31fdae71f97be,G
mmlu_pro:test:11681,engineering,10,308,11457,b189ec765aa7ed75c8acfea42df31fdae71f97be,F
mmlu_pro:test:11682,engineering,10,350,11458,b189ec765aa7ed75c8acfea42df31fdae71f97be,I
mmlu_pro:test:11683,engineering,10,93,11459,b189ec765aa7ed75c8acfea42df31fdae71f97be,G
mmlu_pro:test:11684,engineering,10,376,11460,b189ec765aa7ed75c8acfea42df31fdae71f97be,C
mmlu_pro:test:11685,engineering,10,267,11461,b189ec765aa7ed75c8acfea42df31fdae71f97be,A
mmlu_pro:test:11686,engineering,10,456,11462,b189ec765aa7ed75c8acfea42df31fdae71f97be,J
mmlu_pro:test:11687,engineering,10,228,11463,b189ec765aa7ed75c8acfea42df31fdae71f97be,E
mmlu_pro:test:11688,engineering,10,283,11464,b189ec765aa7ed75c8acfea42df31fdae71f97be,C
mmlu_pro:test:11689,engineering,4,176,11465,b189ec765aa7ed75c8acfea42df31fdae71f97be,B
mmlu_pro:test:11690,engineering,10,374,11466,b189ec765aa7ed75c8acfea42df31fdae71f97be,H
mmlu_pro:test:11691,engineering,10,470,11467,b189ec765aa7ed75c8acfea42df31fdae71f97be,G
mmlu_pro:test:11693,engineering,10,197,11469,b189ec765aa7ed75c8acfea42df31fdae71f97be,C
mmlu_pro:test:11694,engineering,10,288,11470,b189ec765aa7ed75c8acfea42df31fdae71f97be,E
mmlu_pro:test:11695,engineering,4,283,11471,b189ec765aa7ed75c8acfea42df31fdae71f97be,C
mmlu_pro:test:11696,engineering,10,263,11472,b189ec765aa7ed75c8acfea42df31fdae71f97be,H
mmlu_pro:test:11697,engineering,4,247,11473,b189ec765aa7ed75c8acfea42df31fdae71f97be,C
mmlu_pro:test:11698,engineering,10,239,11474,b189ec765aa7ed75c8acfea42df31fdae71f97be,I
mmlu_pro:test:11699,engineering,10,256,11475,b189ec765aa7ed75c8acfea42df31fdae71f97be,F
mmlu_pro:test:11700,engineering,10,136,11476,b189ec765aa7ed75c8acfea42df31fdae71f97be,B
mmlu_pro:test:11702,engineering,10,113,11478,b189ec765aa7ed75c8acfea42df31fdae71f97be,I
mmlu_pro:test:11703,engineering,10,301,11479,b189ec765aa7ed75c8acfea42df31fdae71f97be,D
mmlu_pro:test:11704,engineering,10,254,11480,b189ec765aa7ed75c8acfea42df31fdae71f97be,G
mmlu_pro:test:11705,engineering,10,411,11481,b189ec765aa7ed75c8acfea42df31fdae71f97be,F
mmlu_pro:test:11706,engineering,10,35,11482,b189ec765aa7ed75c8acfea42df31fdae71f97be,A
mmlu_pro:test:11707,engineering,10,1787,11483,b189ec765aa7ed75c8acfea42df31fdae71f97be,J
mmlu_pro:test:11708,engineering,4,330,11484,b189ec765aa7ed75c8acfea42df31fdae71f97be,A
mmlu_pro:test:11710,engineering,10,323,11486,b189ec765aa7ed75c8acfea42df31fdae71f97be,H
mmlu_pro:test:11711,engineering,10,317,11487,b189ec765aa7ed75c8acfea42df31fdae71f97be,C
mmlu_pro:test:11712,engineering,10,268,11488,b189ec765aa7ed75c8acfea42df31fdae71f97be,E
mmlu_pro:test:11713,engineering,10,270,11489,b189ec765aa7ed75c8acfea42df31fdae71f97be,H
mmlu_pro:test:11714,engineering,10,407,11490,b189ec765aa7ed75c8acfea42df31fdae71f97be,J
mmlu_pro:test:11715,engineering,10,293,11491,b189ec765aa7ed75c8acfea42df31fdae71f97be,G
mmlu_pro:test:11716,engineering,10,369,11492,b189ec765aa7ed75c8acfea42df31fdae71f97be,D
mmlu_pro:test:11717,engineering,10,107,11493,b189ec765aa7ed75c8acfea42df31fdae71f97be,F
mmlu_pro:test:11718,engineering,10,78,11494,b189ec765aa7ed75c8acfea42df31fdae71f97be,I
mmlu_pro:test:11719,engineering,10,204,11495,b189ec765aa7ed75c8acfea42df31fdae71f97be,G
mmlu_pro:test:11720,engineering,10,246,11496,b189ec765aa7ed75c8acfea42df31fdae71f97be,E
mmlu_pro:test:11721,engineering,10,197,11497,b189ec765aa7ed75c8acfea42df31fdae71f97be,F
mmlu_pro:test:11722,engineering,10,233,11498,b189ec765aa7ed75c8acfea42df31fdae71f97be,F
mmlu_pro:test:11723,engineering,10,431,11499,b189ec765aa7ed75c8acfea42df31fdae71f97be,J
mmlu_pro:test:11724,engineering,10,562,11500,b189ec765aa7ed75c8acfea42df31fdae71f97be,B
mmlu_pro:test:11725,engineering,10,350,11501,b189ec765aa7ed75c8acfea42df31fdae71f97be,H
mmlu_pro:test:11726,engineering,10,164,11502,b189ec765aa7ed75c8acfea42df31fdae71f97be,F
mmlu_pro:test:11727,engineering,10,94,11503,b189ec765aa7ed75c8acfea42df31fdae71f97be,B
mmlu_pro:test:11728,engineering,10,258,11504,b189ec765aa7ed75c8acfea42df31fdae71f97be,G
mmlu_pro:test:11729,engineering,10,83,11505,b189ec765aa7ed75c8acfea42df31fdae71f97be,H
mmlu_pro:test:11730,engineering,10,216,11506,b189ec765aa7ed75c8acfea42df31fdae71f97be,D
mmlu_pro:test:11731,engineering,10,158,11507,b189ec765aa7ed75c8acfea42df31fdae71f97be,E
mmlu_pro:test:11732,engineering,10,271,11508,b189ec765aa7ed75c8acfea42df31fdae71f97be,J
mmlu_pro:test:11734,engineering,10,256,11510,b189ec765aa7ed75c8acfea42df31fdae71f97be,A
mmlu_pro:test:11735,engineering,10,84,11511,b189ec765aa7ed75c8acfea42df31fdae71f97be,A
mmlu_pro:test:11736,engineering,10,113,11512,b189ec765aa7ed75c8acfea42df31fdae71f97be,A
mmlu_pro:test:11737,engineering,9,36,11513,b189ec765aa7ed75c8acfea42df31fdae71f97be,D
mmlu_pro:test:11738,engineering,10,98,11514,b189ec765aa7ed75c8acfea42df31fdae71f97be,H
mmlu_pro:test:11739,engineering,10,51,11515,b189ec765aa7ed75c8acfea42df31fdae71f97be,I
mmlu_pro:test:11740,engineering,10,164,11516,b189ec765aa7ed75c8acfea42df31fdae71f97be,D
mmlu_pro:test:11741,engineering,4,68,11517,b189ec765aa7ed75c8acfea42df31fdae71f97be,B
mmlu_pro:test:11742,engineering,9,77,11518,b189ec765aa7ed75c8acfea42df31fdae71f97be,C
mmlu_pro:test:11743,engineering,10,233,11519,b189ec765aa7ed75c8acfea42df31fdae71f97be,C
mmlu_pro:test:11744,engineering,10,265,11520,b189ec765aa7ed75c8acfea42df31fdae71f97be,I
mmlu_pro:test:11745,engineering,10,273,11521,b189ec765aa7ed75c8acfea42df31fdae71f97be,E
mmlu_pro:test:11746,engineering,10,574,11522,b189ec765aa7ed75c8acfea42df31fdae71f97be,J
mmlu_pro:test:11747,engineering,10,527,11523,b189ec765aa7ed75c8acfea42df31fdae71f97be,D
mmlu_pro:test:11748,engineering,4,309,11524,b189ec765aa7ed75c8acfea42df31fdae71f97be,A
mmlu_pro:test:11749,engineering,10,327,11525,b189ec765aa7ed75c8acfea42df31fdae71f97be,H
mmlu_pro:test:11750,engineering,10,492,11526,b189ec765aa7ed75c8acfea42df31fdae71f97be,H
mmlu_pro:test:11751,engineering,10,231,11527,b189ec765aa7ed75c8acfea42df31fdae71f97be,D
mmlu_pro:test:11752,engineering,10,130,11528,b189ec765aa7ed75c8acfea42df31fdae71f97be,B
mmlu_pro:test:11753,engineering,10,78,11529,b189ec765aa7ed75c8acfea42df31fdae71f97be,B
mmlu_pro:test:11754,engineering,10,599,11530,b189ec765aa7ed75c8acfea42df31fdae71f97be,I
mmlu_pro:test:11755,engineering,10,204,11531,b189ec765aa7ed75c8acfea42df31fdae71f97be,H
mmlu_pro:test:11756,engineering,9,236,11532,b189ec765aa7ed75c8acfea42df31fdae71f97be,D
mmlu_pro:test:11757,engineering,10,358,11533,b189ec765aa7ed75c8acfea42df31fdae71f97be,I
mmlu_pro:test:11758,engineering,10,196,11534,b189ec765aa7ed75c8acfea42df31fdae71f97be,D
mmlu_pro:test:11759,engineering,10,270,11535,b189ec765aa7ed75c8acfea42df31fdae71f97be,D
mmlu_pro:test:11760,engineering,10,303,11536,b189ec765aa7ed75c8acfea42df31fdae71f97be,G
mmlu_pro:test:11761,engineering,10,348,11537,b189ec765aa7ed75c8acfea42df31fdae71f97be,I
mmlu_pro:test:11762,engineering,10,213,11538,b189ec765aa7ed75c8acfea42df31fdae71f97be,G
mmlu_pro:test:11763,engineering,10,478,11539,b189ec765aa7ed75c8acfea42df31fdae71f97be,H
mmlu_pro:test:11765,engineering,10,295,11541,b189ec765aa7ed75c8acfea42df31fdae71f97be,H
mmlu_pro:test:11766,engineering,10,423,11542,b189ec765aa7ed75c8acfea42df31fdae71f97be,D
mmlu_pro:test:11767,engineering,10,185,11543,b189ec765aa7ed75c8acfea42df31fdae71f97be,G
mmlu_pro:test:11768,engineering,10,281,11544,b189ec765aa7ed75c8acfea42df31fdae71f97be,H
mmlu_pro:test:11769,engineering,10,235,11545,b189ec765aa7ed75c8acfea42df31fdae71f97be,F
mmlu_pro:test:11770,engineering,10,309,11546,b189ec765aa7ed75c8acfea42df31fdae71f97be,D
mmlu_pro:test:11771,engineering,10,71,11547,b189ec765aa7ed75c8acfea42df31fdae71f97be,F
mmlu_pro:test:11772,engineering,10,748,11548,b189ec765aa7ed75c8acfea42df31fdae71f97be,H
mmlu_pro:test:11775,engineering,4,167,11551,b189ec765aa7ed75c8acfea42df31fdae71f97be,B
mmlu_pro:test:11776,engineering,10,363,11552,b189ec765aa7ed75c8acfea42df31fdae71f97be,G
mmlu_pro:test:11777,engineering,10,419,11553,b189ec765aa7ed75c8acfea42df31fdae71f97be,H
mmlu_pro:test:11778,engineering,10,139,11554,b189ec765aa7ed75c8acfea42df31fdae71f97be,A
mmlu_pro:test:11779,engineering,10,151,11555,b189ec765aa7ed75c8acfea42df31fdae71f97be,F
mmlu_pro:test:11780,engineering,10,44,11556,b189ec765aa7ed75c8acfea42df31fdae71f97be,G
mmlu_pro:test:11781,engineering,10,349,11557,b189ec765aa7ed75c8acfea42df31fdae71f97be,C
mmlu_pro:test:11783,engineering,4,122,11559,b189ec765aa7ed75c8acfea42df31fdae71f97be,A
mmlu_pro:test:11784,engineering,10,155,11560,b189ec765aa7ed75c8acfea42df31fdae71f97be,I
mmlu_pro:test:11785,engineering,4,222,11561,b189ec765aa7ed75c8acfea42df31fdae71f97be,D
mmlu_pro:test:11786,engineering,4,266,11562,b189ec765aa7ed75c8acfea42df31fdae71f97be,C
mmlu_pro:test:11787,engineering,10,499,11563,b189ec765aa7ed75c8acfea42df31fdae71f97be,C
mmlu_pro:test:11788,engineering,10,362,11564,b189ec765aa7ed75c8acfea42df31fdae71f97be,C
mmlu_pro:test:11789,engineering,10,469,11565,b189ec765aa7ed75c8acfea42df31fdae71f97be,C
mmlu_pro:test:11790,engineering,10,192,11566,b189ec765aa7ed75c8acfea42df31fdae71f97be,J
mmlu_pro:test:11791,engineering,10,166,11567,b189ec765aa7ed75c8acfea42df31fdae71f97be,E
mmlu_pro:test:11792,engineering,10,213,11568,b189ec765aa7ed75c8acfea42df31fdae71f97be,C
mmlu_pro:test:11793,engineering,10,339,11569,b189ec765aa7ed75c8acfea42df31fdae71f97be,H
mmlu_pro:test:11794,engineering,10,560,11570,b189ec765aa7ed75c8acfea42df31fdae71f97be,F
mmlu_pro:test:11795,engineering,8,227,11571,b189ec765aa7ed75c8acfea42df31fdae71f97be,C
mmlu_pro:test:11796,engineering,10,603,11572,b189ec765aa7ed75c8acfea42df31fdae71f97be,G
mmlu_pro:test:11797,engineering,10,211,11573,b189ec765aa7ed75c8acfea42df31fdae71f97be,G
mmlu_pro:test:11798,engineering,10,241,11574,b189ec765aa7ed75c8acfea42df31fdae71f97be,D
mmlu_pro:test:11799,engineering,10,516,11575,b189ec765aa7ed75c8acfea42df31fdae71f97be,J
mmlu_pro:test:11800,engineering,10,428,11576,b189ec765aa7ed75c8acfea42df31fdae71f97be,I
mmlu_pro:test:11804,engineering,10,127,11580,b189ec765aa7ed75c8acfea42df31fdae71f97be,H
mmlu_pro:test:11805,engineering,10,619,11581,b189ec765aa7ed75c8acfea42df31fdae71f97be,J
mmlu_pro:test:11806,engineering,10,381,11582,b189ec765aa7ed75c8acfea42df31fdae71f97be,F
mmlu_pro:test:11807,engineering,10,338,11583,b189ec765aa7ed75c8acfea42df31fdae71f97be,C
mmlu_pro:test:11808,engineering,10,362,11584,b189ec765aa7ed75c8acfea42df31fdae71f97be,F
mmlu_pro:test:11809,engineering,10,278,11585,b189ec765aa7ed75c8acfea42df31fdae71f97be,E
mmlu_pro:test:11810,engineering,10,281,11586,b189ec765aa7ed75c8acfea42df31fdae71f97be,I
mmlu_pro:test:11811,engineering,10,102,11587,b189ec765aa7ed75c8acfea42df31fdae71f97be,I
mmlu_pro:test:11812,engineering,10,69,11588,b189ec765aa7ed75c8acfea42df31fdae71f97be,J
mmlu_pro:test:11813,engineering,10,29,11589,b189ec765aa7ed75c8acfea42df31fdae71f97be,B
mmlu_pro:test:11814,engineering,10,144,11590,b189ec765aa7ed75c8acfea42df31fdae71f97be,I
mmlu_pro:test:11815,engineering,10,93,11591,b189ec765aa7ed75c8acfea42df31fdae71f97be,I
mmlu_pro:test:11816,engineering,10,516,11592,b189ec765aa7ed75c8acfea42df31fdae71f97be,I
mmlu_pro:test:11817,engineering,10,247,11593,b189ec765aa7ed75c8acfea42df31fdae71f97be,H
mmlu_pro:test:11818,engineering,10,781,11594,b189ec765aa7ed75c8acfea42df31fdae71f97be,F
mmlu_pro:test:11819,engineering,10,252,11595,b189ec765aa7ed75c8acfea42df31fdae71f97be,A
mmlu_pro:test:11820,engineering,10,382,11596,b189ec765aa7ed75c8acfea42df31fdae71f97be,H
mmlu_pro:test:11821,engineering,10,359,11597,b189ec765aa7ed75c8acfea42df31fdae71f97be,B
mmlu_pro:test:11822,engineering,10,114,11598,b189ec765aa7ed75c8acfea42df31fdae71f97be,F
mmlu_pro:test:11823,engineering,10,268,11599,b189ec765aa7ed75c8acfea42df31fdae71f97be,D
mmlu_pro:test:11824,engineering,10,425,11600,b189ec765aa7ed75c8acfea42df31fdae71f97be,A
mmlu_pro:test:11825,engineering,10,331,11601,b189ec765aa7ed75c8acfea42df31fdae71f97be,B
mmlu_pro:test:11826,engineering,10,300,11602,b189ec765aa7ed75c8acfea42df31fdae71f97be,H
mmlu_pro:test:11827,engineering,10,1825,11603,b189ec765aa7ed75c8acfea42df31fdae71f97be,D
mmlu_pro:test:11828,engineering,10,383,11604,b189ec765aa7ed75c8acfea42df31fdae71f97be,J
mmlu_pro:test:11829,engineering,10,322,11605,b189ec765aa7ed75c8acfea42df31fdae71f97be,A
mmlu_pro:test:11830,engineering,10,368,11606,b189ec765aa7ed75c8acfea42df31fdae71f97be,H
mmlu_pro:test:11831,engineering,10,597,11607,b189ec765aa7ed75c8acfea42df31fdae71f97be,J
mmlu_pro:test:11832,engineering,10,267,11608,b189ec765aa7ed75c8acfea42df31fdae71f97be,A
mmlu_pro:test:11833,engineering,10,504,11609,b189ec765aa7ed75c8acfea42df31fdae71f97be,J
mmlu_pro:test:11834,engineering,10,237,11610,b189ec765aa7ed75c8acfea42df31fdae71f97be,E
mmlu_pro:test:11835,engineering,10,209,11611,b189ec765aa7ed75c8acfea42df31fdae71f97be,I
mmlu_pro:test:11836,engineering,10,175,11612,b189ec765aa7ed75c8acfea42df31fdae71f97be,C
mmlu_pro:test:11837,engineering,10,753,11613,b189ec765aa7ed75c8acfea42df31fdae71f97be,B
mmlu_pro:test:11838,engineering,10,51,11614,b189ec765aa7ed75c8acfea42df31fdae71f97be,I
mmlu_pro:test:11839,engineering,10,168,11615,b189ec765aa7ed75c8acfea42df31fdae71f97be,B
mmlu_pro:test:11840,engineering,10,447,11616,b189ec765aa7ed75c8acfea42df31fdae71f97be,I
mmlu_pro:test:11841,engineering,10,112,11617,b189ec765aa7ed75c8acfea42df31fdae71f97be,E
mmlu_pro:test:11842,engineering,8,109,11618,b189ec765aa7ed75c8acfea42df31fdae71f97be,F
mmlu_pro:test:11843,engineering,10,183,11619,b189ec765aa7ed75c8acfea42df31fdae71f97be,I
mmlu_pro:test:11844,engineering,4,235,11620,b189ec765aa7ed75c8acfea42df31fdae71f97be,A
mmlu_pro:test:11845,engineering,10,73,11621,b189ec765aa7ed75c8acfea42df31fdae71f97be,I
mmlu_pro:test:11846,engineering,10,118,11622,b189ec765aa7ed75c8acfea42df31fdae71f97be,G
mmlu_pro:test:11847,engineering,10,218,11623,b189ec765aa7ed75c8acfea42df31fdae71f97be,J
mmlu_pro:test:11848,engineering,10,429,11624,b189ec765aa7ed75c8acfea42df31fdae71f97be,C
mmlu_pro:test:11849,engineering,10,184,11625,b189ec765aa7ed75c8acfea42df31fdae71f97be,B
mmlu_pro:test:11850,engineering,10,203,11626,b189ec765aa7ed75c8acfea42df31fdae71f97be,D
mmlu_pro:test:11851,engineering,10,248,11627,b189ec765aa7ed75c8acfea42df31fdae71f97be,G
mmlu_pro:test:11852,engineering,10,73,11628,b189ec765aa7ed75c8acfea42df31fdae71f97be,H
mmlu_pro:test:11853,engineering,10,215,11629,b189ec765aa7ed75c8acfea42df31fdae71f97be,F
mmlu_pro:test:11854,engineering,10,264,11630,b189ec765aa7ed75c8acfea42df31fdae71f97be,D
mmlu_pro:test:11855,engineering,10,42,11631,b189ec765aa7ed75c8acfea42df31fdae71f97be,E
mmlu_pro:test:11856,engineering,10,362,11632,b189ec765aa7ed75c8acfea42df31fdae71f97be,I
mmlu_pro:test:11857,engineering,10,274,11633,b189ec765aa7ed75c8acfea42df31fdae71f97be,B
mmlu_pro:test:11858,engineering,10,226,11634,b189ec765aa7ed75c8acfea42df31fdae71f97be,F
mmlu_pro:test:11859,engineering,10,186,11635,b189ec765aa7ed75c8acfea42df31fdae71f97be,C
mmlu_pro:test:11860,engineering,10,291,11636,b189ec765aa7ed75c8acfea42df31fdae71f97be,I
mmlu_pro:test:11861,engineering,10,239,11637,b189ec765aa7ed75c8acfea42df31fdae71f97be,H
mmlu_pro:test:11862,engineering,10,251,11638,b189ec765aa7ed75c8acfea42df31fdae71f97be,C
mmlu_pro:test:11863,engineering,10,90,11639,b189ec765aa7ed75c8acfea42df31fdae71f97be,H
mmlu_pro:test:11864,engineering,10,709,11640,b189ec765aa7ed75c8acfea42df31fdae71f97be,I
mmlu_pro:test:11865,engineering,10,222,11641,b189ec765aa7ed75c8acfea42df31fdae71f97be,E
mmlu_pro:test:11866,engineering,10,180,11642,b189ec765aa7ed75c8acfea42df31fdae71f97be,B
mmlu_pro:test:11867,engineering,10,193,11643,b189ec765aa7ed75c8acfea42df31fdae71f97be,G
mmlu_pro:test:11868,engineering,10,400,11644,b189ec765aa7ed75c8acfea42df31fdae71f97be,E
mmlu_pro:test:11869,engineering,10,373,11645,b189ec765aa7ed75c8acfea42df31fdae71f97be,C
mmlu_pro:test:11870,engineering,10,349,11646,b189ec765aa7ed75c8acfea42df31fdae71f97be,I
mmlu_pro:test:11871,engineering,10,201,11647,b189ec765aa7ed75c8acfea42df31fdae71f97be,H
mmlu_pro:test:11872,engineering,10,79,11648,b189ec765aa7ed75c8acfea42df31fdae71f97be,E
mmlu_pro:test:11873,engineering,10,156,11649,b189ec765aa7ed75c8acfea42df31fdae71f97be,D
mmlu_pro:test:11874,engineering,10,499,11650,b189ec765aa7ed75c8acfea42df31fdae71f97be,I
mmlu_pro:test:11875,engineering,10,393,11651,b189ec765aa7ed75c8acfea42df31fdae71f97be,I
mmlu_pro:test:11877,engineering,10,359,11652,b189ec765aa7ed75c8acfea42df31fdae71f97be,D
mmlu_pro:test:11878,engineering,10,358,11653,b189ec765aa7ed75c8acfea42df31fdae71f97be,E
mmlu_pro:test:11879,engineering,10,398,11654,b189ec765aa7ed75c8acfea42df31fdae71f97be,G
mmlu_pro:test:11880,engineering,10,215,11655,b189ec765aa7ed75c8acfea42df31fdae71f97be,J
mmlu_pro:test:11881,engineering,10,595,11656,b189ec765aa7ed75c8acfea42df31fdae71f97be,J
mmlu_pro:test:11882,engineering,10,393,11657,b189ec765aa7ed75c8acfea42df31fdae71f97be,A
mmlu_pro:test:11883,engineering,10,334,11658,b189ec765aa7ed75c8acfea42df31fdae71f97be,F
mmlu_pro:test:11884,engineering,10,267,11659,b189ec765aa7ed75c8acfea42df31fdae71f97be,G
mmlu_pro:test:11885,engineering,10,474,11660,b189ec765aa7ed75c8acfea42df31fdae71f97be,D
mmlu_pro:test:11886,engineering,10,146,11661,b189ec765aa7ed75c8acfea42df31fdae71f97be,E
mmlu_pro:test:11887,engineering,10,96,11662,b189ec765aa7ed75c8acfea42df31fdae71f97be,J
mmlu_pro:test:11888,engineering,10,73,11663,b189ec765aa7ed75c8acfea42df31fdae71f97be,C
mmlu_pro:test:11889,engineering,10,44,11664,b189ec765aa7ed75c8acfea42df31fdae71f97be,E
mmlu_pro:test:11890,engineering,10,105,11665,b189ec765aa7ed75c8acfea42df31fdae71f97be,F
mmlu_pro:test:11891,engineering,9,226,11666,b189ec765aa7ed75c8acfea42df31fdae71f97be,B
mmlu_pro:test:11892,engineering,10,129,11667,b189ec765aa7ed75c8acfea42df31fdae71f97be,A
mmlu_pro:test:11893,engineering,10,44,11668,b189ec765aa7ed75c8acfea42df31fdae71f97be,B
mmlu_pro:test:11894,engineering,10,251,11669,b189ec765aa7ed75c8acfea42df31fdae71f97be,D
mmlu_pro:test:11895,engineering,10,443,11670,b189ec765aa7ed75c8acfea42df31fdae71f97be,F
mmlu_pro:test:11896,engineering,10,244,11671,b189ec765aa7ed75c8acfea42df31fdae71f97be,E
mmlu_pro:test:11897,engineering,10,210,11672,b189ec765aa7ed75c8acfea42df31fdae71f97be,H
mmlu_pro:test:11898,engineering,10,205,11673,b189ec765aa7ed75c8acfea42df31fdae71f97be,B
mmlu_pro:test:11899,engineering,10,325,11674,b189ec765aa7ed75c8acfea42df31fdae71f97be,B
mmlu_pro:test:11900,engineering,10,228,11675,b189ec765aa7ed75c8acfea42df31fdae71f97be,F
mmlu_pro:test:11901,engineering,9,276,11676,b189ec765aa7ed75c8acfea42df31fdae71f97be,G
mmlu_pro:test:11902,engineering,10,274,11677,b189ec765aa7ed75c8acfea42df31fdae71f97be,F
mmlu_pro:test:11903,engineering,10,94,11678,b189ec765aa7ed75c8acfea42df31fdae71f97be,F
mmlu_pro:test:11904,engineering,10,268,11679,b189ec765aa7ed75c8acfea42df31fdae71f97be,E
mmlu_pro:test:11905,engineering,4,406,11680,b189ec765aa7ed75c8acfea42df31fdae71f97be,C
mmlu_pro:test:11907,engineering,10,246,11682,b189ec765aa7ed75c8acfea42df31fdae71f97be,I
mmlu_pro:test:11908,engineering,10,332,11683,b189ec765aa7ed75c8acfea42df31fdae71f97be,H
mmlu_pro:test:11909,engineering,10,318,11684,b189ec765aa7ed75c8acfea42df31fdae71f97be,A
mmlu_pro:test:11910,engineering,10,194,11685,b189ec765aa7ed75c8acfea42df31fdae71f97be,B
mmlu_pro:test:11911,engineering,10,205,11686,b189ec765aa7ed75c8acfea42df31fdae71f97be,G
mmlu_pro:test:11912,engineering,10,266,11687,b189ec765aa7ed75c8acfea42df31fdae71f97be,I
mmlu_pro:test:11913,engineering,10,1265,11688,b189ec765aa7ed75c8acfea42df31fdae71f97be,F
mmlu_pro:test:11915,engineering,10,176,11690,b189ec765aa7ed75c8acfea42df31fdae71f97be,E
mmlu_pro:test:11916,engineering,10,101,11691,b189ec765aa7ed75c8acfea42df31fdae71f97be,D
mmlu_pro:test:11917,engineering,10,269,11692,b189ec765aa7ed75c8acfea42df31fdae71f97be,I
mmlu_pro:test:11918,engineering,10,522,11693,b189ec765aa7ed75c8acfea42df31fdae71f97be,B
mmlu_pro:test:11919,engineering,10,215,11694,b189ec765aa7ed75c8acfea42df31fdae71f97be,C
mmlu_pro:test:11920,engineering,10,220,11695,b189ec765aa7ed75c8acfea42df31fdae71f97be,I
mmlu_pro:test:11921,engineering,10,713,11696,b189ec765aa7ed75c8acfea42df31fdae71f97be,I
mmlu_pro:test:11922,engineering,10,454,11697,b189ec765aa7ed75c8acfea42df31fdae71f97be,E
mmlu_pro:test:11923,engineering,4,280,11698,b189ec765aa7ed75c8acfea42df31fdae71f97be,A
mmlu_pro:test:11924,engineering,10,206,11699,b189ec765aa7ed75c8acfea42df31fdae71f97be,I
mmlu_pro:test:11925,engineering,10,171,11700,b189ec765aa7ed75c8acfea42df31fdae71f97be,H
mmlu_pro:test:11926,engineering,10,594,11701,b189ec765aa7ed75c8acfea42df31fdae71f97be,D
mmlu_pro:test:11927,engineering,10,140,11702,b189ec765aa7ed75c8acfea42df31fdae71f97be,A
mmlu_pro:test:11928,engineering,10,273,11703,b189ec765aa7ed75c8acfea42df31fdae71f97be,G
mmlu_pro:test:11929,engineering,10,62,11704,b189ec765aa7ed75c8acfea42df31fdae71f97be,D
mmlu_pro:test:11930,engineering,10,207,11705,b189ec765aa7ed75c8acfea42df31fdae71f97be,I
mmlu_pro:test:11931,engineering,10,349,11706,b189ec765aa7ed75c8acfea42df31fdae71f97be,I
mmlu_pro:test:11932,engineering,10,129,11707,b189ec765aa7ed75c8acfea42df31fdae71f97be,H
mmlu_pro:test:11933,engineering,10,275,11708,b189ec765aa7ed75c8acfea42df31fdae71f97be,I
mmlu_pro:test:11934,engineering,9,100,11709,b189ec765aa7ed75c8acfea42df31fdae71f97be,D
mmlu_pro:test:11935,engineering,10,252,11710,b189ec765aa7ed75c8acfea42df31fdae71f97be,G
mmlu_pro:test:11936,engineering,10,207,11711,b189ec765aa7ed75c8acfea42df31fdae71f97be,J
mmlu_pro:test:11937,engineering,10,144,11712,b189ec765aa7ed75c8acfea42df31fdae71f97be,I
mmlu_pro:test:11938,engineering,10,229,11713,b189ec765aa7ed75c8acfea42df31fdae71f97be,E
mmlu_pro:test:11939,engineering,8,94,11714,b189ec765aa7ed75c8acfea42df31fdae71f97be,H
mmlu_pro:test:11940,engineering,10,271,11715,b189ec765aa7ed75c8acfea42df31fdae71f97be,E
mmlu_pro:test:11941,engineering,10,76,11716,b189ec765aa7ed75c8acfea42df31fdae71f97be,E
mmlu_pro:test:11942,engineering,10,791,11717,b189ec765aa7ed75c8acfea42df31fdae71f97be,B
mmlu_pro:test:11943,engineering,10,279,11718,b189ec765aa7ed75c8acfea42df31fdae71f97be,I
mmlu_pro:test:11945,engineering,10,311,11720,b189ec765aa7ed75c8acfea42df31fdae71f97be,C
mmlu_pro:test:11946,engineering,10,415,11721,b189ec765aa7ed75c8acfea42df31fdae71f97be,F
mmlu_pro:test:11947,engineering,10,178,11722,b189ec765aa7ed75c8acfea42df31fdae71f97be,D
mmlu_pro:test:11948,engineering,10,243,11723,b189ec765aa7ed75c8acfea42df31fdae71f97be,J
mmlu_pro:test:11949,engineering,10,281,11724,b189ec765aa7ed75c8acfea42df31fdae71f97be,I
mmlu_pro:test:11950,engineering,10,267,11725,b189ec765aa7ed75c8acfea42df31fdae71f97be,D
mmlu_pro:test:11951,engineering,10,231,11726,b189ec765aa7ed75c8acfea42df31fdae71f97be,C
mmlu_pro:test:11952,engineering,10,305,11727,b189ec765aa7ed75c8acfea42df31fdae71f97be,D
mmlu_pro:test:11953,engineering,10,772,11728,b189ec765aa7ed75c8acfea42df31fdae71f97be,F
mmlu_pro:test:11954,engineering,10,248,11729,b189ec765aa7ed75c8acfea42df31fdae71f97be,J
mmlu_pro:test:11955,engineering,10,349,11730,b189ec765aa7ed75c8acfea42df31fdae71f97be,I
mmlu_pro:test:11956,engineering,10,385,11731,b189ec765aa7ed75c8acfea42df31fdae71f97be,D
mmlu_pro:test:11957,engineering,10,384,11732,b189ec765aa7ed75c8acfea42df31fdae71f97be,I
mmlu_pro:test:11958,engineering,10,150,11733,b189ec765aa7ed75c8acfea42df31fdae71f97be,B
mmlu_pro:test:11959,engineering,10,193,11734,b189ec765aa7ed75c8acfea42df31fdae71f97be,D
mmlu_pro:test:11960,engineering,10,335,11735,b189ec765aa7ed75c8acfea42df31fdae71f97be,I
mmlu_pro:test:11961,engineering,10,327,11736,b189ec765aa7ed75c8acfea42df31fdae71f97be,C
mmlu_pro:test:11962,engineering,10,318,11737,b189ec765aa7ed75c8acfea42df31fdae71f97be,C
mmlu_pro:test:11963,engineering,10,598,11738,b189ec765aa7ed75c8acfea42df31fdae71f97be,J
mmlu_pro:test:11964,engineering,10,187,11739,b189ec765aa7ed75c8acfea42df31fdae71f97be,H
mmlu_pro:test:11965,engineering,10,177,11740,b189ec765aa7ed75c8acfea42df31fdae71f97be,B
mmlu_pro:test:11966,engineering,10,82,11741,b189ec765aa7ed75c8acfea42df31fdae71f97be,H
mmlu_pro:test:11967,engineering,10,160,11742,b189ec765aa7ed75c8acfea42df31fdae71f97be,B
mmlu_pro:test:11968,engineering,10,64,11743,b189ec765aa7ed75c8acfea42df31fdae71f97be,B
mmlu_pro:test:11969,engineering,10,54,11744,b189ec765aa7ed75c8acfea42df31fdae71f97be,G
mmlu_pro:test:11970,engineering,10,292,11745,b189ec765aa7ed75c8acfea42df31fdae71f97be,I
mmlu_pro:test:11971,engineering,8,207,11746,b189ec765aa7ed75c8acfea42df31fdae71f97be,F
mmlu_pro:test:11972,engineering,4,141,11747,b189ec765aa7ed75c8acfea42df31fdae71f97be,A
mmlu_pro:test:11973,engineering,10,332,11748,b189ec765aa7ed75c8acfea42df31fdae71f97be,D
mmlu_pro:test:11974,engineering,10,644,11749,b189ec765aa7ed75c8acfea42df31fdae71f97be,E
mmlu_pro:test:11975,engineering,10,114,11750,b189ec765aa7ed75c8acfea42df31fdae71f97be,E
mmlu_pro:test:11976,engineering,10,746,11751,b189ec765aa7ed75c8acfea42df31fdae71f97be,B
mmlu_pro:test:11977,engineering,10,312,11752,b189ec765aa7ed75c8acfea42df31fdae71f97be,B
mmlu_pro:test:11978,engineering,10,284,11753,b189ec765aa7ed75c8acfea42df31fdae71f97be,C
mmlu_pro:test:11979,engineering,10,537,11754,b189ec765aa7ed75c8acfea42df31fdae71f97be,E
mmlu_pro:test:11980,engineering,10,259,11755,b189ec765aa7ed75c8acfea42df31fdae71f97be,H
mmlu_pro:test:11981,engineering,10,238,11756,b189ec765aa7ed75c8acfea42df31fdae71f97be,B
mmlu_pro:test:11982,engineering,10,112,11757,b189ec765aa7ed75c8acfea42df31fdae71f97be,G
mmlu_pro:test:11983,engineering,10,263,11758,b189ec765aa7ed75c8acfea42df31fdae71f97be,B
mmlu_pro:test:11984,engineering,10,165,11759,b189ec765aa7ed75c8acfea42df31fdae71f97be,C
mmlu_pro:test:11985,engineering,10,329,11760,b189ec765aa7ed75c8acfea42df31fdae71f97be,A
mmlu_pro:test:11986,engineering,10,306,11761,b189ec765aa7ed75c8acfea42df31fdae71f97be,A
mmlu_pro:test:11988,engineering,10,280,11763,b189ec765aa7ed75c8acfea42df31fdae71f97be,A
mmlu_pro:test:11989,engineering,10,183,11764,b189ec765aa7ed75c8acfea42df31fdae71f97be,B
mmlu_pro:test:11990,engineering,10,388,11765,b189ec765aa7ed75c8acfea42df31fdae71f97be,G
mmlu_pro:test:11991,engineering,10,108,11766,b189ec765aa7ed75c8acfea42df31fdae71f97be,C
mmlu_pro:test:11992,engineering,10,195,11767,b189ec765aa7ed75c8acfea42df31fdae71f97be,A
mmlu_pro:test:11993,engineering,10,1178,11768,b189ec765aa7ed75c8acfea42df31fdae71f97be,I
mmlu_pro:test:11994,engineering,4,253,11769,b189ec765aa7ed75c8acfea42df31fdae71f97be,A
mmlu_pro:test:11995,engineering,10,277,11770,b189ec765aa7ed75c8acfea42df31fdae71f97be,G
mmlu_pro:test:11996,engineering,10,283,11771,b189ec765aa7ed75c8acfea42df31fdae71f97be,A
mmlu_pro:test:11997,engineering,10,645,11772,b189ec765aa7ed75c8acfea42df31fdae71f97be,E
mmlu_pro:test:11998,engineering,10,143,11773,b189ec765aa7ed75c8acfea42df31fdae71f97be,B
mmlu_pro:test:11999,engineering,10,85,11774,b189ec765aa7ed75c8acfea42df31fdae71f97be,F
mmlu_pro:test:12000,engineering,10,254,11775,b189ec765aa7ed75c8acfea42df31fdae71f97be,G
mmlu_pro:test:12001,engineering,10,312,11776,b189ec765aa7ed75c8acfea42df31fdae71f97be,C
mmlu_pro:test:12002,engineering,10,205,11777,b189ec765aa7ed75c8acfea42df31fdae71f97be,D
mmlu_pro:test:12003,engineering,10,750,11778,b189ec765aa7ed75c8acfea42df31fdae71f97be,E
mmlu_pro:test:12004,engineering,10,275,11779,b189ec765aa7ed75c8acfea42df31fdae71f97be,I
mmlu_pro:test:12005,engineering,10,73,11780,b189ec765aa7ed75c8acfea42df31fdae71f97be,H
mmlu_pro:test:12006,engineering,10,241,11781,b189ec765aa7ed75c8acfea42df31fdae71f97be,B
mmlu_pro:test:12007,engineering,10,220,11782,b189ec765aa7ed75c8acfea42df31fdae71f97be,G
mmlu_pro:test:12008,engineering,4,119,11783,b189ec765aa7ed75c8acfea42df31fdae71f97be,B
mmlu_pro:test:12009,engineering,10,128,11784,b189ec765aa7ed75c8acfea42df31fdae71f97be,B
mmlu_pro:test:12010,engineering,10,83,11785,b189ec765aa7ed75c8acfea42df31fdae71f97be,C
mmlu_pro:test:12011,engineering,10,189,11786,b189ec765aa7ed75c8acfea42df31fdae71f97be,D
mmlu_pro:test:12012,engineering,10,74,11787,b189ec765aa7ed75c8acfea42df31fdae71f97be,F
mmlu_pro:test:12013,engineering,4,542,11788,b189ec765aa7ed75c8acfea42df31fdae71f97be,B
mmlu_pro:test:12014,engineering,10,198,11789,b189ec765aa7ed75c8acfea42df31fdae71f97be,G
mmlu_pro:test:12015,engineering,10,1992,11790,b189ec765aa7ed75c8acfea42df31fdae71f97be,F
mmlu_pro:test:12016,engineering,10,644,11791,b189ec765aa7ed75c8acfea42df31fdae71f97be,F
mmlu_pro:test:12017,engineering,9,122,11792,b189ec765aa7ed75c8acfea42df31fdae71f97be,A
mmlu_pro:test:12018,engineering,10,561,11793,b189ec765aa7ed75c8acfea42df31fdae71f97be,D
mmlu_pro:test:12019,engineering,10,89,11794,b189ec765aa7ed75c8acfea42df31fdae71f97be,D
mmlu_pro:test:12020,engineering,4,467,11795,b189ec765aa7ed75c8acfea42df31fdae71f97be,A
mmlu_pro:test:12021,engineering,10,213,11796,b189ec765aa7ed75c8acfea42df31fdae71f97be,J
mmlu_pro:test:12022,engineering,10,178,11797,b189ec765aa7ed75c8acfea42df31fdae71f97be,E
mmlu_pro:test:12023,engineering,10,507,11798,b189ec765aa7ed75c8acfea42df31fdae71f97be,D
mmlu_pro:test:12024,engineering,10,299,11799,b189ec765aa7ed75c8acfea42df31fdae71f97be,B
mmlu_pro:test:12025,engineering,10,356,11800,b189ec765aa7ed75c8acfea42df31fdae71f97be,F
mmlu_pro:test:12026,engineering,10,260,11801,b189ec765aa7ed75c8acfea42df31fdae71f97be,J
mmlu_pro:test:12027,engineering,10,41,11802,b189ec765aa7ed75c8acfea42df31fdae71f97be,E
mmlu_pro:test:12028,engineering,10,68,11803,b189ec765aa7ed75c8acfea42df31fdae71f97be,I
mmlu_pro:test:12029,engineering,10,460,11804,b189ec765aa7ed75c8acfea42df31fdae71f97be,B
mmlu_pro:test:12030,engineering,10,494,11805,b189ec765aa7ed75c8acfea42df31fdae71f97be,B
mmlu_pro:test:12031,engineering,10,367,11806,b189ec765aa7ed75c8acfea42df31fdae71f97be,C
mmlu_pro:test:12032,engineering,9,216,11807,b189ec765aa7ed75c8acfea42df31fdae71f97be,H
mmlu_pro:test:12033,engineering,10,480,11808,b189ec765aa7ed75c8acfea42df31fdae71f97be,H
mmlu_pro:test:12034,engineering,10,325,11809,b189ec765aa7ed75c8acfea42df31fdae71f97be,J
mmlu_pro:test:12035,engineering,10,256,11810,b189ec765aa7ed75c8acfea42df31fdae71f97be,D
mmlu_pro:test:12036,engineering,10,243,11811,b189ec765aa7ed75c8acfea42df31fdae71f97be,H
mmlu_pro:test:12037,engineering,10,226,11812,b189ec765aa7ed75c8acfea42df31fdae71f97be,D
mmlu_pro:test:12038,engineering,10,416,11813,b189ec765aa7ed75c8acfea42df31fdae71f97be,A
mmlu_pro:test:12039,engineering,10,283,11814,b189ec765aa7ed75c8acfea42df31fdae71f97be,G
mmlu_pro:test:12040,engineering,10,110,11815,b189ec765aa7ed75c8acfea42df31fdae71f97be,H
mmlu_pro:test:12041,engineering,10,209,11816,b189ec765aa7ed75c8acfea42df31fdae71f97be,H
mmlu_pro:test:12042,engineering,10,275,11817,b189ec765aa7ed75c8acfea42df31fdae71f97be,H
mmlu_pro:test:12043,engineering,10,301,11818,b189ec765aa7ed75c8acfea42df31fdae71f97be,D
mmlu_pro:test:12044,engineering,10,405,11819,b189ec765aa7ed75c8acfea42df31fdae71f97be,D
mmlu_pro:test:12045,engineering,10,174,11820,b189ec765aa7ed75c8acfea42df31fdae71f97be,J
mmlu_pro:test:12046,engineering,10,208,11821,b189ec765aa7ed75c8acfea42df31fdae71f97be,A
mmlu_pro:test:12047,engineering,10,80,11822,b189ec765aa7ed75c8acfea42df31fdae71f97be,I
mmlu_pro:test:12048,engineering,10,94,11823,b189ec765aa7ed75c8acfea42df31fdae71f97be,J
mmlu_pro:test:12049,engineering,10,45,11824,b189ec765aa7ed75c8acfea42df31fdae71f97be,G
mmlu_pro:test:12050,engineering,10,70,11825,b189ec765aa7ed75c8acfea42df31fdae71f97be,J
mmlu_pro:test:12051,engineering,10,65,11826,b189ec765aa7ed75c8acfea42df31fdae71f97be,H
mmlu_pro:test:12052,engineering,4,73,11827,b189ec765aa7ed75c8acfea42df31fdae71f97be,B
mmlu_pro:test:12053,engineering,10,411,11828,b189ec765aa7ed75c8acfea42df31fdae71f97be,F
mmlu_pro:test:12054,engineering,10,456,11829,b189ec765aa7ed75c8acfea42df31fdae71f97be,A
mmlu_pro:test:12055,engineering,10,417,11830,b189ec765aa7ed75c8acfea42df31fdae71f97be,D
mmlu_pro:test:12057,engineering,10,263,11832,b189ec765aa7ed75c8acfea42df31fdae71f97be,D
mmlu_pro:test:12058,engineering,10,303,11833,b189ec765aa7ed75c8acfea42df31fdae71f97be,F
mmlu_pro:test:12059,engineering,10,359,11834,b189ec765aa7ed75c8acfea42df31fdae71f97be,A
mmlu_pro:test:12060,engineering,4,258,11835,b189ec765aa7ed75c8acfea42df31fdae71f97be,A
mmlu_pro:test:12061,engineering,10,133,11836,b189ec765aa7ed75c8acfea42df31fdae71f97be,A
mmlu_pro:test:12062,engineering,10,347,11837,b189ec765aa7ed75c8acfea42df31fdae71f97be,H
mmlu_pro:test:12063,engineering,10,344,11838,b189ec765aa7ed75c8acfea42df31fdae71f97be,B
mmlu_pro:test:12064,engineering,10,175,11839,b189ec765aa7ed75c8acfea42df31fdae71f97be,B
mmlu_pro:test:12065,engineering,9,1084,11840,b189ec765aa7ed75c8acfea42df31fdae71f97be,H
mmlu_pro:test:12066,engineering,10,283,11841,b189ec765aa7ed75c8acfea42df31fdae71f97be,G
mmlu_pro:test:12068,engineering,10,224,11843,b189ec765aa7ed75c8acfea42df31fdae71f97be,D
mmlu_pro:test:12069,engineering,10,355,11844,b189ec765aa7ed75c8acfea42df31fdae71f97be,H
mmlu_pro:test:12070,engineering,4,340,11845,b189ec765aa7ed75c8acfea42df31fdae71f97be,D
mmlu_pro:test:12071,engineering,10,191,11846,b189ec765aa7ed75c8acfea42df31fdae71f97be,J
mmlu_pro:test:12072,engineering,10,308,11847,b189ec765aa7ed75c8acfea42df31fdae71f97be,G
mmlu_pro:test:12073,engineering,10,496,11848,b189ec765aa7ed75c8acfea42df31fdae71f97be,H
mmlu_pro:test:12074,engineering,10,233,11849,b189ec765aa7ed75c8acfea42df31fdae71f97be,B
mmlu_pro:test:12075,engineering,10,341,11850,b189ec765aa7ed75c8acfea42df31fdae71f97be,H
mmlu_pro:test:12076,engineering,10,283,11851,b189ec765aa7ed75c8acfea42df31fdae71f97be,J
mmlu_pro:test:12077,engineering,10,143,11852,b189ec765aa7ed75c8acfea42df31fdae71f97be,I
mmlu_pro:test:12078,engineering,10,415,11853,b189ec765aa7ed75c8acfea42df31fdae71f97be,F
mmlu_pro:test:12079,engineering,10,122,11854,b189ec765aa7ed75c8acfea42df31fdae71f97be,B
mmlu_pro:test:12080,engineering,10,375,11855,b189ec765aa7ed75c8acfea42df31fdae71f97be,B
mmlu_pro:test:12081,engineering,10,278,11856,b189ec765aa7ed75c8acfea42df31fdae71f97be,D
mmlu_pro:test:12082,engineering,10,297,11857,b189ec765aa7ed75c8acfea42df31fdae71f97be,D
mmlu_pro:test:12083,engineering,10,198,11858,b189ec765aa7ed75c8acfea42df31fdae71f97be,G
mmlu_pro:test:12084,engineering,10,514,11859,b189ec765aa7ed75c8acfea42df31fdae71f97be,D
mmlu_pro:test:12085,engineering,10,114,11860,b189ec765aa7ed75c8acfea42df31fdae71f97be,F
mmlu_pro:test:12086,engineering,10,117,11861,b189ec765aa7ed75c8acfea42df31fdae71f97be,H
mmlu_pro:test:12087,engineering,10,148,11862,b189ec765aa7ed75c8acfea42df31fdae71f97be,D
mmlu_pro:test:12088,engineering,10,208,11863,b189ec765aa7ed75c8acfea42df31fdae71f97be,C
mmlu_pro:test:12089,engineering,10,145,11864,b189ec765aa7ed75c8acfea42df31fdae71f97be,A
mmlu_pro:test:12090,engineering,10,177,11865,b189ec765aa7ed75c8acfea42df31fdae71f97be,E
mmlu_pro:test:12091,engineering,4,1251,11866,b189ec765aa7ed75c8acfea42df31fdae71f97be,A
mmlu_pro:test:12092,engineering,10,202,11867,b189ec765aa7ed75c8acfea42df31fdae71f97be,C
mmlu_pro:test:12093,engineering,10,294,11868,b189ec765aa7ed75c8acfea42df31fdae71f97be,E
mmlu_pro:test:12094,engineering,10,231,11869,b189ec765aa7ed75c8acfea42df31fdae71f97be,J
mmlu_pro:test:12095,engineering,10,401,11870,b189ec765aa7ed75c8acfea42df31fdae71f97be,I
mmlu_pro:test:12096,engineering,10,62,11871,b189ec765aa7ed75c8acfea42df31fdae71f97be,B
mmlu_pro:test:12097,engineering,10,339,11872,b189ec765aa7ed75c8acfea42df31fdae71f97be,A
mmlu_pro:test:12098,engineering,10,563,11873,b189ec765aa7ed75c8acfea42df31fdae71f97be,J
mmlu_pro:test:12099,engineering,10,237,11874,b189ec765aa7ed75c8acfea42df31fdae71f97be,A
mmlu_pro:test:12100,engineering,10,465,11875,b189ec765aa7ed75c8acfea42df31fdae71f97be,I
mmlu_pro:test:12101,engineering,10,329,11876,b189ec765aa7ed75c8acfea42df31fdae71f97be,G
mmlu_pro:test:12102,engineering,10,458,11877,b189ec765aa7ed75c8acfea42df31fdae71f97be,C
mmlu_pro:test:12104,engineering,10,176,11879,b189ec765aa7ed75c8acfea42df31fdae71f97be,E
mmlu_pro:test:12105,engineering,10,471,11880,b189ec765aa7ed75c8acfea42df31fdae71f97be,E
mmlu_pro:test:12106,engineering,10,221,11881,b189ec765aa7ed75c8acfea42df31fdae71f97be,E
mmlu_pro:test:12108,engineering,10,213,11883,b189ec765aa7ed75c8acfea42df31fdae71f97be,B
mmlu_pro:test:12110,engineering,10,218,11885,b189ec765aa7ed75c8acfea42df31fdae71f97be,F
mmlu_pro:test:12111,engineering,10,257,11886,b189ec765aa7ed75c8acfea42df31fdae71f97be,E
mmlu_pro:test:12112,engineering,10,288,11887,b189ec765aa7ed75c8acfea42df31fdae71f97be,I
mmlu_pro:test:12113,engineering,10,559,11888,b189ec765aa7ed75c8acfea42df31fdae71f97be,G
mmlu_pro:test:12114,engineering,10,468,11889,b189ec765aa7ed75c8acfea42df31fdae71f97be,F
mmlu_pro:test:12115,engineering,10,288,11890,b189ec765aa7ed75c8acfea42df31fdae71f97be,B
mmlu_pro:test:12116,engineering,10,146,11891,b189ec765aa7ed75c8acfea42df31fdae71f97be,F
mmlu_pro:test:12117,engineering,10,835,11892,b189ec765aa7ed75c8acfea42df31fdae71f97be,H
mmlu_pro:test:12118,engineering,10,374,11893,b189ec765aa7ed75c8acfea42df31fdae71f97be,A
mmlu_pro:test:12119,engineering,10,258,11894,b189ec765aa7ed75c8acfea42df31fdae71f97be,F
mmlu_pro:test:12120,engineering,10,239,11895,b189ec765aa7ed75c8acfea42df31fdae71f97be,E
mmlu_pro:test:12121,engineering,10,529,11896,b189ec765aa7ed75c8acfea42df31fdae71f97be,I
mmlu_pro:test:12122,engineering,10,49,11897,b189ec765aa7ed75c8acfea42df31fdae71f97be,A
mmlu_pro:test:12124,engineering,9,183,11899,b189ec765aa7ed75c8acfea42df31fdae71f97be,D
mmlu_pro:test:12125,engineering,10,49,11900,b189ec765aa7ed75c8acfea42df31fdae71f97be,E
mmlu_pro:test:12126,engineering,10,67,11901,b189ec765aa7ed75c8acfea42df31fdae71f97be,J
mmlu_pro:test:12127,engineering,10,78,11902,b189ec765aa7ed75c8acfea42df31fdae71f97be,A
mmlu_pro:test:12128,engineering,10,102,11903,b189ec765aa7ed75c8acfea42df31fdae71f97be,H
mmlu_pro:test:12129,engineering,10,75,11904,b189ec765aa7ed75c8acfea42df31fdae71f97be,I
mmlu_pro:test:12130,engineering,4,187,11905,b189ec765aa7ed75c8acfea42df31fdae71f97be,C
mmlu_pro:test:12131,engineering,10,256,11906,b189ec765aa7ed75c8acfea42df31fdae71f97be,I
mmlu_pro:test:12132,engineering,10,602,11907,b189ec765aa7ed75c8acfea42df31fdae71f97be,G
mmlu_pro:test:12133,engineering,10,184,11908,b189ec765aa7ed75c8acfea42df31fdae71f97be,B
mmlu_pro:test:12134,engineering,10,191,11909,b189ec765aa7ed75c8acfea42df31fdae71f97be,C
mmlu_pro:test:12135,engineering,10,420,11910,b189ec765aa7ed75c8acfea42df31fdae71f97be,I
mmlu_pro:test:12136,engineering,10,321,11911,b189ec765aa7ed75c8acfea42df31fdae71f97be,G
mmlu_pro:test:12137,engineering,10,482,11912,b189ec765aa7ed75c8acfea42df31fdae71f97be,J
mmlu_pro:test:12138,engineering,9,353,11913,b189ec765aa7ed75c8acfea42df31fdae71f97be,I
mmlu_pro:test:12139,engineering,10,166,11914,b189ec765aa7ed75c8acfea42df31fdae71f97be,D
mmlu_pro:test:12140,engineering,10,53,11915,b189ec765aa7ed75c8acfea42df31fdae71f97be,E
mmlu_pro:test:12141,engineering,10,193,11916,b189ec765aa7ed75c8acfea42df31fdae71f97be,G
mmlu_pro:test:12142,engineering,10,312,11917,b189ec765aa7ed75c8acfea42df31fdae71f97be,G
mmlu_pro:test:12143,engineering,10,204,11918,b189ec765aa7ed75c8acfea42df31fdae71f97be,H
mmlu_pro:test:12144,engineering,10,321,11919,b189ec765aa7ed75c8acfea42df31fdae71f97be,I
mmlu_pro:test:12145,engineering,10,174,11920,b189ec765aa7ed75c8acfea42df31fdae71f97be,A
mmlu_pro:test:12146,engineering,10,571,11921,b189ec765aa7ed75c8acfea42df31fdae71f97be,B
mmlu_pro:test:12147,engineering,10,220,11922,b189ec765aa7ed75c8acfea42df31fdae71f97be,I
mmlu_pro:test:12148,engineering,10,246,11923,b189ec765aa7ed75c8acfea42df31fdae71f97be,C
mmlu_pro:test:12149,engineering,10,189,11924,b189ec765aa7ed75c8acfea42df31fdae71f97be,E
mmlu_pro:test:12150,engineering,10,172,11925,b189ec765aa7ed75c8acfea42df31fdae71f97be,F
mmlu_pro:test:12151,engineering,10,442,11926,b189ec765aa7ed75c8acfea42df31fdae71f97be,H
mmlu_pro:test:12152,engineering,10,677,11927,b189ec765aa7ed75c8acfea42df31fdae71f97be,F
mmlu_pro:test:12153,engineering,10,197,11928,b189ec765aa7ed75c8acfea42df31fdae71f97be,B
mmlu_pro:test:12154,engineering,10,189,11929,b189ec765aa7ed75c8acfea42df31fdae71f97be,E
mmlu_pro:test:12155,engineering,10,176,11930,b189ec765aa7ed75c8acfea42df31fdae71f97be,I
mmlu_pro:test:12156,engineering,10,83,11931,b189ec765aa7ed75c8acfea42df31fdae71f97be,I
mmlu_pro:test:12157,engineering,10,320,11932,b189ec765aa7ed75c8acfea42df31fdae71f97be,J
mmlu_pro:test:12158,engineering,10,264,11933,b189ec765aa7ed75c8acfea42df31fdae71f97be,F
mmlu_pro:test:12159,engineering,10,137,11934,b189ec765aa7ed75c8acfea42df31fdae71f97be,C
mmlu_pro:test:12160,engineering,10,173,11935,b189ec765aa7ed75c8acfea42df31fdae71f97be,C
mmlu_pro:test:12161,engineering,10,282,11936,b189ec765aa7ed75c8acfea42df31fdae71f97be,J
mmlu_pro:test:12162,engineering,10,398,11937,b189ec765aa7ed75c8acfea42df31fdae71f97be,J
mmlu_pro:test:12163,engineering,10,122,11938,b189ec765aa7ed75c8acfea42df31fdae71f97be,D
mmlu_pro:test:12164,engineering,10,356,11939,b189ec765aa7ed75c8acfea42df31fdae71f97be,A
mmlu_pro:test:12165,engineering,4,289,11940,b189ec765aa7ed75c8acfea42df31fdae71f97be,D
mmlu_pro:test:12166,engineering,10,407,11941,b189ec765aa7ed75c8acfea42df31fdae71f97be,C
mmlu_pro:test:12167,engineering,10,477,11942,b189ec765aa7ed75c8acfea42df31fdae71f97be,G
mmlu_pro:test:12168,engineering,10,70,11943,b189ec765aa7ed75c8acfea42df31fdae71f97be,A
mmlu_pro:test:12169,engineering,10,193,11944,b189ec765aa7ed75c8acfea42df31fdae71f97be,A
mmlu_pro:test:12170,engineering,10,375,11945,b189ec765aa7ed75c8acfea42df31fdae71f97be,C
mmlu_pro:test:12171,engineering,10,566,11946,b189ec765aa7ed75c8acfea42df31fdae71f97be,B
mmlu_pro:test:12172,engineering,10,303,11947,b189ec765aa7ed75c8acfea42df31fdae71f97be,B
mmlu_pro:test:12173,engineering,10,442,11948,b189ec765aa7ed75c8acfea42df31fdae71f97be,A
mmlu_pro:test:12174,engineering,10,260,11949,b189ec765aa7ed75c8acfea42df31fdae71f97be,C
mmlu_pro:test:12176,engineering,10,153,11951,b189ec765aa7ed75c8acfea42df31fdae71f97be,I
mmlu_pro:test:12177,engineering,10,290,11952,b189ec765aa7ed75c8acfea42df31fdae71f97be,H
mmlu_pro:test:12178,engineering,10,83,11953,b189ec765aa7ed75c8acfea42df31fdae71f97be,A
mmlu_pro:test:12179,engineering,10,198,11954,b189ec765aa7ed75c8acfea42df31fdae71f97be,H
mmlu_pro:test:12180,engineering,10,125,11955,b189ec765aa7ed75c8acfea42df31fdae71f97be,H
mmlu_pro:test:12181,engineering,10,219,11956,b189ec765aa7ed75c8acfea42df31fdae71f97be,G
mmlu_pro:test:12182,engineering,10,192,11957,b189ec765aa7ed75c8acfea42df31fdae71f97be,B
mmlu_pro:test:12183,engineering,9,94,11958,b189ec765aa7ed75c8acfea42df31fdae71f97be,G
mmlu_pro:test:12184,engineering,10,228,11959,b189ec765aa7ed75c8acfea42df31fdae71f97be,I
mmlu_pro:test:12186,engineering,10,204,11961,b189ec765aa7ed75c8acfea42df31fdae71f97be,F
mmlu_pro:test:12187,engineering,10,149,11962,b189ec765aa7ed75c8acfea42df31fdae71f97be,B
mmlu_pro:test:12188,engineering,10,320,11963,b189ec765aa7ed75c8acfea42df31fdae71f97be,E
mmlu_pro:test:12189,engineering,10,955,11964,b189ec765aa7ed75c8acfea42df31fdae71f97be,C
mmlu_pro:test:12190,engineering,10,187,11965,b189ec765aa7ed75c8acfea42df31fdae71f97be,J
mmlu_pro:test:12191,engineering,10,291,11966,b189ec765aa7ed75c8acfea42df31fdae71f97be,F
mmlu_pro:test:12192,engineering,4,85,11967,b189ec765aa7ed75c8acfea42df31fdae71f97be,C
mmlu_pro:test:12193,engineering,4,43,11968,b189ec765aa7ed75c8acfea42df31fdae71f97be,C
mmlu_pro:test:12194,engineering,10,55,11969,b189ec765aa7ed75c8acfea42df31fdae71f97be,D
mmlu_pro:test:12195,engineering,10,159,11970,b189ec765aa7ed75c8acfea42df31fdae71f97be,B
mmlu_pro:test:12196,engineering,9,245,11971,b189ec765aa7ed75c8acfea42df31fdae71f97be,H
mmlu_pro:test:12197,engineering,10,262,11972,b189ec765aa7ed75c8acfea42df31fdae71f97be,E
mmlu_pro:test:12198,engineering,10,261,11973,b189ec765aa7ed75c8acfea42df31fdae71f97be,A
mmlu_pro:test:12199,engineering,4,337,11974,b189ec765aa7ed75c8acfea42df31fdae71f97be,D
mmlu_pro:test:12200,engineering,10,147,11975,b189ec765aa7ed75c8acfea42df31fdae71f97be,F
mmlu_pro:test:12201,engineering,10,105,11976,b189ec765aa7ed75c8acfea42df31fdae71f97be,B
mmlu_pro:test:12202,engineering,10,315,11977,b189ec765aa7ed75c8acfea42df31fdae71f97be,D
mmlu_pro:test:12203,engineering,10,416,11978,b189ec765aa7ed75c8acfea42df31fdae71f97be,B
mmlu_pro:test:12204,engineering,10,842,11979,b189ec765aa7ed75c8acfea42df31fdae71f97be,E
mmlu_pro:test:12205,engineering,10,556,11980,b189ec765aa7ed75c8acfea42df31fdae71f97be,A
mmlu_pro:test:12206,engineering,10,772,11981,b189ec765aa7ed75c8acfea42df31fdae71f97be,E
mmlu_pro:test:12207,engineering,10,162,11982,b189ec765aa7ed75c8acfea42df31fdae71f97be,H
mmlu_pro:test:12208,engineering,10,120,11983,b189ec765aa7ed75c8acfea42df31fdae71f97be,B
mmlu_pro:test:12209,engineering,10,1014,11984,b189ec765aa7ed75c8acfea42df31fdae71f97be,E
mmlu_pro:test:12210,engineering,10,308,11985,b189ec765aa7ed75c8acfea42df31fdae71f97be,H
mmlu_pro:test:12211,engineering,10,247,11986,b189ec765aa7ed75c8acfea42df31fdae71f97be,D
mmlu_pro:test:12212,engineering,10,299,11987,b189ec765aa7ed75c8acfea42df31fdae71f97be,J
mmlu_pro:test:12213,engineering,10,430,11988,b189ec765aa7ed75c8acfea42df31fdae71f97be,I
mmlu_pro:test:12214,engineering,10,510,11989,b189ec765aa7ed75c8acfea42df31fdae71f97be,J
mmlu_pro:test:12215,engineering,10,196,11990,b189ec765aa7ed75c8acfea42df31fdae71f97be,A
mmlu_pro:test:12216,engineering,10,188,11991,b189ec765aa7ed75c8acfea42df31fdae71f97be,E
mmlu_pro:test:12217,engineering,10,147,11992,b189ec765aa7ed75c8acfea42df31fdae71f97be,G
mmlu_pro:test:12218,engineering,10,188,11993,b189ec765aa7ed75c8acfea42df31fdae71f97be,H
mmlu_pro:test:12219,engineering,10,155,11994,b189ec765aa7ed75c8acfea42df31fdae71f97be,C
mmlu_pro:test:12220,engineering,10,125,11995,b189ec765aa7ed75c8acfea42df31fdae71f97be,I
mmlu_pro:test:12221,engineering,10,197,11996,b189ec765aa7ed75c8acfea42df31fdae71f97be,H
mmlu_pro:test:12222,engineering,10,173,11997,b189ec765aa7ed75c8acfea42df31fdae71f97be,E
mmlu_pro:test:12223,engineering,10,117,11998,b189ec765aa7ed75c8acfea42df31fdae71f97be,E
mmlu_pro:test:12224,engineering,10,185,11999,b189ec765aa7ed75c8acfea42df31fdae71f97be,A
mmlu_pro:test:12225,engineering,10,173,12000,b189ec765aa7ed75c8acfea42df31fdae71f97be,E
mmlu_pro:test:12226,engineering,10,269,12001,b189ec765aa7ed75c8acfea42df31fdae71f97be,C
mmlu_pro:test:12227,engineering,10,174,12002,b189ec765aa7ed75c8acfea42df31fdae71f97be,A
mmlu_pro:test:12228,engineering,10,186,12003,b189ec765aa7ed75c8acfea42df31fdae71f97be,D
mmlu_pro:test:12229,engineering,10,288,12004,b189ec765aa7ed75c8acfea42df31fdae71f97be,C
mmlu_pro:test:12230,engineering,10,456,12005,b189ec765aa7ed75c8acfea42df31fdae71f97be,A
mmlu_pro:test:12231,engineering,10,270,12006,b189ec765aa7ed75c8acfea42df31fdae71f97be,I
mmlu_pro:test:12232,engineering,10,285,12007,b189ec765aa7ed75c8acfea42df31fdae71f97be,G
mmlu_pro:test:12233,engineering,10,122,12008,b189ec765aa7ed75c8acfea42df31fdae71f97be,F
mmlu_pro:test:12234,engineering,10,530,12009,b189ec765aa7ed75c8acfea42df31fdae71f97be,G
mmlu_pro:test:12235,engineering,10,717,12010,b189ec765aa7ed75c8acfea42df31fdae71f97be,E
mmlu_pro:test:12236,engineering,7,239,12011,b189ec765aa7ed75c8acfea42df31fdae71f97be,D
mmlu_pro:test:12237,engineering,10,437,12012,b189ec765aa7ed75c8acfea42df31fdae71f97be,J
mmlu_pro:test:12238,engineering,10,143,12013,b189ec765aa7ed75c8acfea42df31fdae71f97be,I
mmlu_pro:test:12239,engineering,10,171,12014,b189ec765aa7ed75c8acfea42df31fdae71f97be,G
mmlu_pro:test:12240,engineering,10,262,12015,b189ec765aa7ed75c8acfea42df31fdae71f97be,A
mmlu_pro:test:12241,engineering,10,274,12016,b189ec765aa7ed75c8acfea42df31fdae71f97be,J
mmlu_pro:test:12242,engineering,10,436,12017,b189ec765aa7ed75c8acfea42df31fdae71f97be,A
mmlu_pro:test:12243,engineering,10,265,12018,b189ec765aa7ed75c8acfea42df31fdae71f97be,A
mmlu_pro:test:12244,engineering,10,416,12019,b189ec765aa7ed75c8acfea42df31fdae71f97be,I
mmlu_pro:test:12245,engineering,10,320,12020,b189ec765aa7ed75c8acfea42df31fdae71f97be,A
mmlu_pro:test:12246,engineering,10,106,12021,b189ec765aa7ed75c8acfea42df31fdae71f97be,J
mmlu_pro:test:12247,engineering,10,362,12022,b189ec765aa7ed75c8acfea42df31fdae71f97be,J
mmlu_pro:test:12248,engineering,10,277,12023,b189ec765aa7ed75c8acfea42df31fdae71f97be,B
mmlu_pro:test:12249,engineering,10,340,12024,b189ec765aa7ed75c8acfea42df31fdae71f97be,D
mmlu_pro:test:12250,engineering,10,102,12025,b189ec765aa7ed75c8acfea42df31fdae71f97be,G
mmlu_pro:test:12251,engineering,10,408,12026,b189ec765aa7ed75c8acfea42df31fdae71f97be,E
mmlu_pro:test:12252,engineering,10,383,12027,b189ec765aa7ed75c8acfea42df31fdae71f97be,J
mmlu_pro:test:12253,engineering,10,418,12028,b189ec765aa7ed75c8acfea42df31fdae71f97be,H
mmlu_pro:test:12254,engineering,10,273,12029,b189ec765aa7ed75c8acfea42df31fdae71f97be,F
mmlu_pro:test:12255,engineering,10,280,12030,b189ec765aa7ed75c8acfea42df31fdae71f97be,I
mmlu_pro:test:12256,engineering,10,152,12031,b189ec765aa7ed75c8acfea42df31fdae71f97be,F
